doc_id,split,url
1,train,https://glints.com/id/opportunities/jobs/helper-driver-pengiriman/b19d05f8-e993-4004-ae6d-ce623105be39
2,train,https://glints.com/id/opportunities/jobs/administrator-hr/9647f95e-17e7-462b-83ff-321efebb8a53
3,train,https://glints.com/id/opportunities/jobs/beautician/f79c7a15-cfca-48ae-91ee-29417e3df504
4,train,https://glints.com/id/opportunities/jobs/learning-and-people-culture/80ce9103-1009-45e2-a437-40e5658cee08
5,validation,https://glints.com/id/opportunities/jobs/cs-admin-data-entry/fd627a4c-e422-4399-9841-abc715de53b2
6,train,https://glints.com/id/opportunities/jobs/telemarketing/ddb47b12-67ab-42ac-91ba-9fc66325d2cf
7,train,https://glints.com/id/opportunities/jobs/staf-gudang/2bda38f9-f6e4-4335-80f9-c108a93fef3b
8,train,https://glints.com/id/opportunities/jobs/shopkeeper-palembang/e292b0a9-17dc-4240-a437-26a3aefdfda3
9,test,https://glints.com/id/opportunities/jobs/guru-toddler-and-preschool/43156121-45e5-43ae-b5d1-1beee37068e8
10,train,https://dealls.com/loker/marketing-heavy-equipment-staff~pt-indomobil-finance-indonesia
11,train,https://glints.com/id/opportunities/jobs/technical-support/b3d7e3b2-a183-4de1-ae9b-81ce0d287316
12,validation,https://dealls.com/loker/purchasing-coordinator~istana-mote
13,test,https://glints.com/id/opportunities/jobs/office-boy/dff5f68a-4e38-457a-984b-3bef676cd520
14,train,https://glints.com/id/opportunities/jobs/admin/73c16f22-6f2e-4a81-9b01-8c4a0ee5a972
15,train,https://glints.com/id/opportunities/jobs/admin-staff/1d54d420-bb40-4587-a76c-ae1e8f0e1435
16,train,https://glints.com/id/opportunities/jobs/business-development/df40d668-a459-4574-ad4f-607b0d7f0077
17,train,https://dealls.com/loker/desk-collection-9~pt-colmitra-persada-indonesia%26hl%3Den%26sl%3Did%26tl%3Den%26client%3Dsearch
18,test,https://glints.com/id/opportunities/jobs/host-live-streaming/29cabe53-da30-493d-9212-6d90c6157413
19,train,https://glints.com/id/opportunities/jobs/recruitment-intern/e36caf8b-a98c-4c70-941c-19482667b3bc
20,train,https://glints.com/id/opportunities/jobs/operator-photobooth/943e2052-d24a-4893-ac26-ef787af3f393
21,train,https://glints.com/id/opportunities/jobs/kasir-ritel/b586ec1d-9e72-48b5-936a-be83389ab32a
22,train,https://dealls.com/loker/podcast-videographer~yayasan-cinta-quran-global
23,train,https://glints.com/id/opportunities/jobs/human-resources/c0add213-829b-4eab-b652-f9e9c6e3e4dc
24,test,https://glints.com/id/opportunities/jobs/petugas-kebersihan-cleaning-service/d27056af-ba24-4678-a3e3-d05855c4584d
25,train,https://dealls.com/loker/commercial-vehicle-department-head~pt-indomobil-finance-indonesia
26,train,https://dealls.com/loker/guru-sd-1~iblam-school-of-law
27,test,https://dealls.com/loker/staff-warehouse-2~trial-betonperkasacom
28,train,https://glints.com/id/opportunities/jobs/finance-staff/9e0075b5-7d44-491b-a695-19379f2e63bf
29,train,https://glints.com/id/opportunities/jobs/business-development/a0cc4210-954c-438e-8f31-d9dab19af769
30,test,https://glints.com/id/opportunities/jobs/customer-experience/57f8552f-cbd6-4422-8098-75304599f858
31,train,https://glints.com/id/opportunities/jobs/satpam/da0d0d04-7f9a-4dc0-9c97-78cf92460b03
32,train,https://dealls.com/loker/ga-rmcc-pekalongan-factory~pou-chen-group-indonesia
33,train,https://glints.com/id/opportunities/jobs/hr-and-people-operations/1b6d4957-7c4d-48f2-b070-efcba7e0ff24
34,test,https://glints.com/id/opportunities/jobs/plan-and-design-supervisor/039ab4cb-e10f-453d-8236-d9d1ea3ee1f7
35,train,https://glints.com/id/opportunities/jobs/e-commerce-specialist/0cbf96c6-99ed-45f2-9861-741a633a1dcf
36,train,https://dealls.com/loker/syariah-financial-advisor~firman-advisory
37,train,https://glints.com/id/opportunities/jobs/office-boy/76291dd4-0a69-44f1-92f5-8c20a356ef50
38,train,https://glints.com/id/opportunities/jobs/admin-logistik-depo-yogyakarta/a54974c8-ee6f-418e-9c1e-e18fe9b7cd2f
39,train,https://glints.com/id/opportunities/jobs/smart-assistant-remote-part-time/67b05b1d-f547-4d33-ace8-05bcdb83966b
40,train,https://dealls.com/loker/software-engineer-backend-48~pt-gdc-multi-sarana
41,train,https://glints.com/id/opportunities/jobs/staf-administrasi/10d6dbb8-72fc-4c2d-aad5-3044f099c7b5
42,train,https://dealls.com/loker/operation-monitoring~eps-telecom-solutions
43,train,https://glints.com/id/opportunities/jobs/staff-delivery-roda-4/6a8406f1-1a4a-4596-a6ca-45ac7fad7003
44,test,https://glints.com/id/opportunities/jobs/perawat-lansia/3f00ea47-ee37-4756-b82b-c2b26398010c
45,train,https://dealls.com/loker/quality-control-8~pt-inti-berkat-jaya
46,train,https://dealls.com/loker/spesialis-alat-kesehatan-sales-marketing~pt-rimatandu-motaro-pratama
47,train,https://glints.com/id/opportunities/jobs/staff-produksi/eac2033b-508c-45db-a2b5-73b5eb4f264b
48,test,https://glints.com/id/opportunities/jobs/admin-marketplace/e8343a5a-f1b9-43ab-9db9-539a3ff32f5a
49,validation,https://glints.com/id/opportunities/jobs/mekanik/5e34e89c-75ee-47fc-a233-5500067a6730
50,train,https://glints.com/id/opportunities/jobs/full-stack-developer/becf3c69-bb65-4f62-a127-5a96aaae744d
51,train,https://glints.com/id/opportunities/jobs/site-supervisor/5f71259f-365e-4bb8-8dfc-6936d0b1fc55
52,train,https://glints.com/id/opportunities/jobs/desk-collection/08f76244-ee89-43d0-94e6-1ca9ef729642
53,validation,https://dealls.com/loker/host-live-streaming-84~united-creative
54,train,https://glints.com/id/opportunities/jobs/purchasing-retail-bahan-bangunan/e132a4d4-4c27-4ac9-aba8-cd0c92651d2d
55,train,https://dealls.com/loker/personal-trainer-gym-surabaya~vectorlabscoid
56,train,https://dealls.com/loker/operational-manager-garment-b2b~trial-jawaratigasekawancom
57,validation,https://glints.com/id/opportunities/jobs/junior-pastry/7ce88115-f1e0-4391-819b-42d0405c511b
58,train,https://dealls.com/loker/sales-consultant-officer-surabaya~papandayan-cargo
59,train,https://dealls.com/loker/admin-qms~pou-chen-group-indonesia
60,train,https://glints.com/id/opportunities/jobs/admin-operasional/4366dfac-3011-4a0f-821f-188850518428
61,train,https://dealls.com/loker/teknisi-staff-1~segari
62,test,https://dealls.com/loker/teknisi-5~brik
63,train,https://glints.com/id/opportunities/jobs/area-manager-purwakarta/4316adde-c2e8-49ff-ae5b-4ac78a8ea096
64,train,https://dealls.com/loker/freelance-local-content-creator~lindungihutan
65,train,https://glints.com/id/opportunities/jobs/seo-specialist/754b0d71-ec19-4f85-8e4a-687d8666389f
66,test,https://glints.com/id/opportunities/jobs/host-live-streaming/cbb3a938-2746-4a54-b0cd-14ac8f96d831
67,train,https://glints.com/id/opportunities/jobs/crew-store/f4a2b285-af4c-4dad-966b-8fe70f0560dd
68,train,https://glints.com/id/opportunities/jobs/pramuniaga/369638e6-e65d-45e1-b5b9-3f34a278be81
69,train,https://dealls.com/loker/welding-supervisor-1~trial-betonperkasacom
70,test,https://glints.com/id/opportunities/jobs/tenaga-produksi/15423de3-26fa-419d-ae48-dc87dde23f3f
71,test,https://dealls.com/loker/admin-staff-office-staff-admin-1~pt-cs2-pola-sehat
72,train,https://glints.com/id/opportunities/jobs/admin-data/32a7c1fe-18f9-4635-be4a-571617fd2b88
73,train,https://glints.com/id/opportunities/jobs/operator-produksi/0372194c-54a8-4f07-bbfa-059a871c95e8
74,train,https://glints.com/id/opportunities/jobs/sales-marketing/b79acaca-eee1-43b7-8fb9-c3e4deede8bc
75,train,https://dealls.com/loker/intern-admin-afiliasi~pt-global-jaya-ultime
76,test,https://dealls.com/loker/freelance-gallery-staff~pt-mecapan-kreasi-indonesia
77,train,https://glints.com/id/opportunities/jobs/crew-produksi-depok/16972876-8472-40ab-99fd-efaf1eadd692
78,train,https://dealls.com/loker/staff-finance-accounting-tax~cahayapratamainternasional
79,train,https://glints.com/id/opportunities/jobs/admin-pembelian-dan-operasional-bahan-bangunan/10bb0d52-7c41-4300-87c3-e107a8267429
80,test,https://glints.com/id/opportunities/jobs/head-of-legal/fcbac1ee-33b2-4276-a2b7-afbc715eb216
81,test,https://glints.com/id/opportunities/jobs/content-creator/e6ab7549-1f1b-4692-a609-88e2d2292431
82,train,https://dealls.com/loker/marketing-5~ibsieducationcom
83,train,https://dealls.com/loker/head-of-legal-1~anteraja
84,validation,https://dealls.com/loker/host-live-23~trial-flymannathaliecom
85,test,https://glints.com/id/opportunities/jobs/operator-loader/d35082c8-e9ae-4cd4-a689-e85e51b9f120
86,train,https://glints.com/id/opportunities/jobs/barista/5a50b605-5543-471b-a1b8-da4afcd3f70a
87,train,https://glints.com/id/opportunities/jobs/staff-gudang-cab-salatiga/0ee1491b-1d13-49ec-9386-9e4bfe20385a
88,train,https://glints.com/id/opportunities/jobs/customer-service/4169e3f7-0fa3-45dc-a60d-d54dded2d485
89,test,https://glints.com/id/opportunities/jobs/regulatory-consultant/0e36b69a-f51c-47be-a1be-1a8560c4ddd8
90,train,https://glints.com/id/opportunities/jobs/production-assistant/1c25ed71-2a74-4c6c-98e7-9328a7b846a5
91,test,https://glints.com/id/opportunities/jobs/customer-care/888e5c93-f831-44c0-80a6-e645589ade53
92,train,https://glints.com/id/opportunities/jobs/staff-outlet-tasikmalaya/86049451-16f7-4ee1-867f-a643fab48516
93,train,https://glints.com/id/opportunities/jobs/admin-finance/cc39763e-a92a-4412-95a8-a40a245d6b7e
94,test,https://dealls.com/loker/lease-asset-procurement-and-management~pt-sokka-tama-fiber
95,train,https://glints.com/id/opportunities/jobs/driver/44062f8f-3d9e-452c-972e-9639b4178dcd
96,test,https://glints.com/id/opportunities/jobs/maintenance-staff-khusus-restaurant-bogor/6bc5c5da-eec2-40f1-b4c8-236472768540
97,train,https://glints.com/id/opportunities/jobs/customer-service/1b582c91-5e5b-4b8e-8b43-3c7a22f4771c
98,train,https://dealls.com/loker/channel-account-manager-2~pt-qtera-mandiri
99,train,https://dealls.com/loker/design-grafis-4~green-park-group
100,validation,https://glints.com/id/opportunities/jobs/host-live-stream/187ab547-83d5-42be-bc4d-f5bfb880cd4d
101,test,https://glints.com/id/opportunities/jobs/executive-personal-assistant-bapak-direktur/10cb363d-ebce-430d-bce3-05a52058aa0a
102,validation,https://glints.com/id/opportunities/jobs/environmental-and-sustainability-consultant/1200a8cc-4e22-4db7-8198-364b83f8ff2b
103,validation,https://glints.com/id/opportunities/jobs/crew-store/6ce1aba5-710b-48bd-b749-35ac572dd226
104,train,https://dealls.com/loker/sales-executive-kabsemarang~pt-inisiatif-semua-bisa
105,train,https://glints.com/id/opportunities/jobs/branch-manager-collection-area-jawa-barat/1f4f58d5-fe7c-44d2-8a71-16f1299aa0ec
106,train,https://glints.com/id/opportunities/jobs/fleet-operation/3eb1e6f3-2274-44fb-b5ba-82481c339d8d
107,test,https://glints.com/id/opportunities/jobs/field-collection-area-surabaya/560dadd1-5587-4dde-994b-af726a3234ef
108,train,https://glints.com/id/opportunities/jobs/supervisor-embroidery/052043e7-54dc-46f6-beb9-a28f5eb0620d
109,train,https://dealls.com/loker/tax-and-accounting-2~pt-jeje-harapan-transindo
110,test,https://glints.com/id/opportunities/jobs/supervisor-area/84d0cbe4-08b5-4305-a63e-8fef7175b14d
111,train,https://glints.com/id/opportunities/jobs/front-desk-receptionist/b9b4677b-e4be-4a30-bd75-70016f6aaf78
112,train,https://glints.com/id/opportunities/jobs/host-live-streaming/d3961e0c-54c9-426c-a04d-7ecad6d259db
113,train,https://glints.com/id/opportunities/jobs/area-sales-promotion-representative-aspr-kota-jambi/17f06eaa-0ce9-4d80-a9d5-97d1c227beed
114,train,https://glints.com/id/opportunities/jobs/sales-motoris-jabodetabek/4d65676b-8570-4855-a9b3-8a9f1a523af5
115,train,https://dealls.com/loker/teknisi-freelance~segari
116,train,https://glints.com/id/opportunities/jobs/social-media-specialist/714047a0-fcc0-4e5e-a094-510e746a0835
117,train,"https://dealls.com/loker/hse-health-safety-and-environment~pt-vidya-artha-tama%23:~:text%3DDeskripsi%2520Pekerjaan,kimia%252C%2520atau%2520risiko%2520kebakaran%2520baterai."
118,train,https://glints.com/id/opportunities/jobs/admin/d11e029e-92f1-4451-b629-b0bb82a7468a
119,train,https://glints.com/id/opportunities/jobs/staff-gudang/9422bee7-6e56-4473-b2aa-0eba36eedd47
120,validation,https://dealls.com/loker/sports-marketing-intern-1~vidiodotcom%26hl%3Den%26sl%3Did%26tl%3Den%26client%3Dsearch
121,train,https://glints.com/id/opportunities/jobs/graphic-designer/1e489e6b-8fb0-4f88-8ae4-3510b0276a4c
122,train,https://glints.com/id/opportunities/jobs/mekanik-kendaraan-listrik/2df70282-2c79-4d9a-8778-7da8b6783131
123,train,https://glints.com/id/opportunities/jobs/admin-officer/516200e3-e1d6-46af-be8e-92925df1e1ad
124,train,"https://dealls.com/loker/campaign-specialist-4~modena%23:~:text%3DDeskripsi%2520Pekerjaan%26text%3DMendukung%2520pelaksanaan%2520strategi%2520Go%252DTo%252DMarket%2520(GTM),termasuk%2520persiapan%2520dokumen%2520dan%2520materi."
125,train,https://dealls.com/loker/pimda-promosi-otc-jawa-timur~dexa-group
126,train,https://glints.com/id/opportunities/jobs/driver-pribadi-sim-a/b6b30ab0-8a5f-4ddd-b1ce-592ffe32acef
127,train,https://glints.com/id/opportunities/jobs/accounting/737c96cb-e265-414d-8535-ab2e1330faba
128,train,https://glints.com/id/opportunities/jobs/anggota-security/a51c4a99-7e0a-454e-8e77-ef0607a3ace6
129,train,https://glints.com/id/opportunities/jobs/patient-experience-manager/f076d47a-6af9-43d6-926e-64148f8d2bf7
130,train,https://glints.com/id/opportunities/jobs/petugas-derek/1902e8ad-af39-4bb5-8ef7-a2a607570621
131,train,https://glints.com/id/opportunities/jobs/tea-barista-at-teazzi-foodtruck-indonesia/c33f87f2-958a-4bdf-b919-9c7b10704033
132,train,https://glints.com/id/opportunities/jobs/customer-service-representative/d11f953c-1bae-409f-911a-2cb5105ed44f
133,test,https://dealls.com/loker/regulatory-staff~pt-global-jaya-ultime
134,train,https://glints.com/id/opportunities/jobs/warehouse-staff/d5dda902-6cbc-4258-9ddc-b8a9f5f1577e
135,train,https://glints.com/id/opportunities/jobs/barista/82630471-4f42-48b7-9291-e36c7ef6b2c7
136,test,https://dealls.com/loker/performance-ads-strategist~pt-umax-hub-indonesia%26hl%3Den%26sl%3Did%26tl%3Den%26client%3Dsearch
137,train,https://dealls.com/loker/admin-stock-control-and-replenishment~trial-flymannathaliecom
138,train,https://dealls.com/loker/ga-kendaraan~brik
139,validation,https://dealls.com/loker/key-account-management-e-commerce~ptenseval-putera-megatrading-tbk
140,validation,https://dealls.com/loker/it-application-senior-full-stack~koperasi-astracom
141,train,https://dealls.com/loker/forklift-operations~labelbox
142,train,https://dealls.com/loker/network-engineer-jakarta-timur-lvl1~pt-atomic-mail
143,train,https://glints.com/id/opportunities/jobs/estimator/6a790cd6-bb5d-4f7c-b875-06cae8b11232
144,train,https://dealls.com/loker/warehouseman-aceh~ptenseval-putera-megatrading-tbk
145,test,https://glints.com/id/opportunities/jobs/helper-gudang/24280e16-f5fe-4743-8f30-ddf7b33513fa
146,train,https://glints.com/id/opportunities/jobs/administrasi-gudang-tenaga-harian/132247c0-b87a-49e4-857e-1ace28aa2e72
147,train,https://glints.com/id/opportunities/jobs/marketing/6435f32b-6a72-4450-a5f1-97444bbd1ead
148,train,https://dealls.com/loker/customer-service-medan-lvl1~pt-atomic-mail
149,train,https://glints.com/id/opportunities/jobs/barista/a3e980fc-386f-4ca9-82d5-d3c5f31e441f
150,test,https://glints.com/id/opportunities/jobs/sales-promotor/2a250d5c-10fe-4ecb-9cd6-541b3c83109f
151,train,https://glints.com/id/opportunities/jobs/social-media-specialist/c3453e21-cc3c-4d65-a428-498249fa71ad
152,test,https://dealls.com/loker/legal-intern-26~anteraja
153,train,https://glints.com/id/opportunities/jobs/office-boy-and-kurir/3ae512d8-af7b-4f46-908e-4224694fd7ca
154,train,https://glints.com/id/opportunities/jobs/director/2dc7bec9-d04e-481c-aafa-921f55170775
155,validation,https://glints.com/id/opportunities/jobs/customer-service/d0d5fa80-2101-4d75-a7cc-1482934f959f
156,train,https://glints.com/id/opportunities/jobs/content-creator/8ff73dbc-ffd7-4cc5-88eb-18bbeb294a47
157,train,https://glints.com/id/opportunities/jobs/sales-canvasing-polibeli/bfc39d18-4a78-44f1-befd-e57b9fb95eec
158,test,https://glints.com/id/opportunities/jobs/admin-sales/1b1a57d9-9740-4cce-8258-ceac8617d349
159,train,https://dealls.com/loker/legal-compliance-specialist-3~pt-gdc-multi-sarana
160,train,https://glints.com/id/opportunities/jobs/leader-kol-spesialist/21e335af-c3fa-41cc-9e5d-dd9185ac45e0
161,train,https://glints.com/id/opportunities/jobs/event-and-partnership-internship/75e36d22-48da-4221-bcc0-e10b203c439b
162,train,https://glints.com/id/opportunities/jobs/admin-domisili-bali/35417ca8-c5d4-49d8-ad28-a35be8e9e9a1
163,validation,https://glints.com/id/opportunities/jobs/driver-truk/8c554146-0788-4600-a50a-9c331a44339a
164,validation,https://glints.com/id/opportunities/jobs/content-creator-instagram/18616006-5bac-43d2-be4c-651537723443
165,train,https://glints.com/id/opportunities/jobs/customer-service/cf78baee-9f16-47f6-9311-86c32eda45ac
166,train,https://glints.com/id/opportunities/jobs/finance-staff/7c306f97-82f6-4a90-9cf6-f28507541202
167,train,https://dealls.com/loker/sales-executive-kendari~pt-inisiatif-semua-bisa
168,train,https://glints.com/id/opportunities/jobs/driver/54038e87-f5eb-4a21-b221-425065dee43b
169,test,https://glints.com/id/opportunities/jobs/sales-promotor/ce92eccc-3023-4c4a-886d-be528acc76a5
170,train,https://glints.com/id/opportunities/jobs/part-timer-crew-store-semarang/d6ef7635-57d9-4c21-b238-253c1b8502fb
171,train,https://glints.com/id/opportunities/jobs/sales-admin/ad11b035-fc60-4afe-8209-339ae2794300
172,train,https://glints.com/id/opportunities/jobs/agent-carring-visiting-collection-pekanbaru/fafba1ff-a785-4854-91ad-9f7fc6189959
173,validation,https://dealls.com/loker/compensation-and-benefits-staff-1~octarine-perfume%26hl%3Den%26sl%3Did%26tl%3Den%26client%3Dsearch
174,validation,https://glints.com/id/opportunities/jobs/kepala-bengkel/09a6fd09-131c-48ae-ae5e-eecd77151fd0
175,train,https://glints.com/id/opportunities/jobs/helper/9e9155e4-9d13-4074-b1d1-87aa8d4feca9
176,train,https://glints.com/id/opportunities/jobs/finishing/8beedcc5-abc0-4309-88c5-d04275983ab7
177,train,https://dealls.com/loker/internship-presales-engineer~pt-qtera-mandiri
178,test,"https://dealls.com/loker/apoteker-pendamping-semarang~ptenseval-putera-megatrading-tbk%23:~:text%3DDeskripsi%2520Pekerjaan,hanya%2520perlu%2520visit%25202x%2520bulan"
179,train,https://glints.com/id/opportunities/jobs/editor/bd4c0edb-923b-4218-b314-3a54166d3f08
180,test,https://glints.com/id/opportunities/jobs/admin/75506a22-0409-46cb-b4d1-74fd7c7d1e3b
181,train,https://glints.com/id/opportunities/jobs/operator-gudang-depok/6385910a-096d-4661-849e-15d5aec1f854
182,test,https://glints.com/id/opportunities/jobs/packer/9856af72-cfa3-483d-a8d8-716a819f5434
183,validation,https://glints.com/id/opportunities/jobs/technical-and-operations-team-pabrik-pengolahan-limbah/f32ca6a0-d6b9-4964-9386-ec2fc2484b30
184,train,https://glints.com/id/opportunities/jobs/office-boy-girl-purwakarta/8fa5ccd9-a5a4-4c85-8855-42dceeae8f81
185,train,https://glints.com/id/opportunities/jobs/sales-promotion-girl-spg/32835824-c3e3-4a38-8b44-9a30b298f589
186,train,https://dealls.com/loker/teknisi-support-titipaja~anteraja
187,train,https://glints.com/id/opportunities/jobs/personal-asistant/b3e9953f-3c54-4110-a1db-e8a6485d1141
188,train,https://glints.com/id/opportunities/jobs/generitive-ai-solution-engineer/3e5c9a26-68c4-4280-8662-46e859bf8068
189,train,https://glints.com/id/opportunities/jobs/editor-internship-paid/547d31ce-1d17-4b52-847f-9f55c0fc6df4
190,validation,https://glints.com/id/opportunities/jobs/admin-purchasing/7b7a7226-4015-4d0b-9206-2c4bae6633b7
191,validation,https://glints.com/id/opportunities/jobs/pramuniaga/915169eb-09f9-4bbb-885e-38026f355fd7
192,train,https://glints.com/id/opportunities/jobs/teacher/64366760-b04c-48da-a2cb-f4ca798d75d6
193,train,https://glints.com/id/opportunities/jobs/warehouse-staff/774a6a29-3da3-4da3-81cc-d833b2f58708
194,train,https://dealls.com/loker/talent-acquisition-specialist-27~trial-flymannathaliecom
195,train,https://dealls.com/loker/quality-control-qc-finishing-handover~green-park-group
196,train,https://glints.com/id/opportunities/jobs/office-boy/f71a366f-a75c-4f5a-a4e0-cce16a424421
197,train,https://glints.com/id/opportunities/jobs/nail-technician-gaji-2-3-singosari/17e2a6e5-3895-4181-b9c0-157be89a5d04
198,train,https://dealls.com/loker/content-creator-139~pt-mitra-manunggal-mahardika
199,train,https://glints.com/id/opportunities/jobs/admin/0311cc9c-139c-49eb-a087-40be4f2e39a9
200,test,https://dealls.com/loker/sales-representative-sales-executive-1~indotara%26hl%3Den%26sl%3Did%26tl%3Den%26client%3Dsearch
201,validation,https://dealls.com/loker/digital-advertising~medisinid
202,validation,https://glints.com/id/opportunities/jobs/crew-store/4e43a0f2-d106-459e-a733-09acec7c86a9
203,validation,https://glints.com/id/opportunities/jobs/driver/c5a399e9-277e-49ce-81d3-0918120cd229
204,test,https://glints.com/id/opportunities/jobs/editor-video/b4a73c2a-3ca5-4785-a10c-d36d631c9f17
205,validation,https://glints.com/id/opportunities/jobs/pramuniaga/d6b4da8e-67eb-430e-8bf3-d748e74f3a34
206,validation,https://glints.com/id/opportunities/jobs/digital-marketing/6a29dbe9-baaa-490d-9b12-553fcee32ba7
207,train,https://dealls.com/loker/auditor-3~sahabatgadaicom
208,train,https://glints.com/id/opportunities/jobs/live-streaming-operator-tiktok/d4cfb101-581f-45c8-8ead-dc95d3e01b31
209,train,https://glints.com/id/opportunities/jobs/admin-delivery/b8b3a770-3e32-4fef-afd6-80ce8b5cef98
210,train,https://glints.com/id/opportunities/jobs/content-creator/1694c25f-eaed-49f7-8195-da9c6b0a2400
211,test,https://dealls.com/loker/sales-executive-hoist-and-lifting~tri-tunggal-fondasi
212,train,https://dealls.com/loker/sales-representative-79~amt-itcom
213,train,https://glints.com/id/opportunities/jobs/customer-service/e48a8cd6-bcc2-4602-9e15-fccb3c12690f
214,train,https://glints.com/id/opportunities/jobs/research-and-development-r-and-d/93776820-51de-4fc6-b25a-91babb4dc484
215,train,https://glints.com/id/opportunities/jobs/admin-marketplace/d682e0f7-839c-4ff8-be90-e4dc2ccbbe4a
216,train,https://glints.com/id/opportunities/jobs/field-partnership-officer-wifi-cbn/61bf7ef4-6724-4e99-b616-516b3d63b975
217,train,https://glints.com/id/opportunities/jobs/sales-executive/c4815481-ff8f-480a-a5ed-8d9bf24cd8ea
218,validation,https://dealls.com/loker/marketing-intern-retail~pt-cs2-pola-sehat%26hl%3Den%26sl%3Did%26tl%3Den%26client%3Dsearch
219,validation,https://glints.com/id/opportunities/jobs/internal-audit-officer/2ddd37b5-8f36-4247-baee-ff0d7ffbe7d6
220,test,https://glints.com/id/opportunities/jobs/driver-truk/c7be305c-7309-4900-aaf0-ff421b199b25
221,train,https://glints.com/id/opportunities/jobs/teknisi/2f7c1e9b-2748-4d09-b570-64d21f5cd6dc
222,test,https://glints.com/id/opportunities/jobs/customer-care-officer-internship/04592032-1685-4ef8-97cd-3a6980357e1d
223,train,https://glints.com/id/opportunities/jobs/crm-specialist/8dab3c28-3ce9-421a-bd0e-be1d53a37cad
224,train,https://dealls.com/loker/personal-assistant-executive-assistant~antarestar
225,train,https://glints.com/id/opportunities/jobs/executive-assistant/25e36748-b605-4bb2-b7e7-f0a56eadeeb6
226,train,https://dealls.com/loker/surveyor-staff~pt-jeje-harapan-transindo
227,train,https://glints.com/id/opportunities/jobs/asistant-rumah-tangga-art-maid/5e563f13-bcf7-425d-8c62-0e2adecedb8f
228,test,https://glints.com/id/opportunities/jobs/online-food-specialist-intern/20ddedca-015b-4f5e-85fa-b0cdf0186e5f
229,test,https://glints.com/id/opportunities/jobs/telemarketing/0668ccd3-d230-4985-b417-77af545e6a5e
230,validation,https://glints.com/id/opportunities/jobs/kurir-motor-spx-ekspres-pekanbaru/861daa89-5b82-4b37-a6d4-e93788751388
231,test,https://glints.com/id/opportunities/jobs/cashier/b30ea205-b171-4fd5-93b9-61b1f9fb70bf
232,train,https://glints.com/id/opportunities/jobs/team-leader-produksi/a8eb7a6e-f7fa-4748-8abb-c562c8812595
233,train,https://glints.com/id/opportunities/jobs/sales-marketing-jakarta/ccc9f37c-c357-4c5f-9b57-4d4f16c22465
234,test,https://glints.com/id/opportunities/jobs/host-live-streaming/dc6c1b05-2738-46dc-a3f1-3d12d78da6a1
235,train,https://dealls.com/loker/finance-and-accounting-staff-surabaya~vectorlabscoid
236,train,https://dealls.com/loker/marketing-manager-b2b-garment~trial-jawaratigasekawancom
237,train,https://dealls.com/loker/field-enumerator-community-development-freelance~lindungihutan
238,train,https://glints.com/id/opportunities/jobs/promotor-md/9dab9c5b-bdf3-4b9a-8ca4-99a8f224fad7
239,test,https://dealls.com/loker/district-sales-manager-3~ptenseval-putera-megatrading-tbk
240,test,https://glints.com/id/opportunities/jobs/warehouse-coordinator/da596c08-af69-4dc4-b776-78ffb466e949
241,test,https://dealls.com/loker/customer-service-53~bankjakartacoid
242,validation,https://dealls.com/loker/iot-engineer-4~pt-qtera-mandiri
243,train,https://glints.com/id/opportunities/jobs/teknik-kimia-operasional/b1cd7310-50ef-4386-a12a-5fd0bc3e1f7d
244,train,https://glints.com/id/opportunities/jobs/admin-sales-bali/60743b71-737b-42fa-95eb-bb4e00b4095e
245,train,https://glints.com/id/opportunities/jobs/staff-admin/f8b7269c-4346-4d10-8ce9-6635b454bbd6
246,train,https://dealls.com/loker/complaint-handling-specialist~pt-apique-resikindo-prima
247,train,https://glints.com/id/opportunities/jobs/operator-produksi/cf4f075b-b985-41e5-95d2-30fdf9b3f59e
248,train,https://dealls.com/loker/it-programmer-8~sari-tirta-group-1
249,test,"https://dealls.com/loker/internal-auditor-intern~agung-sedayu-group-1%23:~:text%3DDeskripsi%2520Pekerjaan,rekonsiliasi%2520data%2520untuk%2520memastikan%2520akurasi."
250,validation,https://dealls.com/loker/factory-administration-staff-pasuruan~pt-cs2-pola-sehat
251,validation,https://dealls.com/loker/production-planner-area-staff~pou-chen-group-indonesia%26hl%3Den%26sl%3Did%26tl%3Den%26client%3Dsearch
252,train,https://glints.com/id/opportunities/jobs/magang-edp/1adc0c43-9088-4c2e-afc9-fb50aa092149
253,test,https://glints.com/id/opportunities/jobs/resepsionis-administratif/2d74c143-eac5-4ecc-a7e3-ef1ddd9c101d
254,validation,https://glints.com/id/opportunities/jobs/admin/ea8595bd-2976-4834-9a12-eed8fc5e8b6d
255,test,https://glints.com/id/opportunities/jobs/petugas-kebersihan-cleaning-service/ae9dd12b-8090-4ecf-99d2-1bc12ad3436c
256,train,https://glints.com/id/opportunities/jobs/general-affair/94529649-0779-48a8-bf32-8be4f6bae759
257,validation,https://glints.com/id/opportunities/jobs/teknisi-listrik/fbd0f603-39da-412f-a139-844892ee4ddb
258,train,https://glints.com/id/opportunities/jobs/admin-warehouse/695b4975-90a4-4f34-8f25-88d4bee0a70e
259,train,https://glints.com/id/opportunities/jobs/research-and-development-english-learning/851194ef-ee09-437e-9be7-87794b9ce218
260,train,https://dealls.com/loker/area-quality-control-coordinator-pekanbaru~pt-indomobil-finance-indonesia
261,train,https://glints.com/id/opportunities/jobs/staf-perawat/14e4f8af-d9bd-4257-b85c-ab6b3efbd203
262,validation,https://glints.com/id/opportunities/jobs/pramuniaga-ada-swalayan/d15ec651-5bda-498e-9099-c89855f169cf
263,train,https://dealls.com/loker/qaqc-inspector~binerkatcom
264,train,https://dealls.com/loker/regulatory-affairs-specialist-1~cv-cipta-sehat-anugrah
265,train,https://glints.com/id/opportunities/jobs/supir-towing/35d82cf3-664c-4ce6-9c80-58c0bd6d9855
266,train,https://glints.com/id/opportunities/jobs/front-office-living-world-pekanbaru/1c91c35f-2956-4575-a7aa-35d20b3a39e3
267,train,https://glints.com/id/opportunities/jobs/asisten-rumah-tangga/3c7ef3e8-1d46-4904-acb3-45500ee5feed
268,train,https://glints.com/id/opportunities/jobs/e-commmerce-marketplace-advertiser/5af8c083-ce67-491e-a4d2-30e1a5877729
269,validation,https://glints.com/id/opportunities/jobs/accounting-staff/54db6736-f898-450f-be98-8f36d8c1083b
270,train,https://glints.com/id/opportunities/jobs/mengukir-batu-gilingan-bumbu/f8833473-5ae9-429b-b433-5b01066c9a90
271,train,https://glints.com/id/opportunities/jobs/e-commerce-livestreamer/78854746-c2e3-41e0-bee4-26b4802ac34e
272,validation,https://dealls.com/loker/logistic-claim-staff~pt-jeje-harapan-transindo%26hl%3Den%26sl%3Did%26tl%3Den%26client%3Dsearch
273,validation,https://glints.com/id/opportunities/jobs/crew-store-haus/d840d521-2ba9-4c47-acd9-8f755d5c2884
274,validation,https://dealls.com/loker/legal-officer-24~octarine-perfume%26hl%3Den%26sl%3Did%26tl%3Den%26client%3Dsearch
275,train,https://glints.com/id/opportunities/jobs/cleaning-service-area-palmerah/1d5312c5-6c6d-4102-bbe7-63b589308818
276,train,https://dealls.com/loker/store-associate-1~josephine-anni
277,train,https://dealls.com/loker/retail-funding-training-program-jabodetabek-1~bank-mega
278,train,https://glints.com/id/opportunities/jobs/sales-merchandiser-area-lampung/e46c77b3-9a97-4c53-a9f2-0ed8896a8d59
279,train,https://dealls.com/loker/operations-and-general-affairs-ga~mixelocoid
280,test,https://glints.com/id/opportunities/jobs/telemarketing/07b12054-a4a4-49ce-902d-37f60d5c3b55
281,validation,https://glints.com/id/opportunities/jobs/sales-executive-area-probolinggo/58f43be0-a707-47e9-ab1c-91b9e7cb4640
282,train,https://glints.com/id/opportunities/jobs/telemarketing/1e97312d-14b8-4dff-86b9-2a6194b9feaf
283,train,https://dealls.com/loker/assistant-fashion-designer-and-pattern~pt-petit-beary-indonesia
284,validation,https://dealls.com/loker/tax-intern-9~vidiodotcom
285,train,https://dealls.com/loker/administrasi-kpr-intern~integra-land
286,train,https://glints.com/id/opportunities/jobs/blaster/f093ab5b-369d-4078-abfc-1c7702935e30
287,train,https://glints.com/id/opportunities/jobs/operator-pond-foil-embos/f7b1fdd4-6000-421d-8243-265487e796d5
288,test,https://glints.com/id/opportunities/jobs/operator-produksi/5c0d1dde-f2e1-476c-8ae2-087d5b62bdd4
289,train,https://dealls.com/loker/mechanical-engineer-2~pt-qtera-mandiri
290,train,https://glints.com/id/opportunities/jobs/kitchen-staff-part-time-malam/55d1862d-5099-44e7-a2c5-859cef5ac714
291,test,https://glints.com/id/opportunities/jobs/business-development/038aad9b-3b3a-485d-8801-e66148278674
292,test,https://glints.com/id/opportunities/jobs/sales/93fd03b9-9beb-486d-90d4-494714f8e38a
293,train,https://glints.com/id/opportunities/jobs/host-live/12b28c22-26ef-4ae4-b62b-664bf04ac843
294,validation,https://glints.com/id/opportunities/jobs/fisioterapis-anak-part-time/eb5fac4a-61e7-444d-aa1a-6418461ff7d0
295,train,https://glints.com/id/opportunities/jobs/team-leader-teknisi-ac/d75d459b-ebf3-477a-985a-fd93e99b3a09
296,train,https://glints.com/id/opportunities/jobs/warehouse-officer/abd94352-86de-461c-b7c6-6247546a85b0
297,test,https://glints.com/id/opportunities/jobs/account-manager/e8078bce-3dde-40fa-ad76-514edc42f3fb
298,test,https://glints.com/id/opportunities/jobs/telemarketing/418449ec-3ab4-43da-9009-3cb3d2522fbd
299,train,https://dealls.com/loker/cm-sponsorship-non-gam-intern-1~vidiodotcom%26hl%3Den%26sl%3Did%26tl%3Den%26client%3Dsearch
300,train,https://dealls.com/loker/backend-developer-golang-5~sumbersolusihebat
301,train,https://glints.com/id/opportunities/jobs/desk-collection/0526bb1b-4bf0-47f3-a5ba-f507e6158e92
302,train,https://glints.com/id/opportunities/jobs/juru-masak-cafe/8585b80b-df21-4555-a82a-defe39f629fc
303,train,https://glints.com/id/opportunities/jobs/front-liner-penempatan-banyuwangi/74523d0e-c9e4-4381-928c-855cc4d731a9
304,train,https://glints.com/id/opportunities/jobs/telecollection/d7db5431-1b1a-42e1-a5a6-c3385c7b17fb
305,validation,https://glints.com/id/opportunities/jobs/admin-keuangan-freelance/69d984b8-4ca6-4ae8-9dda-98c642eec23f
306,train,https://glints.com/id/opportunities/jobs/salesman/37284314-909a-4f20-b388-0d280f463480
307,train,https://glints.com/id/opportunities/jobs/customer-service/94613cb1-a9c0-4c91-bf1d-82fa94314a3d
308,train,https://glints.com/id/opportunities/jobs/area-business-manager/208d2601-7818-47d3-8a0e-6abc32b9b725
309,train,https://glints.com/id/opportunities/jobs/barista/b98ac2ca-1f33-4a42-86fc-2e5373347265
310,validation,https://glints.com/id/opportunities/jobs/baby-sister/0603674d-b71e-4a6d-b232-196bedb339a6
311,train,https://glints.com/id/opportunities/jobs/mekanik-magang-alat-berat-sumatera/a069c36d-d8c3-46b7-9ffe-0d2085ad16b5
312,validation,https://glints.com/id/opportunities/jobs/doorman-and-cleaning-service/c277ae43-fc7a-493d-8228-033918b1aba6
313,train,https://glints.com/id/opportunities/jobs/helper-purchasing/364eff95-dfc9-45a7-9a84-c1dc39b29b16
314,train,https://glints.com/id/opportunities/jobs/sales-and-marketing/27693d91-c66a-4e44-9bb5-7be291747d02
315,train,https://glints.com/id/opportunities/jobs/supervisor-operasional/516c99a3-54ac-42f0-9543-8c05c4bd6e78
316,test,https://glints.com/id/opportunities/jobs/marketing-affiliate/c36526e4-5b4a-4367-b56c-eea1f28c73a0
317,train,https://dealls.com/loker/trainer-beauty-area-jawa-tengah~pt-fcl-internasional-indonesia%26hl%3Den%26sl%3Did%26tl%3Den%26client%3Dsearch
318,train,https://glints.com/id/opportunities/jobs/relationship-manager/a2c6300c-2d7e-4b3e-85d8-d7de57ebfd98
319,validation,https://glints.com/id/opportunities/jobs/social-media-specialist/ac42bc4b-6081-475a-99f6-f177a0ad3358
320,train,https://dealls.com/loker/magang-admin-data-entry-jakarta~kharisma-potensia-indonesia%26hl%3Den%26sl%3Did%26tl%3Den%26client%3Dsearch
321,validation,https://dealls.com/loker/sales-supervisor-team-leader-magetan~amartha%26hl%3Den%26sl%3Did%26tl%3Den%26client%3Dsearch
322,train,https://dealls.com/loker/assistant-brand-manager-jakarta-selatan~predixa
323,test,https://glints.com/id/opportunities/jobs/sosial-media/461bf2fe-0bfb-4995-884d-f227996af5b0
324,train,https://glints.com/id/opportunities/jobs/admin-gudang/06cb315b-e990-4964-90d9-fdea5480f39e
325,train,https://glints.com/id/opportunities/jobs/business-development-konstruksi-and-interior/79e67637-f9aa-4125-a873-d2b25caaaf3a
326,train,https://glints.com/id/opportunities/jobs/perawat/13a42ea6-d66c-4603-9b3c-e8446e154a31
327,train,https://glints.com/id/opportunities/jobs/staff-admin-laporan/24f9c85c-5150-406a-a466-d18863ed4062
328,train,https://glints.com/id/opportunities/jobs/visa-specialist/425e04f9-f738-4c68-b850-f98d759fba24
329,train,https://glints.com/id/opportunities/jobs/teknisi-perbaikan-printer/0337fdd5-5fde-4e42-97f5-344da6eb8585
330,train,https://dealls.com/loker/uc-online-programmer~universitas-ciputra-surabaya
331,train,https://glints.com/id/opportunities/jobs/helper-produksi/ffc67d51-d3be-4d54-a16d-f20c069da637
332,train,https://glints.com/id/opportunities/jobs/rider-mobile-vape-rokok-elektrik/33d47dd3-a28b-4c62-802f-5a0db610bd82
333,train,https://glints.com/id/opportunities/jobs/agent-cal-center-layanan-gawat-darurat-bogor/941f6e0f-0654-4a08-997f-4210107c7018
334,test,https://glints.com/id/opportunities/jobs/account-manager/5abace8a-8c8e-4fbd-a6f0-36ec2943cfab
335,validation,https://dealls.com/loker/visual-merchandiser-fandb~hang-tuah%26hl%3Den%26sl%3Did%26tl%3Den%26client%3Dsearch
336,train,https://glints.com/id/opportunities/jobs/helper-produksi/44847fad-2687-4a93-bd0e-faa9830e7717
337,train,https://glints.com/id/opportunities/jobs/quality-control-al-quran-freelance/d74ad676-def0-4fae-bdd2-396daa6b5ba0
338,validation,https://glints.com/id/opportunities/jobs/frontliner/d8555fe4-30d1-4086-92b2-a3b1211d0a15
339,train,https://glints.com/id/opportunities/jobs/admin/646d52c6-185a-4906-92ae-6ae9fb61de20
340,validation,https://glints.com/id/opportunities/jobs/cafe-server/4546129a-b40d-4a8f-852f-3801e5e20d42
341,validation,https://glints.com/id/opportunities/jobs/barista/5cf85bff-575a-48f9-84d0-685adc2392b4
342,train,https://glints.com/id/opportunities/jobs/staff-gudang/dc60c0e2-39ac-444d-abdb-f3ea987322f9
343,train,https://dealls.com/loker/brand-and-e-commerce-manager~trial-flymannathaliecom
344,train,https://dealls.com/loker/full-stack-developer-73~pt-jeje-harapan-transindo%26hl%3Den%26sl%3Did%26tl%3Den%26client%3Dsearch
345,validation,https://glints.com/id/opportunities/jobs/welder-6g/ae06623b-1ae3-44bb-8e03-9e62c3803581
346,train,https://glints.com/id/opportunities/jobs/accounting-staff/379a3405-d88a-4e70-968f-f4d884695036
347,test,https://glints.com/id/opportunities/jobs/project-based-developer-microsoft-dynamics-365-and-azure-poc/01c632cc-7400-482d-a72c-498bb88c32ed
348,train,https://glints.com/id/opportunities/jobs/kasir/4b7916f9-d319-4769-ac45-ebcf75155c9f
349,train,https://dealls.com/loker/social-media-specialist-and-content-2~pt-qtera-mandiri
350,train,https://glints.com/id/opportunities/jobs/operator-forklift/f7f7f40e-aa15-42c3-8a02-4dd1198ad233
351,test,https://dealls.com/loker/account-executive-my-republic-bogor~tpm-group-1
352,train,https://dealls.com/loker/key-account-specialist-modern-trade~pt-invens-sukses-indonesia-1%26hl%3Den%26sl%3Did%26tl%3Den%26client%3Dsearch
353,validation,https://glints.com/id/opportunities/jobs/customer-service-representative/edcab550-f85e-484c-ad43-c8708fe91e98
354,train,https://dealls.com/loker/live-streaming-host-7~pt-petit-beary-indonesia
355,test,https://dealls.com/loker/video-editor-intern-11~vidiodotcom
356,train,https://dealls.com/loker/inspector-teknisi-lapangan~agung-sedayu-group-1
357,validation,https://glints.com/id/opportunities/jobs/kasir/ce637413-4607-4559-b74b-46ad2cc73f98
358,train,https://glints.com/id/opportunities/jobs/social-media-specialist/0d282a60-de4a-41ad-a7e6-723fb18e7ce1
359,train,https://glints.com/id/opportunities/jobs/host-live-streaming-tiktok-produk-tas-wanita/0b02052d-6d4b-472c-bfd7-3c49b90b6b2c
360,train,https://dealls.com/loker/complaint-handling-specialist-surabaya~trialcompcompcom
361,train,https://glints.com/id/opportunities/jobs/driver/9d2f0b39-0b4b-46cb-a61e-8d3e107a97f4
362,train,https://glints.com/id/opportunities/jobs/dosen-pariwisata-mpar/295a4762-3cce-418b-9adf-47fe2be4a46e
363,train,https://dealls.com/loker/beauty-advisor-jabodetabek-bandung-surabaya~mop-beauty%26hl%3Den%26sl%3Did%26tl%3Den%26client%3Dsearch
364,train,https://glints.com/id/opportunities/jobs/social-media-specialist/d90ac915-5d1e-40f3-8bef-cdef09f4b383
365,train,https://dealls.com/loker/admin-recruitment-intern~brik
366,train,https://dealls.com/loker/sales-executive-136~projectindo-teknowindata
367,validation,https://glints.com/id/opportunities/jobs/strategic-marketing/dec22bfa-ea32-473f-a00d-107bac5bdb7c
368,test,https://dealls.com/loker/warehouse-and-commerce-admin~libby-baby%26hl%3Den%26sl%3Did%26tl%3Den%26client%3Dsearch
369,train,https://glints.com/id/opportunities/jobs/digital-customer-service-email-solo/096a3187-d3e8-4642-8566-0bde95f1c08f
370,train,https://glints.com/id/opportunities/jobs/tech-lead/7d3c8792-5b7e-4ea0-a197-5127ff336916
371,validation,https://dealls.com/loker/finance-controller-4~pt-jeje-harapan-transindo%26hl%3Den%26sl%3Did%26tl%3Den%26client%3Dsearch
372,test,https://glints.com/id/opportunities/jobs/petugas-kebersihan-cleaning-service/392e4ccd-7bf9-4159-a3fc-6ba865a38259
373,train,https://dealls.com/loker/safety-man-project-temporary~rekosistem
374,test,https://dealls.com/loker/ped-technical-factory-pekalongan~pou-chen-group-indonesia
375,train,https://dealls.com/loker/promotion-executive-2~ptenseval-putera-megatrading-tbk
376,train,https://glints.com/id/opportunities/jobs/kitchen-crew/2462d6a0-64cc-4b17-8cda-942c8bc19580
377,train,https://glints.com/id/opportunities/jobs/staff-teknik-sipil/f12f083e-3c09-4e5c-9669-bd1c5249f8be
378,train,https://dealls.com/loker/head-service-1~bank-shinhan-indonesia%26hl%3Den%26sl%3Did%26tl%3Den%26client%3Dsearch
379,validation,https://glints.com/id/opportunities/jobs/staff-produksi/fbe98595-b67b-4c4a-8af1-fd6a6d00cb72
380,train,https://glints.com/id/opportunities/jobs/head-admin/cbb5fc20-2381-4e35-b95e-629d512f45e8
381,train,https://dealls.com/loker/associate-pharmacist~sirclo
382,test,https://dealls.com/loker/petugas-waste-station-pekanbaru~rekosistem
383,validation,https://glints.com/id/opportunities/jobs/social-media-specialist/8c25d842-e2be-4f3d-bbfb-6b5730c63ad8
384,train,https://dealls.com/loker/junior-legal~sg-edts
385,train,https://dealls.com/loker/qc-line-factory-pekalongan~pou-chen-group-indonesia
386,train,https://glints.com/id/opportunities/jobs/administrative-officer/dd692c0a-64d7-4937-9e8a-0399795d6bf2
387,train,https://glints.com/id/opportunities/jobs/host-live/a715a194-0a1b-4347-8656-7994ef36c532
388,test,https://dealls.com/loker/it-programmer-intern-1~pt-akasha-wira-international-tbk
389,train,https://glints.com/id/opportunities/jobs/driver/0544a9d5-5bcd-4738-8905-8503a71f4430
390,train,https://glints.com/id/opportunities/jobs/beauty-advisor/8747f470-f0e4-449b-bfc8-3cd4d71a5dae
391,train,https://dealls.com/loker/dancer-performer~flowrise-entertainment
392,train,https://dealls.com/loker/sales-lapangan-visit-toko-kosmetik~glori-global-sukses
393,train,https://glints.com/id/opportunities/jobs/server/05c4d1e0-c49a-4be5-8d17-037493496fac
394,test,https://dealls.com/loker/kepala-toko-resique-supermarket-laundry~pt-apique-resikindo-prima
395,validation,https://glints.com/id/opportunities/jobs/social-media-specialist/9be166be-d467-4f31-8acd-58ef7fc776bd
396,train,https://dealls.com/loker/it-grc-governance-risk-compliance~pt-gdc-multi-sarana
397,train,https://glints.com/id/opportunities/jobs/staff-quality-control/b03ffd7f-7d0f-4c29-9991-cb0354baeb9b
398,validation,https://glints.com/id/opportunities/jobs/staff-hrd/ed8cc645-7c30-4a68-9bb6-c397d2dbe2a8
399,train,https://glints.com/id/opportunities/jobs/operator-produksi-makanan/3e7ce7d6-54e4-4190-800b-99d6f808c9ae
400,train,https://glints.com/id/opportunities/jobs/project-manager/b6a561f6-f9b6-44f3-9e57-436c227448a9
401,train,https://dealls.com/loker/compensation-and-benefit~bank-shinhan-indonesia
402,train,https://glints.com/id/opportunities/jobs/barista/830b5a56-2fa9-4e76-92e0-cac3d2f6d2c8
403,train,https://glints.com/id/opportunities/jobs/asisten-koki/aa6172d0-75a4-43da-bcb1-eff28f89f228
404,train,https://glints.com/id/opportunities/jobs/affiliate-recruiter/7c88f736-e5c2-4d8d-a01f-79b154a62d4a
405,train,https://glints.com/id/opportunities/jobs/produksi-roti/879e515b-b2b0-4d65-9489-f37add200d46
406,validation,https://glints.com/id/opportunities/jobs/akuntan-mbg-ciloto/e3d9a0c5-1b10-4ae6-a702-1d4ca44e29b8
407,validation,https://glints.com/id/opportunities/jobs/helper-pengiriman/1a2a09c3-6514-4a85-a974-ddb672c7426e
408,validation,https://glints.com/id/opportunities/jobs/operator-produksi/cacc3eff-346c-4951-822b-82ccb3ac5157
409,train,https://dealls.com/loker/ppic-supervisor-4~pt-avia-avian-tbk-avian-brands
410,train,https://glints.com/id/opportunities/jobs/store-supervisor/fc06ca67-cf31-43f1-b949-e98d62e50cd8
411,test,https://glints.com/id/opportunities/jobs/marketing-promosi-internet/a0a7804c-35fb-4dfa-b7fb-7254d0026404
412,train,https://glints.com/id/opportunities/jobs/tenaga-pengajar-multimedia/74c32760-a855-425d-a26d-dd2891198ee3
413,train,https://glints.com/id/opportunities/jobs/teknisi-ac/cfd383ed-6231-4a29-aff3-2329d9c2c2ea
414,train,https://dealls.com/loker/human-capital-manager-3~pt-sentra-vidya-utama-sevima
415,test,https://glints.com/id/opportunities/jobs/admin-checker/75fd7ede-c4aa-4c26-9f11-db2d1031344a
416,test,https://glints.com/id/opportunities/jobs/training-koordinator/d8f52636-5dd6-4752-ba07-62cf59a53d96
417,test,https://glints.com/id/opportunities/jobs/project-manager/75371da0-ed23-46f1-b899-ef17bfe2d617
418,train,https://glints.com/id/opportunities/jobs/staf-ga/b8d1b3ea-77c6-46a3-84b8-0a9042c05cc1
419,train,https://glints.com/id/opportunities/jobs/operator-produksi/822cbf6c-e5d6-4472-9586-59bb0b646960
420,train,https://glints.com/id/opportunities/jobs/crew-store-barista-full-time/2a2f2435-0d39-422f-a50e-cb482c02e1d2
421,train,https://dealls.com/loker/sales-counter-pik~allure-industries
422,train,https://glints.com/id/opportunities/jobs/e-commerce-specialist/9b9b6680-395d-4418-a97b-c05d9e3be4a7
423,test,https://glints.com/id/opportunities/jobs/videgrafer-and-coppy-writter/616900bb-3a0e-4c80-b286-2fd30aaba709
424,train,https://glints.com/id/opportunities/jobs/kasir/a5f3b737-f3c1-47e6-9114-06ee9b700dd1
425,train,https://glints.com/id/opportunities/jobs/administrator-hr/fd291b94-3629-4deb-a8f7-03b55297958c
426,train,https://glints.com/id/opportunities/jobs/kitchen-crew/9c1e9afe-93ba-4542-8cf1-5e5b3cea1f40
427,test,https://dealls.com/loker/learning-and-development-specialist-9~pt-lapi-laboratories
428,train,https://dealls.com/loker/legal-compliance-specialist-2~pt-gdc-multi-sarana%26hl%3Den%26sl%3Did%26tl%3Den%26client%3Dsearch
429,test,https://glints.com/id/opportunities/jobs/quality-controller/28a19e4f-fe23-4b7f-bbba-7d649bf7044b
430,test,https://dealls.com/loker/host-live-streamer-4~libby-baby
431,validation,https://dealls.com/loker/business-development-231~spilla-jewelry
432,validation,https://glints.com/id/opportunities/jobs/pramuniaga-bali-banana-group/d572fd91-4082-4f14-b9a4-cc7d10da9080
433,train,https://glints.com/id/opportunities/jobs/sales-supervisor/b87d276b-11cd-49ba-80f8-3c45ac06c9f2
434,train,https://glints.com/id/opportunities/jobs/staf-recruitment/b50559bc-898f-4a73-ba8c-2d489c5c1b88
435,train,https://dealls.com/loker/quality-assurance-qa-officer-makassar~universitas-ciputra-surabaya
436,train,https://dealls.com/loker/managament-trainee~pt-adhimix-precast-indonesia-1
437,train,https://dealls.com/loker/qa-engineer-qa-automation~hubstudioid
438,test,https://glints.com/id/opportunities/jobs/pattern-maker/b8929161-1b26-4804-b88e-1689fc4c15fb
439,train,https://glints.com/id/opportunities/jobs/host-live-tiktok/c90e3ea9-b103-4444-a124-6d104b06a759
440,train,https://glints.com/id/opportunities/jobs/petugas-kebersihan-cleaning-service/82475e79-3bb8-4acc-b009-1ac0a6af783f
441,train,https://dealls.com/loker/laboran-fakultas-teknologi-pangan-1~universitas-ciputra-surabaya
442,train,https://glints.com/id/opportunities/jobs/daily-worker-office-boy/9cf71c0e-0d98-452e-8ebf-8af663112918
443,train,https://glints.com/id/opportunities/jobs/magang-data-entry-bali/92a5c5b0-c957-4aeb-8fe3-35dd9eed91f0
444,train,https://glints.com/id/opportunities/jobs/affiliate-specialist/e03ed9a9-38ac-463c-b988-caebc85b18f5
445,train,https://glints.com/id/opportunities/jobs/pramuniaga/4ca63021-6777-446a-8fd3-603d07b56e8d
446,train,https://glints.com/id/opportunities/jobs/crew-outlet/0b2e2bcc-0f52-42a8-92a4-4d746d2d1468
447,train,https://glints.com/id/opportunities/jobs/warehouse/5e4ed73c-8a7b-4d7c-9cff-7a30e232faef
448,validation,https://dealls.com/loker/mt-material-test-technician-factory~pou-chen-group-indonesia
449,train,https://glints.com/id/opportunities/jobs/admin-warehouse/883589bc-d258-4055-88b8-b8ceb7e0b4be
450,train,https://glints.com/id/opportunities/jobs/data-analyst/e2c569fe-5f70-406a-843b-2544f2a8c363
451,train,https://glints.com/id/opportunities/jobs/operator-produksi/e43ae670-78af-4d59-b403-1679fad69dd7
452,train,https://glints.com/id/opportunities/jobs/qc-operator-indesso/b4fda7f7-3441-4689-8dcd-3814c7cef0cd
453,train,https://glints.com/id/opportunities/jobs/crew-store/f753f433-ffec-45b6-8e24-261bf430bb93
454,train,https://dealls.com/loker/marketing-manager-b2b-spesialist-1~pt-global-jaya-ultime
455,train,https://dealls.com/loker/ppic-staff-6~pt-dragon-prima-farma
456,train,https://glints.com/id/opportunities/jobs/editor-video/2c0168fa-5b73-46bd-8c88-896098085f1a
457,validation,https://glints.com/id/opportunities/jobs/ahli-gizi-makanan/d176ad2d-b7bc-443c-b4bd-de45388dff3a
458,test,https://glints.com/id/opportunities/jobs/barista/7a02fb7c-bc49-414d-bb3f-2e78868bb0b3
459,train,https://glints.com/id/opportunities/jobs/office-boy/d46ce524-2511-4126-b828-e632b801e689
460,validation,https://glints.com/id/opportunities/jobs/telecollection/0a5c94ed-0ee0-4ca8-ba2c-04b7784d7e72
461,train,https://dealls.com/loker/teknisi-pltm~tamarisgroupcom
462,train,https://dealls.com/loker/admin-staff-office-staff-admin~akulaku-indonesia
463,train,https://glints.com/id/opportunities/jobs/administrator-hr/19ea4ebf-a8cf-48f1-b285-fded8bd99eab
464,train,https://glints.com/id/opportunities/jobs/content-creator/2d87ed7f-3321-4def-a776-56f930328fa0
465,train,https://glints.com/id/opportunities/jobs/event-organizer-staff/86e6ea20-c7c1-4d4b-92b7-db7a9caa99ef
466,test,https://dealls.com/loker/procurement-4~trial-flymannathaliecom
467,train,https://dealls.com/loker/analis-kimia~pt-ultra-sakti-1
468,train,https://glints.com/id/opportunities/jobs/staff-gudang/7910fb0a-a9d9-4bd9-b3de-bc7de356ee3a
469,test,https://glints.com/id/opportunities/jobs/staff-driver/bcf1f189-5aa7-4e98-81c9-17ab83420dce
470,validation,https://glints.com/id/opportunities/jobs/staf-ppic/17081ddf-ea29-4877-ae09-d601cc772e14
471,validation,https://glints.com/id/opportunities/jobs/personal-assistant/347b50a5-69a5-4bcf-a119-693fc7e2a887
472,test,https://dealls.com/loker/affiliate-marketing-manager~pt-umax-hub-indonesia%26hl%3Den%26sl%3Did%26tl%3Den%26client%3Dsearch
473,test,https://glints.com/id/opportunities/jobs/staff-gudang/89c8568b-84a6-4036-9d69-08eb1eb8f304
474,train,https://dealls.com/loker/business-development-internship-8~pt-qtera-mandiri
475,train,https://glints.com/id/opportunities/jobs/resepsionis-administratif/f9a31221-349e-47ea-a407-2ab2f45c0289
476,train,https://glints.com/id/opportunities/jobs/kol-specialist/1a540dcf-833b-47fd-b766-9d09ca57b25f
477,train,https://glints.com/id/opportunities/jobs/content-creator/b3b12eaa-41b3-491e-a56c-8c334e31d689
478,train,https://glints.com/id/opportunities/jobs/admin/94f50290-62e0-4804-b8bb-0ad986bec314
479,test,https://glints.com/id/opportunities/jobs/waiter-waitress/48f11bdc-8bca-4362-b8f3-73ccd8790304
480,train,https://glints.com/id/opportunities/jobs/web-programmer-staaf/87685773-57a3-4191-81ae-e24648f62a36
481,train,https://glints.com/id/opportunities/jobs/driver/bcfdf8c4-c98e-487e-8927-fd13c73cd801
482,train,https://dealls.com/loker/account-executive-account-manager-1~orient
483,train,https://dealls.com/loker/hrd-staff-3~pt-adhimix-precast-indonesia-1
484,train,https://glints.com/id/opportunities/jobs/staff-warehouse/25af0b9b-f39c-496c-98a2-6283e70346c0
485,train,https://glints.com/id/opportunities/jobs/staf-gudang/9189d7ee-7529-44ca-b91a-bd45dfbfe9f9
486,test,https://dealls.com/loker/accounting-officer-30~karada-indonesia
487,test,https://dealls.com/loker/senior-accounting-and-tax-8~rrtc
488,train,https://glints.com/id/opportunities/jobs/admin-hr-and-ga/d7d03900-5f10-47ad-a365-a673746bf5c9
489,train,https://dealls.com/loker/production-planning-pekalongan-factory~pou-chen-group-indonesia
490,train,https://glints.com/id/opportunities/jobs/staff-multimedia/a5a595b9-029f-4196-a9a8-4965d628c106
491,validation,https://glints.com/id/opportunities/jobs/operator-produksi/d7a024b9-2a1b-47f7-b720-822e30a398f0
492,test,https://glints.com/id/opportunities/jobs/front-office/ec9f1f8c-d36c-4b3e-b31d-3f8a5362726e
493,train,https://glints.com/id/opportunities/jobs/admin-project/7160ca0c-baad-4a6b-af84-4d206497bb82
494,train,https://dealls.com/loker/distribution-center-manager-2~trial-betonperkasacom
495,train,https://glints.com/id/opportunities/jobs/desk-collection/26fee878-e63d-4d7f-b392-99650b1afb83
496,train,https://dealls.com/loker/apoteker-penanggung-jawab-2~sirka-yc-s21
497,validation,https://glints.com/id/opportunities/jobs/admin-sales/c4cf6c1a-048d-46d2-9adb-deca8edef618
498,test,https://glints.com/id/opportunities/jobs/admin-store/242adbfc-0be6-4225-9a7e-216a48ebd59e
499,train,https://glints.com/id/opportunities/jobs/sales-promotor/367b7fdc-6ebf-4791-b8d4-59a8dfb87795
500,train,https://glints.com/id/opportunities/jobs/waiter-waitress/d35c64ed-f6d4-40cf-a8d6-70a67d0bb9fa
501,train,https://glints.com/id/opportunities/jobs/key-account-executive/9455fc68-89c5-49ae-8e04-12f13cb5eeea
502,test,https://dealls.com/loker/financial-planner-3~pt-glori-investama-berjangka%26hl%3Den%26sl%3Did%26tl%3Den%26client%3Dsearch
503,train,https://glints.com/id/opportunities/jobs/operator-produksi/93f4186b-3f30-4491-a224-93c737021442
504,train,https://glints.com/id/opportunities/jobs/operator-produksi/98ef5b31-67f6-432a-87c2-5337f20d6c17
505,train,https://glints.com/id/opportunities/jobs/pramuniaga/aceaeaa8-2ef5-4a46-9e48-2573c490f5e5
506,test,https://glints.com/id/opportunities/jobs/executive-assistant/1b9b2385-fc0a-483c-bb7a-7f1786270d31
507,train,https://glints.com/id/opportunities/jobs/administrator-magang/e018580a-b7cf-40e8-bc60-6631c53ffcea
508,train,https://glints.com/id/opportunities/jobs/admin/5a6adc25-ca4d-4089-b624-8e392fea8f31
509,train,https://glints.com/id/opportunities/jobs/resepsionis-administratif/e00968a0-bdb1-471c-8e7c-e1290192c52b
510,train,https://glints.com/id/opportunities/jobs/packing/b1d7b345-5fe1-43eb-8aa6-b868307894f5
511,validation,https://dealls.com/loker/finance-intern-23~pt-nutrisi-sempurna-indonesia-perfect%26hl%3Den%26sl%3Did%26tl%3Den%26client%3Dsearch
512,train,https://glints.com/id/opportunities/jobs/sales-promotor/85125264-1863-4f3c-8d63-fad7dc09479d
513,train,https://glints.com/id/opportunities/jobs/magang-operator-mesin/47d5c534-9ba3-4f21-8f4e-f6a068c13056
514,train,https://dealls.com/loker/key-opinion-leader-management-specialist~pt-santos-jaya-abadi-kapal-api-global
515,train,https://glints.com/id/opportunities/jobs/kepala-unit/64cbb55d-6dbe-4d43-b287-ea2f11aa2550
516,train,https://glints.com/id/opportunities/jobs/social-media-specialist/f12ac26f-cf43-4baa-a988-b826ac98e731
517,validation,https://dealls.com/loker/marketing-jasa-logistik-jakarta~kharisma-potensia-indonesia%26hl%3Den%26sl%3Did%26tl%3Den%26client%3Dsearch
518,train,https://dealls.com/loker/credit-analyst-coordinator-1~pt-indomobil-finance-indonesia
519,train,https://glints.com/id/opportunities/jobs/sales-and-marketing/a42faad5-183e-4bbb-99b5-727da9f63f9e
520,validation,https://dealls.com/loker/beauty-therapist-1~esther-aesthetic
521,train,https://glints.com/id/opportunities/jobs/freelance-article-writer/90879a41-6f74-40b1-aa40-6fcbbddf51de
522,train,https://glints.com/id/opportunities/jobs/penjaga-kantin/93aa3965-e9e4-4776-90ad-9a870e6aa15f
523,train,https://glints.com/id/opportunities/jobs/barista/765a8097-4cc6-4ebe-9267-21a131ea3d11
524,train,https://glints.com/id/opportunities/jobs/pengawas-proyek/c84286c8-c0f9-436a-87d1-b31d8d86ce64
525,validation,https://glints.com/id/opportunities/jobs/social-media-officer/8c65bc6a-a83f-4196-b3b2-f984d766b2b8
526,train,https://glints.com/id/opportunities/jobs/admin-operasional/30504917-e1e4-4760-9f93-d7b62dfc4ea8
527,validation,https://glints.com/id/opportunities/jobs/staff-qc-factory/32c83c35-19fb-4e9f-9bca-ed9143981831
528,train,https://dealls.com/loker/staff-lapangan-eo-blackman~pt-citra-bahasa-global
529,train,https://glints.com/id/opportunities/jobs/community-officer/6671c49c-66c8-45ee-b791-09c998ee5254
530,train,https://dealls.com/loker/business-development-internship-7~ptenseval-putera-megatrading-tbk
531,test,https://glints.com/id/opportunities/jobs/beauty-promotor/4866b18e-1ba2-42e6-9c30-06cb13e1dcd0
532,train,https://dealls.com/loker/social-media-lead-7~trial-flymannathaliecom
533,train,https://glints.com/id/opportunities/jobs/supir-truk/3e540422-a48c-497e-8e33-efe643138504
534,test,https://dealls.com/loker/learning-program~pt-kompas-media-nusantara
535,train,https://glints.com/id/opportunities/jobs/barista/d795d7a2-1439-4036-b70a-3239dd34a96c
536,train,https://glints.com/id/opportunities/jobs/business-development/452264b8-26fd-4574-8492-2900b4f6f868
537,train,"https://dealls.com/loker/marketing-staff-16~pt-nutrisi-sempurna-indonesia-perfect%23:~:text%3DDeskripsi%2520Pekerjaan,mengoptimalkan%2520channel%2520penjualan%2520secara%2520online."
538,train,"https://dealls.com/loker/infrastructure-and-network-security~pt-communication-cable-systems-indonesia%23:~:text%3DDeskripsi%2520Pekerjaan%26text%3DMengelola%2520dan%2520mengoptimalkan%2520infrastruktur%2520IT,(network%252C%2520server%252C%2520database)%26text%3DMonitoring%252C%2520troubleshooting%252C%2520dan%2520maintenance%2520sistem,%2526%2520jaringan"
539,test,https://glints.com/id/opportunities/jobs/hr-generalist-batam/8819ac39-116f-4c97-816a-738ea38b8f2c
540,validation,https://glints.com/id/opportunities/jobs/crew-produksi-demak-and-grobgan/69a6bd47-41f6-4aa9-93ca-c132f53cd600
541,train,https://dealls.com/loker/social-media-specialist-164~trial-glowiesbeautycom
542,train,https://dealls.com/loker/it-data-platform-intern~adira-finance
543,train,https://dealls.com/loker/payment-general-affairs~bank-shinhan-indonesia
544,train,https://glints.com/id/opportunities/jobs/admin-support-lion-parcel/d0789d7b-69b7-408d-bb10-a07185b59950
545,test,https://dealls.com/loker/admin-marketing-staff-1~ljtamacom
546,train,https://glints.com/id/opportunities/jobs/staff-accounting-and-tax/dd5b8f57-c2b4-4552-ae8b-38b584db4272
547,validation,https://glints.com/id/opportunities/jobs/serabutan-dan-packing/b9717f12-8904-43e1-9445-664379324169
548,train,https://glints.com/id/opportunities/jobs/resepsionis/7df0a35e-9711-4c1e-a23c-2aa8223276a1
549,train,https://glints.com/id/opportunities/jobs/data-entry/b3eb9802-21b1-4c4a-b61b-18937990e010
550,train,https://dealls.com/loker/store-associate-shop-assistant-store~firstchoicefoodcoid
551,train,https://dealls.com/loker/sales-promotion-girl-spg-2~libby-baby
552,train,https://glints.com/id/opportunities/jobs/produksi/85afbd93-2ae9-457b-99ff-7a20877a086d
553,validation,https://glints.com/id/opportunities/jobs/rider-gerobak-pempek/63649132-28cd-43fc-8291-adf83ad20129
554,test,https://dealls.com/loker/database-developer-2~pt-gdc-multi-sarana
555,train,https://glints.com/id/opportunities/jobs/supervisor/4f9c3cb4-8c32-4f9d-98c6-fb35e6f70493
556,test,https://glints.com/id/opportunities/jobs/front-desk-receptionist/42349e56-4ad1-458e-93af-19f1855c4210
557,train,https://glints.com/id/opportunities/jobs/sales-creator/b38261a5-dc3f-4bd7-8d21-b3b785323d7a
558,train,https://dealls.com/loker/e-commerce-pick-and-pack~pt-amerta-indah-otsuka
559,train,https://dealls.com/loker/field-recruiter~pt-jeje-harapan-transindo
560,train,https://glints.com/id/opportunities/jobs/staff-gudang/98f7d7d1-01c8-4381-a289-15337a942069
561,train,https://dealls.com/loker/management-trainee-sales-and-business~pt-glori-investama-berjangka
562,test,https://glints.com/id/opportunities/jobs/secretary/d2ed2a0b-0075-406f-a56b-06a1aef0d128
563,validation,https://glints.com/id/opportunities/jobs/sound-engineer-tuning-audio-mobil/af31d345-f10d-4bb5-be1d-bacbcd674591
564,validation,https://glints.com/id/opportunities/jobs/graphic-designer/c6294c5d-5c4d-4b50-88af-bb1fb870dc65
565,train,https://dealls.com/loker/umkm-partnership-project~yayasan-asar-humanity
566,train,https://glints.com/id/opportunities/jobs/office-boy/6ee5900e-0e02-4a2e-b02f-9827b9d4ad67
567,validation,https://glints.com/id/opportunities/jobs/direct-sales-representative/d088a915-8ddd-4012-87db-8ca28b4de35c
568,train,https://glints.com/id/opportunities/jobs/driver-produksi-dan-produksi-durumhaus/a343a2e3-1226-4d31-9815-a09b5721afb9
569,train,https://glints.com/id/opportunities/jobs/staff-cook/a3c40ddf-c92b-4877-a0d5-e1131ba57461
570,train,https://glints.com/id/opportunities/jobs/desk-collection/097a1485-452d-4d54-9bc5-2daa82394df0
571,train,https://dealls.com/loker/retail-sales-associate-balikpapan~delamibrands
572,train,https://dealls.com/loker/legal-staff-26~agung-sedayu-group-1
573,train,https://glints.com/id/opportunities/jobs/ga-staff/4573693a-e73a-4d03-bd05-a5cea620a32f
574,validation,https://dealls.com/loker/telemarketing-22~hamasaiparnamandiri
575,train,https://glints.com/id/opportunities/jobs/waitress/aeda7b3b-146d-4500-9324-f43a4b7bd9c9
576,train,https://glints.com/id/opportunities/jobs/sales-consultant/a17490bf-ec58-447a-92f3-0436b08cb8d7
577,train,https://dealls.com/loker/quality-assurance-staff-4~pt-jeje-harapan-transindo
578,test,https://glints.com/id/opportunities/jobs/admin-penjualan/80c057a1-c340-481d-a03c-7194676d8832
579,train,https://glints.com/id/opportunities/jobs/admin-online-picker-dan-packer/5a243511-e3ee-42cd-883d-7e1c5b003410
580,validation,https://glints.com/id/opportunities/jobs/store-leader-medan/79590cce-9889-4ba3-aa67-d32307666583
581,train,https://glints.com/id/opportunities/jobs/territory-sales-and-collecting-staff-bantul/d59c7183-20c8-457a-9835-a691e4884e60
582,train,https://dealls.com/loker/demand-planning-1~octarine-perfume
583,test,https://glints.com/id/opportunities/jobs/formulator/7abee438-581e-449c-8043-35ccf8bec2e7
584,train,https://glints.com/id/opportunities/jobs/admin-produksi/aa269d2a-4c7f-4f29-98b7-b09654b1fdb0
585,test,https://glints.com/id/opportunities/jobs/admin-gudang/eca5784c-8370-4481-b42e-7f9d85706f10
586,train,https://glints.com/id/opportunities/jobs/general-affairs-and-facility-support-pabrik-pengolahan-limbah/521a32c9-2e04-4028-8d00-7ba41af9a0f7
587,test,https://glints.com/id/opportunities/jobs/xcoffee-rider-kopi-keliling/35dcc95d-14cf-44ce-aae6-7a2c57448f51
588,train,https://glints.com/id/opportunities/jobs/landscape/e6f1f725-9667-4524-a718-da2a26dab3e8
589,train,https://dealls.com/loker/kol-and-affiliate-specialist-staff~vectorlabscoid
590,test,https://dealls.com/loker/general-affairs-live-shopping~social-bread
591,train,https://dealls.com/loker/public-relations-officer-surabaya-lvl1-1~pt-atomic-mail
592,train,https://glints.com/id/opportunities/jobs/waiter-waitress/40d19640-5cca-4811-bc10-539a490e0c68
593,train,https://glints.com/id/opportunities/jobs/kepala-toko/841a986d-1fa4-4d1d-8482-42ab2e4a1f74
594,train,https://glints.com/id/opportunities/jobs/product-designer/17f950d9-93b9-42a4-9282-9d8cfb038dad
595,train,https://glints.com/id/opportunities/jobs/purchasing/29aa444f-eb16-4987-a67c-fda5b32b91d7
596,train,https://dealls.com/loker/public-relations-7~pt-glori-investama-berjangka
597,test,https://dealls.com/loker/pengawas-proyek-program-dapur-mbg~ayam-bakar-pak-d
598,train,https://glints.com/id/opportunities/jobs/tukang-bangunan/c4b91761-3fe2-4f0a-814a-05265345e5db
599,test,https://glints.com/id/opportunities/jobs/sekretaris/91adc433-ae08-4347-908e-8ab6fa16f7df
600,test,https://glints.com/id/opportunities/jobs/admin-gudang/c0a1f021-3b53-4edd-a528-25a26770cee5
601,train,https://dealls.com/loker/staff-penjualan~bisakulak-jatim
602,train,https://dealls.com/loker/social-media-intern-50~pt-jeje-harapan-transindo
603,train,https://glints.com/id/opportunities/jobs/admin-finace/7563d336-8de3-41d1-be49-0514a8992239
604,train,https://dealls.com/loker/finance-assistant-part-time~lindungihutan
605,train,https://glints.com/id/opportunities/jobs/operator-pengiriman/6ce9d0ef-ff1f-4421-8e5d-18b7240dd8af
606,train,https://glints.com/id/opportunities/jobs/freelance-brand-content-creator/87946c9a-6e7e-4110-950e-8b667fbf2b5f
607,train,https://dealls.com/loker/purchasing-manager-3~jaddi
608,train,https://dealls.com/loker/hr-administrator-4~pt-ultra-sakti-1
609,train,https://glints.com/id/opportunities/jobs/office-boy/2e78311e-a807-4ec7-bfed-fe59d62f4ed8
610,train,https://glints.com/id/opportunities/jobs/operator-numbering/7fd91e64-5724-4a6c-90c8-766dd376b6b4
611,validation,https://dealls.com/loker/junior-embedded-iot-and-scada~trial-luweswatersensorcom
612,train,https://glints.com/id/opportunities/jobs/content-writer/e6a1f61a-90cc-494b-b659-035bd670bcca
613,train,https://glints.com/id/opportunities/jobs/kasir/f117f696-fd5c-48ef-863a-c43155e86959
614,train,https://glints.com/id/opportunities/jobs/admin-import/45350657-aef9-45c0-9b4e-46576ee25339
615,train,https://glints.com/id/opportunities/jobs/asisten-penjualan/033d3b15-5e0a-4340-a2ff-5329612cf043
616,train,https://glints.com/id/opportunities/jobs/staff-marketing-extibition-dan-canvassing/3e3a4a14-2c27-4427-a0b4-c2ce1481d2db
617,train,https://glints.com/id/opportunities/jobs/admin/b5da2c0a-acca-4c98-971a-204e8a5f6712
618,train,https://glints.com/id/opportunities/jobs/business-development/d212fd01-cb8f-47e0-97de-fc66f2523121
619,train,https://glints.com/id/opportunities/jobs/marketing-komunikasi/fbd64f11-887e-42ac-82ca-66cdeee6b1c1
620,train,https://dealls.com/loker/qc-produksi-staff~pt-global-jaya-ultime
621,train,https://glints.com/id/opportunities/jobs/crew-outlet/04e176e4-19c0-4401-93a5-1881b5dec768
622,train,https://dealls.com/loker/host-live-streaming-86~yiwu-indonesia
623,train,https://glints.com/id/opportunities/jobs/content-creator/668530d1-2589-4fa9-8554-cd48743bc35b
624,train,https://dealls.com/loker/inventory-planning-and-control-supervisor~trial-flymannathaliecom
625,test,https://dealls.com/loker/senior-kol-specialist-5~digizecal-vita-guna
626,train,https://glints.com/id/opportunities/jobs/legal-and-regulatory-specialist/da37da63-6080-4eb9-8731-55ada6fca1c5
627,test,https://dealls.com/loker/talent-acquisition-intern-pro-hire~anteraja
628,train,https://glints.com/id/opportunities/jobs/host-live-streaming/09f72130-1212-4440-a753-9b995170f348
629,train,https://glints.com/id/opportunities/jobs/part-time-photobooth/7d45fb48-be5a-4860-85d0-6b35d147e07b
630,validation,https://glints.com/id/opportunities/jobs/sales-safety/9d1c5560-cf94-4ef2-863b-f91f66e4fd8c
631,train,https://glints.com/id/opportunities/jobs/crew-outlet/ab624def-167b-40dc-9742-476618e3e33a
632,train,https://glints.com/id/opportunities/jobs/admin-operasional/d0f157d3-4fff-4955-9259-3cae95bcaece
633,train,https://dealls.com/loker/brand-partnership~pt-kompas-media-nusantara
634,test,https://glints.com/id/opportunities/jobs/field-operations-bali/fde34b4d-5972-46b8-bdfe-710b082c92cf
635,train,https://glints.com/id/opportunities/jobs/live-stream-host/d698e628-8dea-47e9-b154-651e0a3d0f85
636,train,https://dealls.com/loker/finance-account-receivable-surabaya~pt-sentra-vidya-utama-sevima
637,train,https://dealls.com/loker/export-and-import-staff-surabaya~vectorlabscoid
638,train,https://glints.com/id/opportunities/jobs/admin-staff/c6967f5d-03fe-4c56-8734-b460d8c98f82
639,train,https://glints.com/id/opportunities/jobs/freelance-nail-artist-for-kids/099b4e7b-78a4-4420-a0a2-fb67e635813e
640,train,https://glints.com/id/opportunities/jobs/petugas-kebersihan-cleaning-service/22e4318c-b06f-49ab-a5fa-f4d1d5de6f42
641,train,https://glints.com/id/opportunities/jobs/content-creator-internship/51110b00-9487-4d80-b5f5-01d5ae22bc87
642,train,https://dealls.com/loker/finance-accounting-12~pt-inti-berkat-jaya
643,test,"https://dealls.com/loker/asisten-apoteker-6~pt-ultra-sakti-1%23:~:text%3DDeskripsi%2520Pekerjaan,yang%2520dibutuhkan%2520untuk%2520kegiatan%2520produksi"
644,train,https://glints.com/id/opportunities/jobs/desk-collection-staff/5da5a0e0-e36b-4d70-8397-b00c1fbd080f
645,train,https://glints.com/id/opportunities/jobs/store-manager/27124be7-8860-4958-854b-db8cb261177d
646,validation,https://glints.com/id/opportunities/jobs/kurir-motor-daily-worker/9b38b4d5-0a77-43b4-84fd-1963d9abcb34
647,train,https://glints.com/id/opportunities/jobs/customer-service/692636c2-aa83-4566-aee2-0e822853f7bd
648,train,https://glints.com/id/opportunities/jobs/content-creator/800d6ad5-dc89-48a8-ae3b-894aef48a2ea
649,validation,https://glints.com/id/opportunities/jobs/hr-specialist/fd0436ab-7c30-4651-a3dd-4dadbcfbd5e4
650,validation,https://glints.com/id/opportunities/jobs/surveyor-project-based-gorontalo/74a28dd6-6090-42a1-b8af-8556d39b9785
651,train,https://dealls.com/loker/executive-syiar-officer-eso~trial-tanurmuthmainnahcom
652,validation,https://glints.com/id/opportunities/jobs/sales-promotor/fd6147fa-c095-420f-968d-9ba61d1bea49
653,test,https://glints.com/id/opportunities/jobs/graphic-designer/49aa704e-fde8-4b3b-b599-21d5336a3716
654,test,https://glints.com/id/opportunities/jobs/content-creator-advertiser/d4fe807a-85ed-46a6-9ea5-435dcbe18585
655,train,https://glints.com/id/opportunities/jobs/administrasi-keuangan/48448034-f870-4963-aa2b-e0c5491a55b0
656,test,https://glints.com/id/opportunities/jobs/content-creator/45a9965f-6650-4619-aa27-b0444ba1d782
657,train,https://glints.com/id/opportunities/jobs/perawat/d1d0adff-2ed5-4f3b-8a77-80a953039ade
658,test,https://glints.com/id/opportunities/jobs/admin-store/f97d1823-453b-446e-b696-4aee59d890a3
659,train,https://dealls.com/loker/admin-sales-9~abfreshcom
660,train,https://glints.com/id/opportunities/jobs/office-boy/86dddb58-5fd5-41e3-80e8-0913e7181694
661,validation,https://dealls.com/loker/marketing-staff-17~valbury-asia-group
662,train,https://glints.com/id/opportunities/jobs/admin/9b1c2993-d7cc-4b08-b43f-af6d46528192
663,train,https://glints.com/id/opportunities/jobs/staff-gudang/15f16c90-b874-45c4-bd49-8754a2443530
664,train,https://glints.com/id/opportunities/jobs/admin-marketing-online/568ea784-4892-4997-9800-e767d0ff2ee8
665,train,https://dealls.com/loker/manual-quality-assurance-2~ordoapps
666,train,https://dealls.com/loker/sales-associate-toko-cat-1-1~brik
667,train,https://glints.com/id/opportunities/jobs/waiter-waitress/aa02f0d3-0aad-40a7-b704-d0f9101d3007
668,train,https://dealls.com/loker/sales-supervisor-team-leader~brik
669,train,https://glints.com/id/opportunities/jobs/leader-teknisi-perbaikan-printer/4f0ca2e1-6d4e-4f64-81b7-2c4eef5c2535
670,train,https://glints.com/id/opportunities/jobs/operator-produksi/a91cc81f-80a2-4a2b-adfd-cc1f9523d302
671,test,https://glints.com/id/opportunities/jobs/customer-service/54ad1833-809d-459a-a491-4dbe37e8b14b
672,train,https://glints.com/id/opportunities/jobs/desk-collection/e6ee8f4a-4893-4abe-a84a-21a75ce977d1
673,train,https://glints.com/id/opportunities/jobs/content-creator/df4c30b2-68a2-4f53-9b9c-8f450b9f33b0
674,train,https://glints.com/id/opportunities/jobs/content-creator/ebd6848b-62ca-49ab-a6f1-984f073b19ca
675,train,https://dealls.com/loker/batching-plant-operator-3~brik
676,train,https://dealls.com/loker/marketing-internship-5~papandayan-cargo
677,test,https://dealls.com/loker/associate-product-manager-surabaya~pt-sentra-vidya-utama-sevima%26hl%3Den%26sl%3Did%26tl%3Den%26client%3Dsearch
678,test,https://glints.com/id/opportunities/jobs/customer-service/ade7b7e0-05b0-48bf-a177-9cc1f916a0af
679,train,https://glints.com/id/opportunities/jobs/staff-purchasing/41c81275-af26-4be3-90bb-046dd8f564b2
680,validation,https://dealls.com/loker/document-control-2~pt-megah-pita-indonesia
681,train,https://glints.com/id/opportunities/jobs/sales-acquisition-depok-bogor/f9024b2d-68d5-4fe4-add8-79bc6da2a4ce
682,test,https://glints.com/id/opportunities/jobs/content-creator/357ca5e7-7e54-4a40-ae9c-3e8be0fd971e
683,train,https://glints.com/id/opportunities/jobs/intern-content-creator/a8a1f11d-4310-41a3-add0-6b07a491538d
684,test,https://dealls.com/loker/senior-manager-operasional~papandayan-cargo
685,train,https://glints.com/id/opportunities/jobs/talent-acquisition/141c609c-0cce-46a6-9a6e-77b55897a7e4
686,train,https://dealls.com/loker/research-and-development-staff-5~vectorlabscoid
687,validation,https://glints.com/id/opportunities/jobs/resepsionis/ce65905e-90e4-4826-a02d-a5b9158cd47d
688,train,https://glints.com/id/opportunities/jobs/store-manager/fe2d3d58-1763-42b9-9f05-73274df95df4
689,train,https://dealls.com/loker/finance-internship-8~jakmallcom
690,train,https://glints.com/id/opportunities/jobs/admin-marketing-lapangan-padel/c4620a83-d62e-4cb4-848f-f40188356d6b
691,train,https://glints.com/id/opportunities/jobs/ahli-gizi/1715bbee-4a64-4bcc-bac2-fa2c4d48ebc5
692,test,https://glints.com/id/opportunities/jobs/quliaty-control/f7b2e24e-5621-4165-be10-02b9e716767a
693,train,https://glints.com/id/opportunities/jobs/front-desk-receptionist-admin/de64f910-3732-4a91-9b43-d9315e53623f
694,train,https://glints.com/id/opportunities/jobs/staf-gudang/ede02791-464d-4d06-9463-c85d6210b910
695,train,https://glints.com/id/opportunities/jobs/housekeeping/6635c0a6-e0f9-4a90-8a54-f1392b5ae8c7
696,train,https://dealls.com/loker/legal-staff-25~pt-global-jaya-ultime
697,train,https://glints.com/id/opportunities/jobs/sales-consultant/256bd83c-e84f-44be-a52a-ab2dddbf563b
698,train,https://dealls.com/loker/sales-in-house~green-park-group
699,train,https://glints.com/id/opportunities/jobs/warehouse-staff/2688648c-f0ea-4d9a-86ad-e7bc182554e6
700,train,https://dealls.com/loker/facility-admin-jogja~pt-vidya-artha-tama
701,train,https://glints.com/id/opportunities/jobs/asisten-rumah-tangga/55432fe6-4c31-45e8-b9d5-b8b0d54a236f
702,train,https://glints.com/id/opportunities/jobs/leader-cook/f1364743-de6a-459f-a5ff-6560ebdfb88c
703,validation,https://glints.com/id/opportunities/jobs/content-creator/938cd504-fe20-4e7b-a7e9-eb26f395fde9
704,train,https://glints.com/id/opportunities/jobs/sekretaris/8388278b-398d-4c5e-970d-0e370ae55dc2
705,train,https://glints.com/id/opportunities/jobs/female-kepala-cabang-gym/dfbbea1a-19dd-42fa-9b25-ea0cbd6d7db1
706,test,https://glints.com/id/opportunities/jobs/hrga-staff-kota-makassar-sulsel/358618b0-f584-4aab-bf57-8a8a00fd1ce7
707,validation,https://dealls.com/loker/operation-manager-9~pt-jeje-harapan-transindo
708,validation,https://dealls.com/loker/recruitment-staff-11~valbury-asia-group
709,validation,https://glints.com/id/opportunities/jobs/admin-operasional/23ab7237-eeda-4ad0-91c4-b7795a75cb77
710,train,https://glints.com/id/opportunities/jobs/e-commerce-specialist/4f6e7dd6-a5f9-4889-a2dd-d0504836ceeb
711,train,https://glints.com/id/opportunities/jobs/captain-floor/011d8e08-2f74-4ccf-9258-8c6a04f752f2
712,test,https://glints.com/id/opportunities/jobs/it-technical-support-staff/ec4b1d11-752a-460e-879f-28d210acbe12
713,train,https://glints.com/id/opportunities/jobs/logistics-transportation-planner/42ee068f-ad99-492c-849f-f658acc500c2
714,validation,https://glints.com/id/opportunities/jobs/chef-de-partie/e8f2fcdd-ed04-47ba-83ed-e1720b0e5d89
715,train,https://glints.com/id/opportunities/jobs/kurir-motor/9e7ae8d3-8e6a-433c-936e-35e100883ab8
716,train,https://dealls.com/loker/finance-intern-24~dexa-group
717,train,https://dealls.com/loker/sales-it-consultant-1~pt-qtera-mandiri%26hl%3Den%26sl%3Did%26tl%3Den%26client%3Dsearch
718,train,https://glints.com/id/opportunities/jobs/content-creator/2ac9b4b1-6ddc-42bb-a421-57da19e83c61
719,train,https://glints.com/id/opportunities/jobs/barista/93108164-8d40-4160-acd7-6b50519949ea
720,train,https://dealls.com/loker/uiux-staff~pt-cs2-pola-sehat
721,validation,https://glints.com/id/opportunities/jobs/full-time-admin-marketing-samarinda/72f59756-aaf7-4096-b587-0ca97a15f704
722,test,https://dealls.com/loker/product-manager-118~pt-soul-media-global
723,train,https://glints.com/id/opportunities/jobs/staf-ppic/52549795-e546-4449-8257-bac982d26446
724,train,https://dealls.com/loker/content-creator-background-kesehatan~pt-nutrisi-sempurna-indonesia-perfect
725,test,https://dealls.com/loker/graphic-design-intern-46~vidiodotcom
726,train,https://glints.com/id/opportunities/jobs/operator-sewing/2d47043e-e84f-4769-acac-deb0f909fe3b
727,train,https://dealls.com/loker/marketing-intern-23~pt-cs2-pola-sehat
728,train,https://dealls.com/loker/admin-staff-5~pt-digital-marketing-solutions
729,validation,https://dealls.com/loker/manager-branding~cv-rantai-usaha-nusantara
730,train,https://glints.com/id/opportunities/jobs/staff-sales-taskforce-md-area-probolinggo/b9a2a013-ceb9-4716-813e-32bf595c5561
731,train,https://dealls.com/loker/copywriter-semarang-lvl1-1~pt-atomic-mail%26hl%3Den%26sl%3Did%26tl%3Den%26client%3Dsearch
732,test,https://glints.com/id/opportunities/jobs/customer-service/26352536-8f1e-4c49-a9b3-0079c13613d8
733,train,https://glints.com/id/opportunities/jobs/kepala-gudang/181b34ac-9996-4994-91a9-ce7d6c059cb4
734,test,https://glints.com/id/opportunities/jobs/kurir-motor/0c9d1e64-6fd1-4a43-be40-0be3683923ce
735,test,https://glints.com/id/opportunities/jobs/staff-toko/a47e5485-df0b-45b9-9432-bedc5d357a29
736,train,https://glints.com/id/opportunities/jobs/resepsionis-administratif/df5e895b-0c8a-47fd-a2f0-98c19856bb1e
737,train,https://glints.com/id/opportunities/jobs/kepala-toko/0d383edd-451b-4287-91ff-92d1eacbc52e
738,train,https://dealls.com/loker/hr-relation-staff-project-hotel~kharisma-potensia-indonesia
739,train,https://glints.com/id/opportunities/jobs/koki-senior-cook-resto-shifting-malam/77951fc8-84dc-43ec-b71a-968251840fa1
740,train,https://glints.com/id/opportunities/jobs/purchasing-staff/adce3366-bd74-4fad-9105-3506b0553966
741,validation,https://glints.com/id/opportunities/jobs/content-creator/526b5013-24e9-44b1-86ff-07a243c4a08d
742,train,https://glints.com/id/opportunities/jobs/manager-operasional-cabang/91167675-8ee0-49c4-8374-42712be487c2
743,test,https://glints.com/id/opportunities/jobs/customer-service/dfc2f38a-dc48-43b1-963f-ae99d5254516
744,train,https://glints.com/id/opportunities/jobs/customer-service/b5ebad77-bbe8-4c8e-8c79-cf6991c7f086
745,train,https://dealls.com/loker/bonding-tester-factory-pekalongan~pou-chen-group-indonesia
746,train,https://glints.com/id/opportunities/jobs/sales-promotor/ef037d57-8d5f-419a-9b51-864d37386878
747,test,https://glints.com/id/opportunities/jobs/administrasi/aab832eb-fe3b-4342-8910-80d2afda730d
748,train,https://glints.com/id/opportunities/jobs/project-planner/1f6ebb05-a778-4962-a6c0-813c51a1a814
749,validation,https://glints.com/id/opportunities/jobs/crew-produksi-taman-tekno/c91c2ec4-f889-4b67-8fd6-1e2854488a1b
750,train,https://glints.com/id/opportunities/jobs/staff-foto-studio/de05fad9-0e45-4c55-a443-a4b67afb5a48
751,train,https://glints.com/id/opportunities/jobs/waiter-part-time/1eec3b96-cc9f-4d80-b0c8-c6b30601a64c
752,test,https://glints.com/id/opportunities/jobs/maintenance-technician/edeec6f2-79f5-4269-a0b6-98815e43502a
753,train,https://glints.com/id/opportunities/jobs/admin-online/698b4aef-721e-410d-a975-f88cde1e8900
754,train,https://glints.com/id/opportunities/jobs/technical-support/d7254fbb-2859-4aba-b5fc-cc2533d4d6b5
755,train,https://glints.com/id/opportunities/jobs/admin-staff/7fa454fe-9d6f-4c26-aa2e-3eb8986a4fc7
756,train,https://glints.com/id/opportunities/jobs/kurir-last-mile/d30ed3d6-3e4f-4f13-a42e-0f55178064ca
757,train,https://dealls.com/loker/section-head-of-production-caringin~pt-cs2-pola-sehat
758,train,https://glints.com/id/opportunities/jobs/kasir/7188ba19-eef6-4cb7-9dc6-a6c197291891
759,validation,https://glints.com/id/opportunities/jobs/customer-service-online/dfd72808-4ab7-4cfb-8a41-9f5afe69dadc
760,train,https://glints.com/id/opportunities/jobs/personal-assistant-pa/7e81d2db-9de6-466b-80c4-907b15ea1c20
761,train,https://dealls.com/loker/videographer-12~pt-apique-resikindo-prima%26hl%3Den%26sl%3Did%26tl%3Den%26client%3Dsearch
762,train,https://glints.com/id/opportunities/jobs/admin-operasional/1103570c-14fe-43b9-a84b-4583b1de179b
763,train,https://dealls.com/loker/office-boy-area-tapos-depok~pt-vidya-artha-tama
764,test,https://glints.com/id/opportunities/jobs/operator-produksi/68d812ad-23f6-4000-977a-1c0c251483d9
765,test,https://glints.com/id/opportunities/jobs/host-live-shopee-and-tiktok-shift-pagi-malam/d4b8a142-e081-4667-99b3-5694addcdc4b
766,test,https://glints.com/id/opportunities/jobs/operator-forklift-reach-truck-sidoarjo/aa8235b1-cc52-4e3c-9fb3-a0a745a9cf34
767,validation,https://glints.com/id/opportunities/jobs/pramuniaga/a783bb5d-6804-4713-a6df-3229be70a98b
768,train,https://glints.com/id/opportunities/jobs/staff-administrasi/ff9ccc83-e7dd-413c-aa02-ddbf1a71c70b
769,train,https://glints.com/id/opportunities/jobs/it-development/7c804eb0-9850-4ba4-8094-dd0730adec12
770,train,https://dealls.com/loker/learning-and-training-support-internship~pt-cs2-pola-sehat
771,train,https://glints.com/id/opportunities/jobs/resepsionis/3d650003-c7e6-481a-95be-4ed19899abef
772,train,https://glints.com/id/opportunities/jobs/supervisor-marketing-pembiayaan-multiguna-sungailiat/63d2b671-c6f6-4ef4-9a8f-f507161671dd
773,train,https://glints.com/id/opportunities/jobs/office-supervisor/8d3be127-a68a-4e8c-abb0-3a90e22d30b2
774,validation,https://glints.com/id/opportunities/jobs/marketing-executive/0c786a5d-11f0-49cf-af37-aef01a4db316
775,train,https://glints.com/id/opportunities/jobs/customer-service/db8c7273-0e61-4e6a-9bc5-b3a096c38b2d
776,train,https://glints.com/id/opportunities/jobs/kurir-motor-astro/faebc6e3-8753-4133-bc76-376e0147cf90
777,test,https://glints.com/id/opportunities/jobs/staff-gudang/0b0d9594-737e-4587-92fe-d54c794b20fb
778,train,https://glints.com/id/opportunities/jobs/supervisor-kontruksi/f95a1dc2-2c04-4366-a163-a44cdf66699b
779,train,https://dealls.com/loker/electric-technician-staff-malang-1~arya-noble
780,train,https://glints.com/id/opportunities/jobs/staff-penjualan/ba974dc7-d2ac-44f7-b313-ab5189eb3e1d
781,train,https://glints.com/id/opportunities/jobs/sitac-executive-bogor/aedf527a-9194-40c6-9f5e-63816b67a0a6
782,train,https://glints.com/id/opportunities/jobs/cashier/3d540058-fb1c-48cf-9986-28d2f2925bfb
783,train,https://dealls.com/loker/software-engineer-33~pt-kompas-media-nusantara
784,train,https://glints.com/id/opportunities/jobs/office-boy/3221ab75-dd3e-428d-b0a9-0fa2b1799e7d
785,train,https://glints.com/id/opportunities/jobs/credit-analyst/f31b05e4-66d5-45b3-b502-0d3ce9f4009a
786,train,https://dealls.com/loker/academic-administrator-fakultas-kedokteran~universitas-ciputra-surabaya%26hl%3Den%26sl%3Did%26tl%3Den%26client%3Dsearch
787,train,https://glints.com/id/opportunities/jobs/asisten-rumah-tangga/89419b87-34b4-4ff9-a121-4b4abf78d2fa
788,test,https://glints.com/id/opportunities/jobs/barista/b0c20bc2-3061-451c-b07d-f5011cd701d6
789,validation,https://glints.com/id/opportunities/jobs/mobile-developer/1e44fef8-5fc0-4e52-9458-345440eb6450
790,train,https://glints.com/id/opportunities/jobs/crew-store-mustikajaya/4e2f26cf-eabc-4268-bc9c-5d9dc09ac63f
791,train,https://glints.com/id/opportunities/jobs/office-boy/c377d75c-54c0-43b1-8fce-9b8a2d19a935
792,train,https://glints.com/id/opportunities/jobs/freelance-delivery-o-simple-laundry-terusan-cigadung/723566ff-9164-4886-a2ba-44d0cfc98590
793,train,https://glints.com/id/opportunities/jobs/spg-buah-surabaya/eb6ef5be-bf6b-473e-a2ad-3cbf5f879e23
794,train,https://glints.com/id/opportunities/jobs/host-live-streaming/89704eb1-08a6-41cd-b28f-e14be2e3213f
795,train,https://glints.com/id/opportunities/jobs/call-center-j-and-t/e4162ab7-8d30-4e2b-b931-956d858420b0
796,train,https://glints.com/id/opportunities/jobs/customer-service/a1b3642e-30ac-4266-942f-b94de1a854e2
797,train,https://glints.com/id/opportunities/jobs/office-boy-dan-warehouse/2d1f00a8-3c48-45b6-b8e5-b817c268ad2c
798,train,https://glints.com/id/opportunities/jobs/supervisor-produksi-furniture-interior-fixture/f03207cb-a175-4e26-a116-2069d0cedc64
799,test,https://glints.com/id/opportunities/jobs/mekanik-dan-inspektor-mobil/b8040561-f2f1-47b1-a291-f9a9b768a946
800,validation,https://glints.com/id/opportunities/jobs/kurir-motor-lm-plus-spx-express/b4035b9a-c554-407e-bd1f-cc2daab416a7
801,test,https://glints.com/id/opportunities/jobs/head-chef/ce03cb40-f9e6-4ee7-8a9c-1795c1688f2e
802,train,https://glints.com/id/opportunities/jobs/team-vibes-laundry/5fa6c984-83c4-4a39-90a6-677c45b42fc0
803,validation,https://glints.com/id/opportunities/jobs/quality-control-staff/c54ce8c8-ace5-4353-9a7b-aea634fba0f7
804,test,https://glints.com/id/opportunities/jobs/sales-admin/e482cd45-f654-4ff7-ae70-168b005f475e
805,train,https://dealls.com/loker/demand-planner-product-focused-fmcg~makmurmakinmurah
806,test,https://dealls.com/loker/account-officer-wastehub-ciawi-bogor~rekosistem
807,train,https://glints.com/id/opportunities/jobs/helper-area-bali/ae68088e-4f6d-462c-aa7a-955243856b8f
808,test,https://dealls.com/loker/uiux-designer-corporate-website-and-1~dexa-group
809,validation,https://glints.com/id/opportunities/jobs/ob-and-packing/bed4d7f8-9228-4dcf-96ee-f80a1198adef
810,train,https://dealls.com/loker/marketing-communications-specialist-1~vectorlabscoid
811,test,https://glints.com/id/opportunities/jobs/admin-finance/ff3359b0-afd4-4430-b6cc-d6a3bdd7a09c
812,test,https://dealls.com/loker/stocker~trial-flymannathaliecom%26hl%3Den%26sl%3Did%26tl%3Den%26client%3Dsearch
813,test,https://glints.com/id/opportunities/jobs/driver-operasional/76e5afa2-0fd8-4f79-a097-b80bcdf34468
814,train,https://glints.com/id/opportunities/jobs/guest-relation-spa/8257590f-0e9d-454b-9234-d5c3fbfdaef2
815,train,https://glints.com/id/opportunities/jobs/admin/b4424f0c-c6a1-4d29-925f-51283e6aa3e1
816,train,https://glints.com/id/opportunities/jobs/maintenance-operator/e2581b91-0219-4ad2-9c8a-3ee5c83def9b
817,validation,https://glints.com/id/opportunities/jobs/host-live-streaming/d91f87c2-40e2-4681-9f2c-ec718af7cb5c
818,validation,https://glints.com/id/opportunities/jobs/staff-packing/aa504bdf-3bd9-46df-a267-7da1034d19e1
819,train,https://dealls.com/loker/ga-maintenance-leader-pekalongan~pou-chen-group-indonesia
820,train,https://glints.com/id/opportunities/jobs/finance-staff/5adbc29b-5763-4b64-9ec7-71222e047668
821,train,https://dealls.com/loker/account-manager-live-agency~cool-panda-indonesia-panda-media
822,validation,https://glints.com/id/opportunities/jobs/staff-gudang/d90f28e9-5d2a-442c-94cd-25079b3294e4
823,train,https://glints.com/id/opportunities/jobs/picker-spinter/ffd5a085-e9f2-4317-b759-78314b18b57e
824,train,https://glints.com/id/opportunities/jobs/staf-kantor/a5345841-7f93-4048-9bd7-75cd50338cfc
825,train,https://glints.com/id/opportunities/jobs/admin/91b3f209-117a-4bd4-816e-b06720f17762
826,train,https://glints.com/id/opportunities/jobs/human-resources-development/e62e565c-8509-4eb9-bdad-13ea1cf79420
827,train,https://glints.com/id/opportunities/jobs/customer-relationship-officer/120a2c3c-8b91-4ce0-93d7-c4a73449283a
828,train,https://dealls.com/loker/desk-collection-10~pt-indonesia-fintipia-technology-easycash
829,test,https://glints.com/id/opportunities/jobs/barista/87f817f4-d86d-4b7b-b71b-9281c1d647f2
830,train,https://glints.com/id/opportunities/jobs/sales/7373bebc-6ece-4824-9f1e-b47ce705dc02
831,train,https://glints.com/id/opportunities/jobs/cs-live-streaming/ba9e60b3-f02b-45bb-a9fc-8c793f56daf9
832,test,https://glints.com/id/opportunities/jobs/site-supervisor/8b4e8a01-1c4e-472e-a13a-f338f51e6ccc
833,train,https://glints.com/id/opportunities/jobs/barista/6915bffd-aac0-4ad6-8a3c-128c0cee2e80
834,train,https://dealls.com/loker/area-representative-officer~nixx-or-pt-idpods-kreasi
835,validation,https://dealls.com/loker/payroll-specialist-7~pt-jeje-harapan-transindo%26hl%3Den%26sl%3Did%26tl%3Den%26client%3Dsearch
836,validation,https://glints.com/id/opportunities/jobs/model-talent-live/f7133564-7d2c-4d50-ac94-3ef7da8fd2d8
837,validation,https://glints.com/id/opportunities/jobs/service-crew/159a9f16-723d-4fa2-930f-0487829cd54e
838,train,https://glints.com/id/opportunities/jobs/admin/e19a27cb-73f1-4782-8a90-2dff170ae16b
839,test,https://glints.com/id/opportunities/jobs/admin-operasional/180c20fc-db3d-4c55-8f7e-da9b091636f7
840,train,https://glints.com/id/opportunities/jobs/quality-assurance-bakery/0efee5f8-5974-4d51-8ead-51365ee5ba1f
841,train,https://glints.com/id/opportunities/jobs/operator-traffic-control-command-center/173c9521-6620-4899-8b52-4ef20380fc69
842,train,https://glints.com/id/opportunities/jobs/sales-promotion-girl-spg/2602bf17-8d1f-47f5-aa90-6ac0f56ea3cf
843,test,https://glints.com/id/opportunities/jobs/admin-produksi/97fc168a-3385-4708-b5ca-e16be86f0fc5
844,train,https://dealls.com/loker/finance-staff-47~agung-sedayu-group-1
845,train,https://glints.com/id/opportunities/jobs/customer-service/265b1735-ee13-4f9f-bd0d-4bc60cfc581a
846,train,https://glints.com/id/opportunities/jobs/admin-marketplace-data-entry/92ec1ca3-0aac-42d2-98ad-6cb0e02c198f
847,train,https://glints.com/id/opportunities/jobs/fotografer-fashion/d00d1736-9733-4d26-918d-ec8c7c795d90
848,train,https://glints.com/id/opportunities/jobs/supervisor-cleaning-service/c708d77f-76fe-40ec-82b8-19eac86356af
849,test,https://glints.com/id/opportunities/jobs/hr-assistant-manager/dad7f30d-7223-485e-b73f-05367b91cedb
850,train,https://dealls.com/loker/accounting-and-tax-staff-12~pt-fcl-internasional-indonesia
851,train,https://dealls.com/loker/digital-marketing-supervisor-surabaya~vectorlabscoid
852,train,https://glints.com/id/opportunities/jobs/3d-generalist-artist/263067e4-e6b3-45c1-bb29-2ea488b328c4
853,train,https://glints.com/id/opportunities/jobs/customer-service-representative/d5dcb112-5294-47de-ae9a-d25bf2bdf82c
854,train,"https://dealls.com/loker/quality-control-junior-analyst-incubation~dexa-group%23:~:text%3DDeskripsi%2520Pekerjaan%26text%3DMelakukan%2520sampling%2520dan%2520pengujian%2520fisikokimia,pengemas%252C%2520IPC%252C%2520dan%2520produk%2520jadi.%26text%3DMelaksanakan%2520pengujian%2520untuk%2520studi%252C%2520transfer,metode%252C%2520verifikasi%2520metode%252C%2520dan%2520stabilita."
855,train,https://dealls.com/loker/tax-accounting-associatejunior-level~theta-logiframe
856,train,https://dealls.com/loker/receptionist-internship~pt-cs2-pola-sehat
857,train,https://glints.com/id/opportunities/jobs/head-chef-central-kitchen/8661bb4f-7832-4b67-a2b8-b2a0d6c67e75
858,train,https://dealls.com/loker/marketing-and-admission-officer~universitas-ciputra-surabaya
859,train,https://glints.com/id/opportunities/jobs/operasional/b2b51b1e-0c36-4207-a0c6-7a80e1b4c34c
860,validation,https://glints.com/id/opportunities/jobs/koordinator-produksi/265edc72-8677-4ade-927e-fff433a3af3b
861,train,https://glints.com/id/opportunities/jobs/business-development-staff/c04e06a8-6714-4bc6-bcdf-b12974edd169
862,train,https://dealls.com/loker/leader-assembling-factory-pekalongan~pou-chen-group-indonesia%26hl%3Den%26sl%3Did%26tl%3Den%26client%3Dsearch
863,train,https://glints.com/id/opportunities/jobs/pelaksana-inspeksi/b150c6d7-6ebd-452e-a6af-9a430462dc05
864,validation,https://glints.com/id/opportunities/jobs/front-liner/8aa1c591-089a-4125-b31a-738608ee3a01
865,test,https://glints.com/id/opportunities/jobs/bancassurance-officer-area-jakarta-utara/6a5e2154-a3f3-442e-806c-fd90f6f19ce5
866,train,https://glints.com/id/opportunities/jobs/petugas-kebersihan-cleaning-service/b35b296b-4a00-431c-bfdf-92624dcc772e
867,train,https://glints.com/id/opportunities/jobs/admin-online-shop/803bc18a-93d4-4e96-990c-21e06e14e406
868,train,https://dealls.com/loker/beauty-trainer-bandung~pt-fcl-internasional-indonesia
869,train,https://dealls.com/loker/general-affair-japanese-speaker~yfa-consulting
870,train,https://glints.com/id/opportunities/jobs/business-development-executive/a66acf07-292d-4106-9bd7-c07f36d46dc7
871,train,https://glints.com/id/opportunities/jobs/sales-situbondo-bondowoso/56ee17a6-a85f-430d-9e8f-607a0c6f2d6e
872,validation,https://dealls.com/loker/marketing-aplikasi-erp-sunter-jakarta~kharisma-potensia-indonesia
873,validation,https://glints.com/id/opportunities/jobs/business-analyst/c28d234a-95f1-4df2-b523-0896564f9939
874,train,https://glints.com/id/opportunities/jobs/checker-warehouse/62663f50-0eac-4a84-a731-5ce6f35347ba
875,train,https://glints.com/id/opportunities/jobs/operator-produksi/9c91c057-d5b4-4d36-8c2a-c27e2b1903d4
876,train,https://glints.com/id/opportunities/jobs/spv-produksi/7df6e108-5146-4123-9195-23e5ef08627f
877,train,https://dealls.com/loker/secretary-personal-assistant~cv-cipta-sehat-anugrah
878,test,https://glints.com/id/opportunities/jobs/admin-klinik-kecantikan/b28a6543-0fd7-424c-9fd8-1244ded09f14
879,train,https://dealls.com/loker/sales-branch-mobile~pt-aims
880,test,https://dealls.com/loker/event-marketing-specialist-1~bithealth
881,train,https://dealls.com/loker/store-operations-admin-yogyakarta-13~sirclo
882,test,https://glints.com/id/opportunities/jobs/public-relations/681ef013-693d-4064-9392-2bde0b328ba6
883,train,https://glints.com/id/opportunities/jobs/tour-and-travel-marketing-manager/a8685a7b-526e-4ea6-98fd-8aaebe1ae24a
884,train,https://dealls.com/loker/pengajar-bahasa-jepang-3~trial-human-indcom
885,train,https://glints.com/id/opportunities/jobs/driver-penempatan-cipaku-bogor/510ee42e-a172-472d-9fe7-40973ea9b916
886,train,https://dealls.com/loker/general-ledger-staff~pt-santos-jaya-abadi-kapal-api-global%26hl%3Den%26sl%3Did%26tl%3Den%26client%3Dsearch
887,train,https://glints.com/id/opportunities/jobs/junior-mekanik/04e9d565-f528-4670-9f5c-f9912edc55e9
888,validation,https://dealls.com/loker/data-management~pt-induk-harta-insan-karimah
889,train,https://glints.com/id/opportunities/jobs/operator-produksi/8995746f-886e-48d7-a08c-3834fc7f1b53
890,train,https://glints.com/id/opportunities/jobs/staf-accounts-receivable/52c20102-873e-4ff3-8bad-99d198e8b382
891,validation,https://glints.com/id/opportunities/jobs/marketing-administration/140d92af-ad62-4a23-a341-07c8b0d4f421
892,train,https://glints.com/id/opportunities/jobs/fashion-designer/befbc30b-558d-4580-8e91-f185b0075680
893,train,https://glints.com/id/opportunities/jobs/supervisor-restoran/985a285a-9f89-48f9-8220-478e354a3395
894,validation,https://dealls.com/loker/site-engineer-spv-teknik~green-park-group
895,train,https://glints.com/id/opportunities/jobs/hrga-manager/d7a6e340-aec6-493e-ba7c-bbae72832f07
896,validation,https://dealls.com/loker/sales-consultant-22~papandayan-cargo
897,train,https://glints.com/id/opportunities/jobs/customer-service/60a59f31-adb0-46f6-8cc2-6ac821726ec8
898,validation,https://glints.com/id/opportunities/jobs/social-media-specialist/8ccf4b99-c0e5-45ba-86a8-ff93ee87759f
899,train,https://glints.com/id/opportunities/jobs/fisioterapis-freelance/744cb7d7-4964-4b0b-8b16-4657fbf3cc6b
900,train,https://glints.com/id/opportunities/jobs/operator-produksi/cbbd23c8-582f-48d0-934f-f1209e9f7a37
901,train,https://glints.com/id/opportunities/jobs/host-live-streaming/856a6bde-afdd-47a7-9a5b-9010ed41e9c3
902,train,https://glints.com/id/opportunities/jobs/packing/c7277173-714e-4c9d-b565-6ea0acf7346b
903,train,https://dealls.com/loker/finance-admin-6~brik
904,train,https://dealls.com/loker/analytical-junior-research-assistant-1~dexa-group
905,train,https://dealls.com/loker/subscription-sales-officer-event-and~modena
906,train,https://glints.com/id/opportunities/jobs/sales-motoris-gunung-sindur-parung/d79cf096-f833-4fb4-b12a-573a76d0cddf
907,train,https://glints.com/id/opportunities/jobs/finance-staff/4725ad72-a24e-4813-a9d5-f8844b72483f
908,test,https://glints.com/id/opportunities/jobs/operator-produksi/5657982a-e66a-4053-81f8-bef83227824e
909,validation,https://glints.com/id/opportunities/jobs/content-planner/d5959295-47b3-43c0-88eb-55aa791cec5b
910,validation,https://glints.com/id/opportunities/jobs/project-admin/7a033ee9-a0c7-43d9-93a7-a4635d97da1f
911,train,https://glints.com/id/opportunities/jobs/purchasing-staff/0e078637-216d-4988-a4e6-d14e90db8b80
912,train,https://glints.com/id/opportunities/jobs/desk-collection/c7f50c97-929d-4d18-bc88-59d75c8bf2b6
913,train,https://dealls.com/loker/secretary-temporary-3-6-bulan~pt-vidya-artha-tama
914,validation,https://glints.com/id/opportunities/jobs/staff-umum/85d2dcf9-1610-4110-a61b-5158761946cc
915,train,https://glints.com/id/opportunities/jobs/finance-and-accounting-staff/d7505bbc-6bc4-4a4e-bdc6-438c5372cc9c
916,test,https://dealls.com/loker/market-and-product-research-staff~jakartanotebookcom
917,train,https://glints.com/id/opportunities/jobs/business-development/39cccd1f-6fdd-4756-816e-60f423464f74
918,train,https://glints.com/id/opportunities/jobs/pic-gadai/24fd346a-8f4f-4565-aca1-ec850b2f6f2f
919,train,https://glints.com/id/opportunities/jobs/quality-assurance-qa-maternity-leave/940509e5-c2a9-46e4-94aa-2e97d8615b45
920,train,https://dealls.com/loker/sales-executive-staff-1~hozescreencom
921,train,https://dealls.com/loker/admin-finance-17~nixx-or-pt-idpods-kreasi
922,train,https://dealls.com/loker/purchasing-staff-surabaya~vectorlabscoid
923,train,https://glints.com/id/opportunities/jobs/personal-asisstant/45792c85-0658-48a8-85c7-508782ea7c85
924,train,https://glints.com/id/opportunities/jobs/produksi/fc50d662-c9ca-445b-9670-458fd1012ddb
925,train,https://glints.com/id/opportunities/jobs/mekanik-industrial-maintenance-industri-migas/913ec307-aaaf-4e8f-baa1-5405c9017670
926,train,https://glints.com/id/opportunities/jobs/waiter-waitress/e55f54d4-ce33-4a8e-a2bf-42744c33617a
927,test,https://glints.com/id/opportunities/jobs/store-manager-at-lippo-mall-jember/ae328136-f0c2-4c7a-817c-9f60b273a66f
928,validation,https://dealls.com/loker/customer-service-e-commerce-3~serial
929,train,https://glints.com/id/opportunities/jobs/team-leader/79e8067f-bb61-4071-b15b-5009f3aeb284
930,train,https://glints.com/id/opportunities/jobs/helper-produksi/9d819015-3685-4e00-a6e2-7660ccaf33e1
931,train,https://glints.com/id/opportunities/jobs/supervisor/5947111d-2a38-48ea-9e4f-48d144c04b96
932,test,https://glints.com/id/opportunities/jobs/net-developer/557cc857-92f7-457d-bd48-26c83c8ea6cb
933,train,https://glints.com/id/opportunities/jobs/finance-staff/9b45964b-dcc8-4312-ab00-89084b0aeaae
934,train,https://dealls.com/loker/teknisi-sipil-gedung-apartement~pt-vidya-artha-tama
935,train,https://dealls.com/loker/b2b-sales-executive-9~pt-higood-live-jakarta
936,validation,https://glints.com/id/opportunities/jobs/staff/a8abebed-74a3-425d-bcbb-a74ba182bd83
937,train,https://glints.com/id/opportunities/jobs/editor-video/a747fee2-8715-4b33-b4de-c85e880c7c84
938,train,https://glints.com/id/opportunities/jobs/contact-center-agent/f22100d1-1d49-432d-8ff2-7679d894c04b
939,train,https://dealls.com/loker/account-manager-107~anteraja
940,train,https://dealls.com/loker/software-engineer-36~keratonciptasolusicom
941,train,https://glints.com/id/opportunities/jobs/staff-gudang/7c4380f3-4012-4d56-aa6f-85beb7826f1a
942,train,https://glints.com/id/opportunities/jobs/personal-assistant/c1750d61-8f42-4190-94be-83d7df91df39
943,validation,https://glints.com/id/opportunities/jobs/cleaning-service/491dc411-2830-4581-940a-064a8eb61c19
944,train,https://glints.com/id/opportunities/jobs/sales-kediri/a91fea9e-7388-4216-ab76-4ff726d87842
945,test,https://glints.com/id/opportunities/jobs/sales-consultant/dd4ce4c2-a04d-45bc-b000-63efbb4708e5
946,train,https://glints.com/id/opportunities/jobs/barista/32621d87-a567-47dc-b06b-d9cba18179d4
947,train,https://glints.com/id/opportunities/jobs/call-center/3775f074-53ea-4502-8254-b6dc583c298f
948,train,https://glints.com/id/opportunities/jobs/graphic-designer/06932b46-d607-4c4a-9e63-6358a4681969
949,train,https://dealls.com/loker/staf-hrd~iblam-school-of-law
950,train,https://glints.com/id/opportunities/jobs/content-creator-interenship/3fe695fd-94a6-4851-b740-e351d83103e9
951,train,https://glints.com/id/opportunities/jobs/head-of-marketing/8589ad30-2fe8-4c9f-aa93-7893d455e797
952,train,https://glints.com/id/opportunities/jobs/staff-perizinan-limbah/abafd2be-5441-4e2e-8d26-de625aab17f7
953,train,https://glints.com/id/opportunities/jobs/cleaning-service/c4ab4bf1-4537-427b-8199-f9c44cb5328a
954,validation,https://dealls.com/loker/staff-administrasi-28~trial-mitraglobalekspresindocom
955,validation,https://glints.com/id/opportunities/jobs/warehouse-helper/e3e817a2-c3bc-4692-b93f-c83fb1d08d62
956,train,https://glints.com/id/opportunities/jobs/crew-outlet/458235f1-0caf-4edf-a8c3-4dd7bf761416
957,train,https://glints.com/id/opportunities/jobs/driver/55d61566-4ec2-4fd8-8ca7-4ecee198e1da
958,train,https://glints.com/id/opportunities/jobs/operator-packaging/7e1a78b8-f195-415c-bf65-9300588c3fa5
959,train,https://glints.com/id/opportunities/jobs/cleaning-service/1768a659-2982-4e1b-8477-e106d5c5bf3b
960,train,https://dealls.com/loker/business-development-245~digibook
961,train,https://glints.com/id/opportunities/jobs/network-engineer/7b275c25-110a-47e5-afc4-d514672ad751
962,train,https://glints.com/id/opportunities/jobs/sales-assistant/8585d315-61a5-47e9-bcd8-5561923a92b4
963,train,https://glints.com/id/opportunities/jobs/supir-truk/7f7aba1b-e07d-4968-9d1c-59e89fb28bbf
964,validation,https://glints.com/id/opportunities/jobs/seo-specialist/3b5df9cd-fb98-4bf3-98c3-2d08f4837884
965,test,https://dealls.com/loker/talent-acquisition-officer-4~universitas-ciputra-surabaya
966,validation,https://dealls.com/loker/pimda-otc-yogyakarta~dexa-group%26hl%3Den%26sl%3Did%26tl%3Den%26client%3Dsearch
967,train,https://glints.com/id/opportunities/jobs/sales-merchandiser-pet-product-banyumas/359c32e4-bd2b-4448-896f-bcfd4b937a3a
968,train,https://glints.com/id/opportunities/jobs/driver-logistic/2db8a56e-a252-4c4a-8851-0a8665ac9c00
969,validation,https://dealls.com/loker/drafter-14~green-park-group
970,test,https://dealls.com/loker/networking-and-partnership-officer-nnp~universitas-ciputra-surabaya
971,train,https://glints.com/id/opportunities/jobs/admin-produksi/ab45607c-bebd-4dc3-8885-06fa00e4934e
972,train,https://dealls.com/loker/sales-b2b-14~pt-digikidz-indonesia-1
973,train,https://glints.com/id/opportunities/jobs/barista/1b94425a-b48b-4090-b31b-78bb1419ee8d
974,validation,https://glints.com/id/opportunities/jobs/sales-marketing/009c6fd2-8bbd-4448-889d-94b95f96e74e
975,validation,https://glints.com/id/opportunities/jobs/recruiter/a470ffd6-55de-42ae-93ae-6fcc5cb914f4
976,train,https://glints.com/id/opportunities/jobs/content-creator/edbb6547-3e68-45a4-885c-131489432676
977,train,https://glints.com/id/opportunities/jobs/staff-administrasi/b6812ecb-7c3e-45f5-addd-1f621a3f367a
978,test,https://glints.com/id/opportunities/jobs/digital-marketing/f776e23c-d66e-4c33-8f78-4bd9a0f979d9
979,train,https://glints.com/id/opportunities/jobs/office-boy/c1058458-4448-4262-bf73-8b548bcde7af
980,train,https://glints.com/id/opportunities/jobs/project-manager/57bd1437-0447-48d6-9b86-4a3759b10163
981,validation,https://dealls.com/loker/content-creator-143~socialcommerceid
982,train,https://glints.com/id/opportunities/jobs/quality-assurance/04bd0399-308c-4ea1-849b-436a7e083955
983,train,https://glints.com/id/opportunities/jobs/supervisor-operasional/4d36ad0b-931f-4dfe-8e6d-4a91bed7ad42
984,train,https://dealls.com/loker/magang-teknisi-perbaikan~grahaventura
985,train,https://glints.com/id/opportunities/jobs/hr-ta-talent-acquisition-logistic-and-ecommerce/148f1e85-3040-4704-9cfc-276635ee5bf1
986,train,https://dealls.com/loker/engineering-supervisor-6~pt-lapi-laboratories
987,train,https://glints.com/id/opportunities/jobs/mobile-barista/00b23916-8dcb-4427-b06d-ad87425493b1
988,train,https://glints.com/id/opportunities/jobs/admin-gudang/c86216ad-5c74-4d9f-954b-e6fe44ad8dc7
989,train,https://dealls.com/loker/hr-industrial-relations~octarine-perfume
990,train,https://glints.com/id/opportunities/jobs/human-resources/2107cc63-f34f-4c89-af1f-79208919a72d
991,train,https://dealls.com/loker/tenant-relation-staff~agung-sedayu-group-1%26hl%3Den%26sl%3Did%26tl%3Den%26client%3Dsearch
992,train,https://glints.com/id/opportunities/jobs/it-operational/e279a512-f865-44c1-90a3-4661b583c36c
993,train,https://dealls.com/loker/area-manager-fandb-jawa-timur~reddog
994,validation,https://glints.com/id/opportunities/jobs/sales-admin/291f0a64-fdcc-49f4-8b13-8197024aa250
995,test,https://dealls.com/loker/production-leader-garment~josephine-anni
996,train,https://dealls.com/loker/marketing-fandb-and-tourism-manager-1~realwaycom
997,train,https://dealls.com/loker/hse-safety-pekalongan-factory~pou-chen-group-indonesia%26hl%3Den%26sl%3Did%26tl%3Den%26client%3Dsearch
998,train,https://glints.com/id/opportunities/jobs/packaging/04f474fb-444f-4cc4-95d4-1731d4c4554a
999,train,https://glints.com/id/opportunities/jobs/host-live-streaming/aa8810e0-2765-455b-8217-6efcdc68aa9c
1000,train,https://dealls.com/loker/merchandiser-staff-1~pt-mitra-manunggal-mahardika
1001,train,https://glints.com/id/opportunities/jobs/helper-toko/106352a7-36aa-4b3c-bbfe-e92f8250bb55
1002,test,https://glints.com/id/opportunities/jobs/beauty-advisor/75d4ee47-45fb-4f0a-9001-06d8ca971bf4
1003,test,https://glints.com/id/opportunities/jobs/operator-produksi/15084055-7298-4b8b-a576-2aefd65b4d37
1004,train,https://dealls.com/loker/freelance-mitra-agent-commission-based~algorithmics-global
1005,train,https://glints.com/id/opportunities/jobs/hr-and-ga-supervisor/f89fe1e6-0811-4aac-85fc-f35ffba60a99
1006,validation,https://dealls.com/loker/culture-and-employee-relation-staff~anteraja
1007,train,https://glints.com/id/opportunities/jobs/daily-worker/9e6ca27f-0c2b-4fef-8b22-813f4e0fea28
1008,train,https://glints.com/id/opportunities/jobs/operator-produksi/fc005b8e-f831-4935-958d-c28317b958b4
1009,train,https://glints.com/id/opportunities/jobs/editor-video/238514cc-4e8c-4161-9a4c-d23000346a31
1010,validation,https://glints.com/id/opportunities/jobs/team-leader/3d9d720f-3675-4034-b32a-ba24203f1d92
1011,test,https://glints.com/id/opportunities/jobs/operator-produksi/a624740a-be89-4b74-a586-0cbfe88c6414
1012,train,https://glints.com/id/opportunities/jobs/recruitment-staff/c673e18d-a56f-44c1-a5ec-10c7f6089375
1013,train,https://glints.com/id/opportunities/jobs/operator-produksi/1815f83d-2617-4b08-87eb-42ae046d2d88
1014,train,https://glints.com/id/opportunities/jobs/customer-service/c4fa5e66-2aa6-4c49-bb22-32b3eb1ea2df
1015,train,https://glints.com/id/opportunities/jobs/hr-intership/a62d72d1-a478-46fe-acfd-62ca962a82d8
1016,train,https://glints.com/id/opportunities/jobs/cafe-server/c98047b3-0559-4ca2-be07-6d2479389317
1017,train,https://glints.com/id/opportunities/jobs/produksi/f7f788d5-3b70-4bc2-8ee5-2e69822d54e1
1018,train,https://glints.com/id/opportunities/jobs/sales/5002e41a-bdf6-43c1-a706-aec2c4111827
1019,train,https://glints.com/id/opportunities/jobs/content-creator-magang/e833af51-523a-4959-8ce8-9f40f641e87f
1020,validation,https://glints.com/id/opportunities/jobs/event-project-management-and-production/4351b10f-9230-4280-bea8-1eb6fe089968
1021,test,https://glints.com/id/opportunities/jobs/staff-control-bus/7fb4cce0-9eca-40c9-a924-f17c4aff9f66
1022,train,https://dealls.com/loker/system-implementator-surabaya~pt-sentra-vidya-utama-sevima
1023,train,https://glints.com/id/opportunities/jobs/hr-generalist/6db1615e-4dba-43f7-9950-7013f024bdb5
1024,train,https://glints.com/id/opportunities/jobs/waiter-waitress/d5e4b068-bc4d-46e9-89fd-fe3f8f578dea
1025,train,https://glints.com/id/opportunities/jobs/data-engineer/849ca0d9-508b-4065-99b5-761e5133c74c
1026,test,https://glints.com/id/opportunities/jobs/spesialis-it-sales/cd395dfc-a4ed-4d44-a23c-bba0ef299a2c
1027,train,https://glints.com/id/opportunities/jobs/account-executive/e38bf8c1-22f1-44dc-838c-2cb246c298b3
1028,train,https://glints.com/id/opportunities/jobs/customer-service/6327917c-5a3b-40ac-a246-1aa4aa0e336d
1029,train,https://glints.com/id/opportunities/jobs/recruitment-specialist/086714fe-f964-4039-9bf1-cdd9530ee311
1030,test,https://glints.com/id/opportunities/jobs/customer-service/4ff59ed9-3c3a-4250-b1b0-83cd6260f88f
1031,train,https://dealls.com/loker/magang-berdampak-content-management-intern~vidiodotcom
1032,train,https://glints.com/id/opportunities/jobs/sales-and-marketing-supervisor/36aba453-8a97-4607-8034-f837ebd17ac7
1033,test,https://glints.com/id/opportunities/jobs/quality-assurance/340a18a6-913e-45d6-883f-a60174247e9e
1034,train,https://glints.com/id/opportunities/jobs/admin-sales-sublim-printing/77bb72a0-bf74-42ba-83fd-5b90e9b12b0b
1035,test,https://glints.com/id/opportunities/jobs/packer/f70dc287-cba8-4773-b851-85b54a5e37e7
1036,train,https://glints.com/id/opportunities/jobs/admin-produksi/3205936d-3db8-4387-953c-a36dbe8ac7f1
1037,train,https://glints.com/id/opportunities/jobs/it-support-medan/ca2b97e9-407a-4d1f-9976-809e1ef12622
1038,train,https://glints.com/id/opportunities/jobs/staff-document/e5fa476b-ea8c-4051-b4a8-5318ded73d9a
1039,test,https://glints.com/id/opportunities/jobs/office-boy-girl-rangkap-driver/782b21c7-4ed0-49bb-8626-971b71bfebf3
1040,train,https://glints.com/id/opportunities/jobs/legal-intern/324fcdfb-0e83-4a41-a307-722b45d8d521
1041,validation,https://glints.com/id/opportunities/jobs/staff-pendataan/3f73faf4-54dd-4c90-b85c-f04d4d883605
1042,test,https://glints.com/id/opportunities/jobs/mekanik-alat-berat-crane/d5bc2091-0f45-4869-b12d-a617c6ffe3a4
1043,train,https://glints.com/id/opportunities/jobs/customer-services-bsd-tangerang/fe9ac241-46f9-4995-adac-429e717aff85
1044,train,https://glints.com/id/opportunities/jobs/operator-spray-painting/3338b140-d650-4ebb-8b87-128289dc7ea0
1045,validation,https://dealls.com/loker/hc-regional-officer-jakarta-1~anteraja
1046,train,https://glints.com/id/opportunities/jobs/ticketing-staff/16bffb91-0746-4128-a67b-5229c3e9c7f5
1047,train,https://dealls.com/loker/promotor-toko-handphone-kota-makassar~kharisma-potensia-indonesia
1048,test,https://glints.com/id/opportunities/jobs/admin-operasional/a5b0a010-b7ad-43c4-adf4-d6a09d511150
1049,train,https://glints.com/id/opportunities/jobs/teknisi-handphone/24b45a02-1793-46e7-aa32-a5aa1da5653a
1050,train,https://glints.com/id/opportunities/jobs/operator-produksi/eb845ef7-03a7-445b-bf49-c6b18840ddbe
1051,train,https://glints.com/id/opportunities/jobs/desk-collection/a08a8f8b-910b-436e-ab27-ae8df766e13f
1052,train,https://glints.com/id/opportunities/jobs/telemarketing/f21849c0-9324-4bf6-8503-17d65fe2cde8
1053,train,https://glints.com/id/opportunities/jobs/tenaga-ahli-produksi-latex/20558ba8-bf50-45cb-b72c-78178d0a0a30
1054,train,https://glints.com/id/opportunities/jobs/sales-sprei-and-karpet/8770c264-ef82-45c1-a0f8-d194159ee8eb
1055,train,https://glints.com/id/opportunities/jobs/unit-head/2ed65f5d-f1b0-4ff2-adb3-3d3f25acd226
1056,test,https://glints.com/id/opportunities/jobs/management-trainee/82427f3a-c6a7-4616-9b4d-7cc401ffb146
1057,train,https://glints.com/id/opportunities/jobs/tentor/a109db2c-e2da-4bec-a059-8a496d8cbd96
1058,test,https://glints.com/id/opportunities/jobs/sales-admin/dff705e0-a15f-4237-bc64-cf8b277da3d0
1059,train,https://glints.com/id/opportunities/jobs/data-entry-intern/b9542f7c-18d1-4af9-b2b7-811f1639b63a
1060,validation,https://dealls.com/loker/soc-analyst-l1-1~cybershield
1061,train,https://dealls.com/loker/sales-executive-paintpro-yogyakarta-malang~brik
1062,train,https://glints.com/id/opportunities/jobs/commis/22e5999b-dbc5-42dc-a911-8af83bdd36bf
1063,validation,https://glints.com/id/opportunities/jobs/back-end-developer/07732f90-07b8-4752-aeea-7d328c5f4c04
1064,validation,https://glints.com/id/opportunities/jobs/steward/676a87ad-121a-4e63-b1c3-33a5ca9416e5
1065,validation,https://dealls.com/loker/kol-specialist-66~pt-nutrisi-sempurna-indonesia-perfect
1066,validation,https://glints.com/id/opportunities/jobs/tukang-kenek-kuli/735a4538-2549-4c42-bfa7-02e5204d4094
1067,train,https://glints.com/id/opportunities/jobs/kasir-ritel/ec002b19-106f-4522-a3ab-5228b337bdc4
1068,train,https://glints.com/id/opportunities/jobs/business-development-staff/1333d961-8093-4628-acdc-94f1000bb4e7
1069,train,https://glints.com/id/opportunities/jobs/staff-penjualan/bb4d4067-e9e5-4914-bfdf-1ba3e829ac4f
1070,train,https://glints.com/id/opportunities/jobs/admin-kursus-paruh-waktu-part-time/39d382b7-7d2a-4595-a841-3d490c702efb
1071,validation,https://glints.com/id/opportunities/jobs/uav-airframe-and-flight-systems-engineer/44436489-21dc-4d05-b6ed-fcc9ea298d44
1072,train,https://glints.com/id/opportunities/jobs/pramuniaga/6440d9b8-1cea-473b-b899-1bdbf78f6ce3
1073,train,https://glints.com/id/opportunities/jobs/quality-assurance-staff/f25142db-9cb0-4943-920b-d66d18b037cb
1074,test,https://glints.com/id/opportunities/jobs/live-host-part-time-freelane/4dddc3f7-ed94-4c09-9315-57aa947532fd
1075,test,https://glints.com/id/opportunities/jobs/kasir/90a82b19-e5b8-4650-b080-0d4c53b1114d
1076,test,https://glints.com/id/opportunities/jobs/quality-controller/856abb3e-e50b-417d-803c-4c57828b775d
1077,train,https://glints.com/id/opportunities/jobs/host-live/5b81bfda-d974-4dcb-a4ff-ee3fcc4e60c5
1078,train,https://glints.com/id/opportunities/jobs/hr-bussines-partner/5cf053ce-fe1d-4a0d-a926-890c83dc3c8a
1079,train,https://glints.com/id/opportunities/jobs/hrd-supervisor/341779da-eca1-4def-870c-651f151b9a0a
1080,train,https://glints.com/id/opportunities/jobs/kol-specialist/df78bfa1-1c66-4aa6-946b-423f85a103e0
1081,train,https://glints.com/id/opportunities/jobs/driver-direktur/2761a8ba-2561-41d1-b5b6-bb90d8d44628
1082,validation,https://glints.com/id/opportunities/jobs/wedding-and-venue-specialist/07383e9a-3b30-46d9-ae02-c2993b01c766
1083,train,https://glints.com/id/opportunities/jobs/graphic-designer/5101e72d-132c-4be4-95ae-2de314aa1489
1084,train,https://glints.com/id/opportunities/jobs/administrasi-e-filling/4d369394-e67a-4d6b-982e-7068e046ed2c
1085,test,https://glints.com/id/opportunities/jobs/finance-and-accounting/b49fd1f2-5bd5-405c-98a2-620b68f9a344
1086,train,https://glints.com/id/opportunities/jobs/account-payable-officer/319d7b46-b868-4ec9-b39a-1a803823c9cb
1087,validation,https://glints.com/id/opportunities/jobs/sales-promotion-girl/c55ccc13-a76b-4ff3-9d61-931c174cdd7d
1088,train,https://glints.com/id/opportunities/jobs/finishing/146a6377-1ee7-4838-9f91-63256eeb8161
1089,train,https://glints.com/id/opportunities/jobs/customer-retention-canvassing-pe-sumber/e77e4d24-7a88-4745-9c8a-c1c10169894a
1090,train,https://glints.com/id/opportunities/jobs/admin/0f296359-74b9-4f8d-9f7b-bda8d2ec52c2
1091,test,https://glints.com/id/opportunities/jobs/tutor-pendidikan-khusus/a0ac33fd-a2ec-49b2-9400-78ad204e5aaa
1092,train,https://glints.com/id/opportunities/jobs/staff-accounting/81ceedd8-2c09-4ff8-8393-00e704d89c62
1093,train,https://glints.com/id/opportunities/jobs/staff-rekrutmen/4804ab13-c54e-4803-9a26-6946b14c32a1
1094,train,https://glints.com/id/opportunities/jobs/social-media-specialist/7b313d47-82df-4aa2-905b-25d5eb151049
1095,test,https://glints.com/id/opportunities/jobs/content-creator/12e6158e-f658-4c87-b17a-19d1a0c89e79
1096,test,https://glints.com/id/opportunities/jobs/senior-cook/ae1ee0c5-72bf-46b3-a272-70131e553d1c
1097,test,https://glints.com/id/opportunities/jobs/content-creator/13f8a42f-6cc5-43b9-ba5d-8eefad83f833
1098,train,https://glints.com/id/opportunities/jobs/juru-las/76733f06-1580-49ed-8bb9-c4e1029349d2
1099,train,https://glints.com/id/opportunities/jobs/crew-warehouse/f17127d4-b4ac-4f0a-a0b8-60ee0436c5f3
1100,train,https://glints.com/id/opportunities/jobs/sales-promotor/15b55f62-095d-437b-a648-44f01d4e2a74
1101,train,https://glints.com/id/opportunities/jobs/admin-accounting/db1c6f9c-8fa8-42be-aa17-297e611e3a08
1102,test,https://glints.com/id/opportunities/jobs/operator-cctv/210d5d32-a286-4334-9d8c-0982a7e2dfc3
1103,train,https://glints.com/id/opportunities/jobs/deskprint-penerima-file/2489b45e-d6f6-468d-8eff-bb9aa3e47cfe
1104,test,https://glints.com/id/opportunities/jobs/freelance-sales-yogyakarta/03526114-edac-472b-a432-9d4393e78c1e
1105,train,https://glints.com/id/opportunities/jobs/desain-grafis/005e655f-5d26-4fd1-a4f1-be8748acb1ff
1106,validation,https://glints.com/id/opportunities/jobs/manager-produksi/8f95de74-996f-467d-a6a3-69f5ae70d49d
1107,train,https://glints.com/id/opportunities/jobs/staff-admin-gudang/7b684233-1a41-4aab-aea9-a68c27500070
1108,train,https://glints.com/id/opportunities/jobs/drafter/430e13cb-12dd-4120-bc90-94cfa873f4f3
1109,train,https://glints.com/id/opportunities/jobs/adminstrasil-claim-garansi/e2696134-a551-4151-9e90-94c37e96c556
1110,train,https://glints.com/id/opportunities/jobs/hr-development/01c7deee-c2ed-4c1c-8d73-b4a27a90b564
1111,train,https://glints.com/id/opportunities/jobs/full-stack-programmer/a5840553-87ac-4a3b-b49d-d2be208c9471
1112,validation,https://glints.com/id/opportunities/jobs/telesales/f6b7fc66-2a0d-4735-8f00-60f9b46fff39
1113,train,https://glints.com/id/opportunities/jobs/hr-and-ga-staff/cd5bfeca-4ddd-4321-b0d3-9e015b3e79d3
1114,train,https://glints.com/id/opportunities/jobs/kepala-gudang/01225c10-1ed1-4307-a59a-1c51bb913f4f
1115,validation,https://glints.com/id/opportunities/jobs/asisten-rumah-tangga/d7bac5e2-9dd5-4200-9ad1-a2b7ee79ba0d
1116,train,https://glints.com/id/opportunities/jobs/banking-supervisor/2335b527-f67a-41dc-b46e-1e31fb744ec0
1117,train,https://glints.com/id/opportunities/jobs/barista/3d7a6450-3c77-4014-9cef-fefa207594dd
1118,train,https://glints.com/id/opportunities/jobs/quality-control-staff/a8538561-2e3a-413c-a7bf-7052cc2ab8cb
1119,train,https://glints.com/id/opportunities/jobs/admin-gudang/579af01a-d5fa-4b06-a544-43a036a35dd2
1120,train,https://glints.com/id/opportunities/jobs/cashier-teller/5d6f7e20-5c29-477c-a125-694d81bf382b
1121,train,https://glints.com/id/opportunities/jobs/staf-apotek/57b326fd-6593-4bfb-8449-e1a7d0eb9d79
1122,validation,https://glints.com/id/opportunities/jobs/host-live-streaming/4bdac118-694e-4941-9958-6d90662deec2
1123,train,https://glints.com/id/opportunities/jobs/business-development/b7f01ddb-f449-4c13-948e-66bfe7a8592b
1124,train,https://glints.com/id/opportunities/jobs/hr-recruitment-specialist/fb2bd4ca-6cb9-4a48-9660-5e3d0731a3fa
1125,train,https://glints.com/id/opportunities/jobs/barista/9fe0fc09-3207-4ca7-ad2a-2050e71b6748
1126,train,https://glints.com/id/opportunities/jobs/web-developer/5606b899-0505-4e26-92b3-8dc3441f94ab
1127,train,https://glints.com/id/opportunities/jobs/marketing-communication/b0d96158-c287-4c0f-aae0-807b741e8892
1128,validation,https://glints.com/id/opportunities/jobs/ahli-gizi/5eb4e6d5-ce63-45f7-9b9f-fc3d6a2399bf
1129,test,https://glints.com/id/opportunities/jobs/operator-warehouse/2971cefa-16b2-434f-b516-e06235a1e1e2
1130,test,https://glints.com/id/opportunities/jobs/administrator-hr/eccae2f5-e369-4b38-ae5b-56a3b17564f1
1131,train,https://glints.com/id/opportunities/jobs/operator-gudang-kantong/ee9ede01-0b70-40a4-aa85-16c5ce235228
1132,train,https://glints.com/id/opportunities/jobs/driver/4f45ea51-4382-4c63-992c-9798f88508ca
1133,train,https://glints.com/id/opportunities/jobs/pengawas-lapangan/b6a9f550-6cf8-49fb-a8bf-5df0cba2af09
1134,train,https://glints.com/id/opportunities/jobs/content-creator/ee1c3e54-9ff9-42f8-9760-5f35e4d2f5f4
1135,train,https://glints.com/id/opportunities/jobs/dokter-gigi/75017b73-68cd-4f1e-ab7a-e212a67568dd
1136,train,https://glints.com/id/opportunities/jobs/quality-assurance/8907e7a5-0694-4376-ab79-a3eeb1e02291
1137,train,https://glints.com/id/opportunities/jobs/admin-gudang/a3137d41-1cff-4b9e-9560-5b5df1d3d175
1138,train,https://glints.com/id/opportunities/jobs/penjual-makanan-membawa-gerobak-sepeda-listrik-cabang-gor-kota-baru/29328c0a-96da-4e01-8e09-b3d322cc45f3
1139,train,https://glints.com/id/opportunities/jobs/kepala-sekolah-baby-smile-school-surabaya/1182aa8e-d719-4f1e-968a-d43212479ef1
1140,train,https://glints.com/id/opportunities/jobs/store-manager/4090ce92-5499-42e4-a40b-c55c55c78113
1141,train,https://glints.com/id/opportunities/jobs/kepala-gudang/a270b46e-8b46-4e38-bf1c-8a72500d7ece
1142,train,https://glints.com/id/opportunities/jobs/kepala-outlet/08542872-2a83-4a79-9062-f8e4e694e0b6
1143,validation,https://glints.com/id/opportunities/jobs/sales-engineer/aa9324a3-f040-42aa-a4a9-8750eb2df064
1144,train,https://glints.com/id/opportunities/jobs/content-creator-intern/207cd9b5-c721-44a8-bdb0-0587494a1dec
1145,test,https://glints.com/id/opportunities/jobs/quality-control/a56923e0-a63e-47fe-93d5-a0d7f8317714
1146,train,https://glints.com/id/opportunities/jobs/content-creator/d8cd8607-cbd9-4711-ae9f-272eb57ad4cf
1147,train,https://glints.com/id/opportunities/jobs/staff-purchasing/3000f7de-1cd0-4943-9acf-6159fa24ac75
1148,train,https://glints.com/id/opportunities/jobs/service-advisor/94468c02-ef14-423f-b304-d31ae1d3cce2
1149,validation,https://glints.com/id/opportunities/jobs/teknisi-motherboard/41b5422d-5085-46ca-8956-e9d775914dfe
1150,test,https://glints.com/id/opportunities/jobs/design-grafis-dan-video-editor/a89c6f66-cc6b-477a-adc8-373666168117
1151,train,https://glints.com/id/opportunities/jobs/penjahit-industri/379ae28f-3152-43b7-9692-932bfa843adb
1152,train,https://glints.com/id/opportunities/jobs/cashier/e03b404b-faf1-48bd-8014-e217fcd9f5e4
1153,validation,https://glints.com/id/opportunities/jobs/staff-lapangan/5a4f2e8e-bfd1-41d0-8c7b-de32c51cb665
1154,train,https://glints.com/id/opportunities/jobs/customer-service-staff/509bd2b5-ec6d-4ec1-bb5d-f9a69bc90cd9
1155,train,https://glints.com/id/opportunities/jobs/staff-produksi/f3c676c1-6dd2-417f-808f-2d1cb192136e
1156,train,https://glints.com/id/opportunities/jobs/staff-general-affair/e2eb8730-0a50-4717-992d-f72676473646
1157,train,https://glints.com/id/opportunities/jobs/account-executive/e610a9b3-a4bc-4841-836d-400984063bd6
1158,train,https://glints.com/id/opportunities/jobs/digital-marketing/ba8ae675-5554-430d-ad85-6ba021f5906b
1159,train,https://glints.com/id/opportunities/jobs/admin/452d8656-d6c2-4738-92b2-2aec02227a5d
1160,train,https://glints.com/id/opportunities/jobs/data-analyst-staff/e769bae4-99da-4082-af08-912d06df3c49
1161,train,https://glints.com/id/opportunities/jobs/graphic-designer/0498c4e2-e8c2-45c5-8978-fe7559fc3b3e
1162,train,https://glints.com/id/opportunities/jobs/team-leader/d1f2a600-5cc5-4f56-9e5b-d7f9da0a262e
1163,train,https://glints.com/id/opportunities/jobs/admin-rekap/c9b60acc-d366-46d2-b8d5-05b49e3dd98b
1164,train,https://glints.com/id/opportunities/jobs/senior-staff-legal/0245a721-17e8-46ef-b7b7-22b4f24ea0f4
1165,train,https://glints.com/id/opportunities/jobs/admin/0b698be1-e3e6-4c05-a280-118ea5c3978b
1166,train,https://glints.com/id/opportunities/jobs/jointer-ftth/23dbc34b-772f-4e48-9ef3-225a45ca8fd0
1167,train,https://glints.com/id/opportunities/jobs/cook-sushi/6b8e1369-fdef-41ad-8224-951f14c56bd6
1168,train,https://glints.com/id/opportunities/jobs/content-creator/d45b32f3-566b-44db-8ca7-5b5327ccafe3
1169,test,https://glints.com/id/opportunities/jobs/staf-ppic/04c2d8a1-766a-401a-81a3-271c70bae441
1170,train,https://glints.com/id/opportunities/jobs/admin-sales/d7bdbe9e-650f-4a1f-8392-3af0e768527e
1171,train,https://glints.com/id/opportunities/jobs/supervisor-hr/dfba7425-c2a3-4652-ba7a-46b4af2bf6df
1172,train,https://glints.com/id/opportunities/jobs/operator-mesin-cetak/1153b8dd-577f-4b40-b0e0-ed48867b21bb
1173,train,https://glints.com/id/opportunities/jobs/dsu-agent-driver-engagement-field-role-gojek-bekasi/1e6f1878-7232-494a-86fd-0be913d2c633
1174,test,https://glints.com/id/opportunities/jobs/spg-dan-admin-depok/0055dead-3653-440f-b1dd-6ded6e91e501
1175,train,https://glints.com/id/opportunities/jobs/quality-control/a232c8cc-69bd-4bd8-960b-8f03768a05a6
1176,test,https://glints.com/id/opportunities/jobs/fashion-designer/fd2d318a-c45d-4d03-a0d0-b91f7e988b24
1177,train,https://glints.com/id/opportunities/jobs/admin-sales/a9f78f38-8971-4535-bcd0-dd7a2dbb330f
1178,train,https://glints.com/id/opportunities/jobs/kasir-dan-operator-parkir/a5db6758-8982-4437-901f-ff4bbdf44f0f
1179,train,https://glints.com/id/opportunities/jobs/admin/7fb3b304-a8ed-4a55-b006-3df3321355fa
1180,train,https://glints.com/id/opportunities/jobs/sekretaris-kantor/2d33303c-3b76-47bf-89d4-758bf4ed9ce4
1181,train,https://glints.com/id/opportunities/jobs/general-manager/e96bfc66-0195-42ca-a4c0-a574b80e9307
1182,train,https://glints.com/id/opportunities/jobs/ahli-k3/83d0dca0-7978-4046-868b-33e9a643dcb5
1183,train,https://glints.com/id/opportunities/jobs/vehicle-and-utility-maintenance-staff/de49faf7-f92b-48de-8c8d-38204907c6e6
1184,train,https://glints.com/id/opportunities/jobs/admin-parsel-and-florist/8245a3bc-025c-4cdb-a4fd-3c47aad01675
1185,train,https://glints.com/id/opportunities/jobs/staff-produksi/e116b08e-9fa0-4b3e-984d-4300c9368971
1186,train,https://glints.com/id/opportunities/jobs/spv-konstruksi-precast-project-based/bc162de8-df25-48c0-9043-b4d2a23e5207
1187,train,https://glints.com/id/opportunities/jobs/host-livestream/c13f50a0-6994-4c6b-8cd4-a9a3017b3b67
1188,validation,https://glints.com/id/opportunities/jobs/mitra-kurir-motor-nganjuk/0a02f64c-31e2-40c5-bb00-26a1facc748b
1189,validation,https://glints.com/id/opportunities/jobs/finance-staff-ar-ap-distributor-hp-hulu-sungai-tengah-kalsel/44549cb9-9ac1-44e6-af80-a4180043e2f9
1190,validation,https://glints.com/id/opportunities/jobs/social-media-specialist/8203f834-a4ef-4be5-a299-eddb0cc30a15
1191,train,https://glints.com/id/opportunities/jobs/supervisor/1c3485e1-eb55-4376-b482-66a812673e71
1192,train,https://glints.com/id/opportunities/jobs/dokter-estetik/a680d090-e6f3-43c5-a5e1-98eb9bd833df
1193,test,https://glints.com/id/opportunities/jobs/e-commerce-specialist/1fbc28cf-5b1b-497d-9816-0ba90676a85a
1194,train,https://glints.com/id/opportunities/jobs/graphic-designer/28d9cf1b-829e-4a9a-b2e4-c4be4cf7e795
1195,train,https://glints.com/id/opportunities/jobs/business-analyst/54e851f0-b57b-4966-8435-76594cf5d1fe
1196,train,https://glints.com/id/opportunities/jobs/mekanik-truck/33145df3-bbcf-485d-85ac-31aea9d33127
1197,train,https://glints.com/id/opportunities/jobs/business-development-representative/540089c2-0042-40dd-b539-b3ae452c55c3
1198,test,https://glints.com/id/opportunities/jobs/admin-finance-and-accounting/3061281d-3c02-48c3-9162-b712667f770b
1199,train,https://glints.com/id/opportunities/jobs/asisten-rumah-tangga-pulang-pergi-khusus-jakarta-tangerang/e3206af7-67a9-4818-ab0e-63322dea5312
1200,train,https://glints.com/id/opportunities/jobs/admin-gudang/3d8e7649-3510-4bdf-add9-a05f6a758bfc
1201,train,https://glints.com/id/opportunities/jobs/general-affair-officer/dcc08cba-e2ef-4127-a1f9-9446a2f428fb
1202,train,https://glints.com/id/opportunities/jobs/product-development-beauty/86f5543a-2619-4ca8-ada7-74095d853661
1203,validation,https://glints.com/id/opportunities/jobs/customer-service/498727b2-4079-4433-b0ba-ae670c38d62f
1204,train,https://glints.com/id/opportunities/jobs/sales-executive/c0352da6-b3a0-49e5-9778-c27f7c15028c
1205,test,https://glints.com/id/opportunities/jobs/operator-forklift/857cb96c-7553-4a00-b446-ddbaed1bcd5c
1206,validation,https://glints.com/id/opportunities/jobs/operator/01dcad8c-442d-4840-9c18-248fb7bf647c
1207,train,https://glints.com/id/opportunities/jobs/sales-assistant/2531fc73-f84d-4eee-8103-1d6e22e0e99b
1208,train,https://glints.com/id/opportunities/jobs/sales-promotion-girl-spg/997b9789-25f3-4fdb-97b7-c008c7895473
1209,train,https://glints.com/id/opportunities/jobs/asisten-rumah-tangga-art-kediri/a6a2f026-fc34-4266-865c-ada30a126c09
1210,train,https://glints.com/id/opportunities/jobs/driver/b90f5993-d1dd-49d6-b286-e499fa664c82
1211,train,https://glints.com/id/opportunities/jobs/e-commerce-specialist/eeac2d48-02f0-4461-b597-71fa2dcf4ec8
1212,train,https://glints.com/id/opportunities/jobs/affiliate-specialist/4dd2b4f6-0877-44b5-8b6d-0378b3d5c17c
1213,test,https://glints.com/id/opportunities/jobs/staff-packing/aac2bb71-cbbb-46ae-9ac9-4aa434d224db
1214,train,https://glints.com/id/opportunities/jobs/accounting-supervisor/01d420f1-c607-4c78-8486-d7f33a4f3143
1215,train,https://glints.com/id/opportunities/jobs/sales-promotion-girl-spg/cd6c60a8-420e-462a-9584-01c9390f4206
1216,test,https://glints.com/id/opportunities/jobs/sosial-media/ee321a2d-803d-4f99-a72e-bb9f89111d7e
1217,train,https://glints.com/id/opportunities/jobs/general-affair/537f50b0-2b50-46af-a953-3122dd7a9e85
1218,train,https://glints.com/id/opportunities/jobs/sales-counter-sadang-purwakarta/9c9fad08-f3a3-412b-8c17-b9697b863610
1219,train,https://glints.com/id/opportunities/jobs/administrator-hr/7f3306d0-33f0-40c2-a8d9-5d516cbbff98
1220,train,https://glints.com/id/opportunities/jobs/operator-live-streaming/18ba4e6e-19c7-4045-a948-c5b1b97c8025
1221,test,https://glints.com/id/opportunities/jobs/admin-produksi/1b8a5cfd-5136-4f33-9b9e-a67a3d9a7f7f
1222,test,https://glints.com/id/opportunities/jobs/administrasi-operasional/0d02aa3d-85bd-4ba2-ba89-7ad9703a492b
1223,train,https://glints.com/id/opportunities/jobs/admin-finance/03a0c9a6-c49e-440e-b434-aad288962d8f
1224,train,https://glints.com/id/opportunities/jobs/customer-service/8c0deb6e-d067-4bd1-97d6-b3fdac0a932f
1225,train,https://glints.com/id/opportunities/jobs/mekanik-motor-honda/7ce0db36-e71a-47db-a13b-5124781c199e
1226,train,https://glints.com/id/opportunities/jobs/operator-produksi/db8c0073-122b-4440-a1f9-68aac3c4dec0
1227,train,https://glints.com/id/opportunities/jobs/customer-service/5e1fb65e-3427-45a2-9d42-cdc8236c9ceb
1228,train,https://glints.com/id/opportunities/jobs/finance-staff/4090e8f3-65e4-498c-91e0-371381047384
1229,train,https://glints.com/id/opportunities/jobs/sample-maker/317fc2c5-6124-480f-a65c-f6b5f912630d
1230,validation,https://glints.com/id/opportunities/jobs/host-live-streaming/7ef1c918-53a6-4bac-a3ff-8ed9bff9bf8d
1231,train,https://glints.com/id/opportunities/jobs/mekanik-inspector-mobil-bekas/721a04a1-8275-463f-8e1c-7dd29ac316d3
1232,test,https://glints.com/id/opportunities/jobs/supervisor-qc/b725a918-2ee5-47f5-92ff-4298fb9d8b6a
1233,train,https://glints.com/id/opportunities/jobs/asisten-apoteker-duren-sawit/0a125ee6-8306-44f3-86c3-ab6bf1648f71
1234,train,https://glints.com/id/opportunities/jobs/supervisor/14250105-242d-4dcb-a0bb-c7588d7a8dba
1235,train,https://glints.com/id/opportunities/jobs/service-area-engineer-surabaya-pamekasan-bangkalan/9102f949-28cf-41fc-a3a6-4229fbf8fde3
1236,test,https://glints.com/id/opportunities/jobs/admin-kantor/20b9f051-d941-4f6b-a1da-d5849a4df691
1237,validation,https://glints.com/id/opportunities/jobs/kasir/f1142095-fa17-45f6-8749-f5151ccc9bec
1238,train,https://glints.com/id/opportunities/jobs/office-boy/15a31df1-f864-4230-99f8-adc2964bea8a
1239,train,https://glints.com/id/opportunities/jobs/staff-operational/3b5b59f4-0d1e-46b7-974b-61cbb73f2749
1240,train,https://glints.com/id/opportunities/jobs/promotor-area-madiun/58089dd2-4681-4400-8768-f1a72cef6660
1241,train,https://glints.com/id/opportunities/jobs/satpam/bfc8ac65-b47a-4246-b9b3-607540c87c2d
1242,train,https://glints.com/id/opportunities/jobs/konsultan-kimia/99b3b745-2957-4985-bd2c-493f4a6b810d
1243,test,https://glints.com/id/opportunities/jobs/staff-operasional/1b7d7159-01bc-4b9a-9e19-1a6e44df2a85
1244,train,https://glints.com/id/opportunities/jobs/live-streaming/657a7c7c-116a-4d13-a93b-e9bf0df97563
1245,test,https://glints.com/id/opportunities/jobs/staff-gudang/f3765643-9840-49cf-9073-29611916847a
1246,train,https://glints.com/id/opportunities/jobs/agen-properti/d5689ec1-ee19-4c70-8ac0-3213edc7a135
1247,train,https://glints.com/id/opportunities/jobs/project-manager-and-estimator/c5825686-d0f8-4c7a-941b-72b572aa593c
1248,train,https://glints.com/id/opportunities/jobs/kepala-gudang-warehouse-manager/925d014d-cf1c-42af-8c8e-69e5600814b9
1249,validation,https://glints.com/id/opportunities/jobs/social-media-specialist/ac08be1a-234d-4f6d-b1a0-a0ee8452d5e2
1250,train,https://glints.com/id/opportunities/jobs/crew-outlet/29fd88cc-0e9f-4687-8ba4-5fdeb1def4d9
1251,validation,https://glints.com/id/opportunities/jobs/store-crew-kota-wisata-cibubur/3d270b96-ed8f-45d5-bc4d-2aadc810c65e
1252,train,https://glints.com/id/opportunities/jobs/maintenance-operator/08b68194-df74-4b02-8696-e969171f85f1
1253,train,https://glints.com/id/opportunities/jobs/senior-business-development/65979461-531a-4d3b-bfa2-96ac6216d380
1254,test,https://glints.com/id/opportunities/jobs/hr-officer-medan/e19713c5-68d6-4119-bd82-286378bb441a
1255,validation,https://glints.com/id/opportunities/jobs/content-creator/a5af0700-6557-4a51-bbcc-4339165fb1a0
1256,train,https://glints.com/id/opportunities/jobs/customer-service/f7330a49-9aeb-49b4-a370-54380f8c248d
1257,train,https://glints.com/id/opportunities/jobs/translator-profesional/35923cad-8433-4e5b-b13f-a9b6fe19d57d
1258,train,https://glints.com/id/opportunities/jobs/general-affair-officer/7cd0ccf9-a9b4-44cb-81c2-d0797b2900f7
1259,train,https://glints.com/id/opportunities/jobs/admin/ce35a5a3-bbe3-412e-85a4-7615aebd1e80
1260,validation,https://glints.com/id/opportunities/jobs/sekretaris-perusahaan/b5fdb43c-f3ba-40db-ba25-83318728988e
1261,train,https://glints.com/id/opportunities/jobs/production-planning-staff/7db1ce41-efa6-45f9-b0a8-335cbaedac2f
1262,test,https://glints.com/id/opportunities/jobs/guru-bahasa-inggris/6dbb84d1-713a-46d0-a866-94e3f02a2b2c
1263,train,https://glints.com/id/opportunities/jobs/java-developer/a212f3a0-3fbe-433f-8e67-5da4134c0abc
1264,train,https://glints.com/id/opportunities/jobs/content-creator/965d9f09-beb4-4e12-9e90-7c4948c13f72
1265,train,https://glints.com/id/opportunities/jobs/sales-marketing/24de0d7d-a187-49fb-b8a1-24bb19d7ccbe
1266,train,https://glints.com/id/opportunities/jobs/qc-construction/11a69ca6-000e-4586-9af2-913be96c8d31
1267,train,https://glints.com/id/opportunities/jobs/customer-service/eddb21fd-dd08-4fe9-acb6-f501092f2db9
1268,train,https://glints.com/id/opportunities/jobs/content-creator/2f004590-5ae1-475a-8ea2-efac803d7e90
1269,test,https://glints.com/id/opportunities/jobs/operator-produksi/c6c3da7b-6009-4fcd-b118-03d4dc861201
1270,train,https://glints.com/id/opportunities/jobs/precission-air-conditioning-pac-teknisi/5cd026cc-a271-4279-9805-d32bd2633130
1271,train,https://glints.com/id/opportunities/jobs/staff-warehouse/321798d9-5035-4488-b17c-93a4f5720c7f
1272,train,https://glints.com/id/opportunities/jobs/branch-manager-associate-tuban/edbf2ba1-edcf-4743-a1c9-80114ad61551
1273,test,https://glints.com/id/opportunities/jobs/daily-worker-shopee-express/65965596-e0d0-44f2-9f6e-b20b52dc5d21
1274,train,https://glints.com/id/opportunities/jobs/electrical-engineer/4d8ebdf0-8991-40ea-8db6-cb806cd606b5
1275,train,https://glints.com/id/opportunities/jobs/conten-creator/dd41b6c4-c54b-424d-aaf7-32827a4b8029
1276,train,https://glints.com/id/opportunities/jobs/digital-marketing/528d9e99-202c-4269-8821-f72434f86868
1277,train,https://glints.com/id/opportunities/jobs/host-live-streaming/375bb84c-21a3-4090-bc8b-3849b992f46e
1278,validation,https://glints.com/id/opportunities/jobs/penjaga-kantin/bde921e9-3a11-4cc9-96ce-2cb10be14381
1279,train,https://glints.com/id/opportunities/jobs/staff-gudang/7a362311-f2a2-48b0-b1f0-0d4d26a6b31d
1280,train,https://glints.com/id/opportunities/jobs/office-boy-cleaning-service/59c987fc-04e9-4cdf-8fe7-aacb88483ab7
1281,train,https://glints.com/id/opportunities/jobs/petugas-parkir/0cd7864e-6038-4ae1-874d-9d2deefeaff9
1282,test,https://glints.com/id/opportunities/jobs/staff-mobile/4c5d02c5-d051-43de-89ce-6c5b9c2e6c3e
1283,train,https://glints.com/id/opportunities/jobs/social-media-specialist/e7a8140a-a94d-4e5a-a16e-cfcfdee0457a
1284,validation,https://glints.com/id/opportunities/jobs/telemarketing/67174b2e-0ba9-4872-b4c8-0197264f5099
1285,train,https://glints.com/id/opportunities/jobs/admin-sales/72fdfa96-0679-4b07-9fe1-60d4b0ca6301
1286,train,https://glints.com/id/opportunities/jobs/storeman/c73b7e0b-db95-4f47-9106-48e556a5b5d8
1287,train,https://glints.com/id/opportunities/jobs/document-control/439a1456-1677-4248-94d3-d0ad56822501
1288,train,https://glints.com/id/opportunities/jobs/staff-fundraising-pasuruan/e446f98e-8747-4614-b32b-12d5c0ad53a7
1289,train,https://glints.com/id/opportunities/jobs/admin-operasional/7645cf88-b5b9-492e-ad5d-ae9893e3c04a
1290,validation,https://glints.com/id/opportunities/jobs/staf-legal/57ae6d26-8c05-4beb-82e5-756b8c4ddb3a
1291,train,https://glints.com/id/opportunities/jobs/staff-telemarketing/07741dd8-3baa-4a48-b8a9-9eb85c1cc9e6
1292,train,https://glints.com/id/opportunities/jobs/rider/93885106-17c7-4c4c-a378-53102f20bcfc
1293,train,https://glints.com/id/opportunities/jobs/part-time-barista/17911bb5-4058-4cef-a529-4a5a135c2c62
1294,test,https://glints.com/id/opportunities/jobs/ahli-fisioterapi/bdd1c134-627a-40b5-a7a8-9ca42134fd2f
1295,validation,https://glints.com/id/opportunities/jobs/kasir-and-pramuniaga/ef2f7e61-7030-4ff2-a904-a569d2c8c25c
1296,train,https://glints.com/id/opportunities/jobs/hostlive/d3d4885d-5bc5-45f2-89b2-f675cb6198a5
1297,train,https://glints.com/id/opportunities/jobs/waiter-waitress/60b5e1b8-9bd8-40c7-bfcd-0dcfec73fb6c
1298,train,https://glints.com/id/opportunities/jobs/barista/1830529a-df74-43b8-a032-986f395dce89
1299,train,https://glints.com/id/opportunities/jobs/field-collection-sidoarjo/b28c0d97-ae83-4d39-83a1-2d21e9eef35d
1300,train,https://glints.com/id/opportunities/jobs/customer-service/d2e51ccf-c723-4fe0-a71e-b6ab523b60ec
1301,train,https://glints.com/id/opportunities/jobs/sales-representative/7c0e1ca3-700a-467d-8a2b-6789b89c7a00
1302,train,https://glints.com/id/opportunities/jobs/crew-outlet/8c0382a0-c731-4391-aa86-c1109f10370e
1303,train,https://glints.com/id/opportunities/jobs/human-resources-manager/351f5952-93bc-4f6d-a00f-e1ae742bc727
1304,train,https://glints.com/id/opportunities/jobs/mekanik-dump-truck/2fd38d5b-27fe-487b-9f5e-642adf88d27e
1305,train,https://glints.com/id/opportunities/jobs/business-development/72c49b8f-4f8f-44d9-a60f-4875bbc5bebc
1306,test,https://glints.com/id/opportunities/jobs/office-boy/a645043b-ba06-466c-9a1c-6f0081a7d512
1307,train,https://glints.com/id/opportunities/jobs/mechanical-drafter/cce2c85f-13b3-4a4d-b070-f8e37937e80b
1308,train,https://glints.com/id/opportunities/jobs/warehouse-helper/090bf4eb-d83d-47ae-b113-e6b49653de6f
1309,train,https://glints.com/id/opportunities/jobs/koordinator-cabang/cabf82f8-ddb3-4820-b918-4234530d2263
1310,train,https://glints.com/id/opportunities/jobs/packing/9694fde2-9c21-43cb-ba83-c6243ada4235
1311,validation,https://glints.com/id/opportunities/jobs/marketplace-specialist/e536569e-0d06-4be4-a5aa-6af1a1a36011
1312,train,https://glints.com/id/opportunities/jobs/creative-internship/238303cf-3bed-4d5c-9800-91a87bf6af19
1313,train,https://glints.com/id/opportunities/jobs/head-chef-karawang-and-tambun-selatan/383ae191-41b4-4932-bf97-55ee2e1ca826
1314,validation,https://glints.com/id/opportunities/jobs/customer-service/44ea21ab-037e-4c1d-b605-8c2ee01bbeb3
1315,train,https://glints.com/id/opportunities/jobs/staff-gudang/8acc3bf4-d0a3-43a5-827a-d3b2fc3fd465
1316,train,https://glints.com/id/opportunities/jobs/waiter-waitress/98217784-51a2-43f9-9951-46b6d69003fd
1317,train,https://glints.com/id/opportunities/jobs/sales/5163982b-a503-4cf0-ad2d-56e2047d0234
1318,train,https://glints.com/id/opportunities/jobs/daily-worker/1c9dc158-0815-4cce-863c-f1b9e94e3ed2
1319,train,https://glints.com/id/opportunities/jobs/field-relationship-officer/fdbd5692-5f30-47b6-a918-0b441caad338
1320,train,https://glints.com/id/opportunities/jobs/potong-kain/d89f9f51-0781-42cb-b2e6-7be4fdd041dc
1321,train,https://glints.com/id/opportunities/jobs/pengawas-lapangan/631ab8d6-2cbb-479b-80e2-b129af983e25
1322,test,https://glints.com/id/opportunities/jobs/leader-produksi/c8ba5679-7c2c-46c6-836b-421628fb883e
1323,train,https://glints.com/id/opportunities/jobs/pengawas-lapangan-telekomunikasi-batam/36391f2f-2bcd-41b0-a9a9-b728030a66d9
1324,train,https://glints.com/id/opportunities/jobs/customer-service-agent/b0a48c2d-8c81-4f1d-aad0-e74d84d01543
1325,train,https://glints.com/id/opportunities/jobs/manager-production/c74ae499-8421-41ca-bb21-ff50c00e2aec
1326,validation,https://glints.com/id/opportunities/jobs/operator-produksi/a2962e47-9352-4011-950d-d225a97e6530
1327,train,https://glints.com/id/opportunities/jobs/helper-umum/737f8bb2-3242-413d-8142-4d8f0404565c
1328,train,https://glints.com/id/opportunities/jobs/teknisi-ac-jakarta/37f91115-7ef0-4245-a149-ace083950efd
1329,train,https://glints.com/id/opportunities/jobs/front-office/bd273acc-f61c-4b13-8ebe-0d58b089da1f
1330,train,https://glints.com/id/opportunities/jobs/beauty-advisor/aee727a0-4df3-4039-8ee8-f1e63f28d115
1331,validation,https://glints.com/id/opportunities/jobs/automation-engineer/6e4e4c33-bfbf-4419-ba5e-4204479f75d5
1332,train,https://glints.com/id/opportunities/jobs/content-creator/54cf0b41-5cd6-49ab-aa48-44dcae13eb44
1333,train,https://glints.com/id/opportunities/jobs/account-manager/6f7cad34-55c4-4b81-8c34-e87cff3686e6
1334,train,https://glints.com/id/opportunities/jobs/hall-staff/845ea8fa-bc64-4ee8-bed5-0fbdde2d815d
1335,train,https://glints.com/id/opportunities/jobs/pencuci-piring/c2c0d96b-bf9d-449e-9750-f1a1ad64e90a
1336,test,https://glints.com/id/opportunities/jobs/teknisi-plumbing/13204f0f-cf1e-4e29-8b3d-c26fcf03dcc4
1337,train,https://glints.com/id/opportunities/jobs/part-timer-ob-jakarta-barat/6664affe-f993-411d-beac-3262a7f16b96
1338,train,https://glints.com/id/opportunities/jobs/staff-lapangan/1f7d711e-d6fb-4f0f-ba77-b8cb290983dc
1339,test,https://glints.com/id/opportunities/jobs/warehouse-staff/13ed8101-d838-4d44-ac09-9958ba0f26af
1340,train,https://glints.com/id/opportunities/jobs/management-trainee/f7ec34f2-a91a-4da4-acf3-a8137ff9bbe5
1341,test,https://glints.com/id/opportunities/jobs/digital-marketing-staff/ff7e0c78-26c0-4a02-8328-9f743ffa56fd
1342,train,https://glints.com/id/opportunities/jobs/office-boy-girl/ce01c237-3211-435b-8754-d67925c78323
1343,train,https://glints.com/id/opportunities/jobs/marketing-executive/4e80381e-47d6-4a65-ad14-6f44f1bab1eb
1344,train,https://glints.com/id/opportunities/jobs/hr-musshiring/0808a603-dfe7-484b-8fd0-cbffc543644d
1345,train,https://glints.com/id/opportunities/jobs/landscape-supervisor/0be9bac8-9e06-4596-86d2-e6e191b53261
1346,test,https://glints.com/id/opportunities/jobs/manager-area-f-and-b/f2c50f62-1210-46fa-8c64-f24dce807eed
1347,train,https://glints.com/id/opportunities/jobs/mr-lead-iso/29b1b83c-6176-4226-9a28-cfe7bc4ed7b9
1348,train,https://glints.com/id/opportunities/jobs/store-manager-retail-bahan-bangunan/a26c3b81-01a1-4757-81f2-7150f382f437
1349,train,https://glints.com/id/opportunities/jobs/staff-qc/365bae2c-4165-4ff9-ae27-7ecd9824a761
1350,train,https://glints.com/id/opportunities/jobs/hotel-marketing-manager/1f6e9b8c-56fe-447b-922e-08e587814b7a
1351,train,https://glints.com/id/opportunities/jobs/admin-gudang/d7f87ef4-ca30-4785-b067-95eccf3a2e12
1352,train,https://glints.com/id/opportunities/jobs/tour-and-travel-marketing-manager/4be49f91-e7a8-42a2-ab39-57359a81c1d4
1353,train,https://glints.com/id/opportunities/jobs/pramuniaga/d178106d-a986-4b1d-bebf-f6ed2b5368d7
1354,train,https://glints.com/id/opportunities/jobs/kasir/4ebdddad-318c-42d9-be69-5202190a966d
1355,train,https://glints.com/id/opportunities/jobs/key-account-executive/127f6759-fe7f-42de-bfbf-a3dbe4671f0b
1356,train,https://glints.com/id/opportunities/jobs/admin-penjualan/51c3e810-62b0-4153-a8e3-b15e79fd1f88
1357,train,https://glints.com/id/opportunities/jobs/store-leader-tulungagung/8561bcdb-196e-4b5b-9dc6-e764efa9c3cd
1358,train,https://glints.com/id/opportunities/jobs/event-and-partnership/bf42eacd-f98d-41ff-9daf-a763bfa9b9fc
1359,train,https://glints.com/id/opportunities/jobs/operator-mesin/a8447118-7d48-4b01-933a-d7824cb40732
1360,train,https://glints.com/id/opportunities/jobs/prepress/85eac136-3912-492c-87ac-9b4abef9324e
1361,validation,https://glints.com/id/opportunities/jobs/digital-marketing/542a8e66-c6f4-408b-8ce9-a340fb44c848
1362,test,https://glints.com/id/opportunities/jobs/admin-sales/b64e9060-5267-4861-96de-3192baee28f9
1363,train,https://glints.com/id/opportunities/jobs/marketing/0094870c-4ac5-4319-90fa-53b472f984a7
1364,train,https://glints.com/id/opportunities/jobs/content-creator/991f18b8-dd67-4729-a7bd-954097e3def6
1365,train,https://glints.com/id/opportunities/jobs/operator-produksi/0a7bb8e3-91a1-4886-b584-06c7c0e8742c
1366,train,https://glints.com/id/opportunities/jobs/admin/fbe9dc14-c01c-4763-8182-1ec5e5b611c6
1367,validation,https://glints.com/id/opportunities/jobs/teknisi-lift/c6adabff-f3f5-4f55-b604-c4ef33da2d2d
1368,train,https://glints.com/id/opportunities/jobs/admin-produksi/cff01d70-b6ac-4dd3-97ce-ae9ffb701eeb
1369,validation,https://glints.com/id/opportunities/jobs/front-office-staff/528bc426-e7a3-401c-bc81-8a363d9bf21f
1370,train,https://glints.com/id/opportunities/jobs/spg-spb/ce89e3e8-21a6-4886-9d0f-5fce608bff0d
1371,test,https://glints.com/id/opportunities/jobs/customer-service/30958b8f-19eb-41b7-8c5d-b98d9940886f
1372,train,https://glints.com/id/opportunities/jobs/operator-produksi/ad4adda8-2e9f-467d-93d6-57f0b0ebb0a0
1373,train,https://glints.com/id/opportunities/jobs/pramusaji/2ecd9232-504e-4839-a60b-8c20472aa376
1374,validation,https://glints.com/id/opportunities/jobs/business-development/5f9a6092-2550-4fdb-8205-396d50755f14
1375,test,https://glints.com/id/opportunities/jobs/jointer-ftth/8b54e341-3439-493a-898b-b034e9f9c6c6
1376,train,https://glints.com/id/opportunities/jobs/staff-gudang/a897b801-1c0a-4380-b752-7d396f962684
1377,train,https://glints.com/id/opportunities/jobs/personal-assitant/e97e813b-b54a-45b1-9432-b55a89571485
1378,validation,https://glints.com/id/opportunities/jobs/soundman/822cc712-a5d3-4613-91c0-cdfdb883d7fd
1379,train,https://glints.com/id/opportunities/jobs/admin-purchasing/62d04a40-7695-48f1-969a-895935f3dc01
1380,train,https://glints.com/id/opportunities/jobs/dishwasher/21f4331f-b2b1-4769-9475-df814c3e11ab
1381,train,https://glints.com/id/opportunities/jobs/admin-e-commerce/b78e2080-b99a-435e-8ee4-c4dc949619a6
1382,train,https://glints.com/id/opportunities/jobs/admin/60f1aef4-505e-4f33-bd5d-df7c968eb279
1383,train,https://glints.com/id/opportunities/jobs/staff-keuangan/6fd69c87-573c-4567-84ae-8e5cefdf9c4f
1384,test,https://glints.com/id/opportunities/jobs/graphic-designer/532fd4fd-163b-4570-bd68-6912cfb7f653
1385,train,https://glints.com/id/opportunities/jobs/content-creator/cacd8640-fce9-43e0-a21d-86f9eaea8648
1386,validation,https://glints.com/id/opportunities/jobs/kepala-bengkel/0fb45947-96a1-469e-9141-501d84fcfdb8
1387,train,https://glints.com/id/opportunities/jobs/marketing/2456cd1d-9880-4027-9f10-f70e269840a2
1388,train,https://glints.com/id/opportunities/jobs/social-media-manager/b792439c-52c8-4090-9ffe-9c4e0c661019
1389,train,https://glints.com/id/opportunities/jobs/sales-executive-semarang/14ab4d59-75c1-4dd1-a6ca-c4e15f43e38e
1390,train,https://glints.com/id/opportunities/jobs/barista/2fe5e195-6e12-48a8-b2ba-9d33c90f5a28
1391,train,https://glints.com/id/opportunities/jobs/general-manager/6bc4a995-812f-42bf-92e1-6a8396e02f43
1392,train,https://glints.com/id/opportunities/jobs/senior-purchasing/e3cfa8d9-d7e7-45ed-8ad0-f89eaa52f040
1393,test,https://glints.com/id/opportunities/jobs/devops-engineer/1d1a90de-480a-4f19-8f8e-4caf0a02189f
1394,validation,https://glints.com/id/opportunities/jobs/crew-toko/610fe9f9-636f-4b81-a1f6-5c01bb13dee1
1395,train,https://glints.com/id/opportunities/jobs/security/e5b13f99-740b-4bd9-90c6-35fd20d7f88a
1396,train,https://glints.com/id/opportunities/jobs/front-desk-receptionist/d79e51b0-cebe-4fae-b723-cbe0fca28651
1397,train,https://glints.com/id/opportunities/jobs/manager-akunting/f117d26b-aa74-4c46-a521-a12f74cfa21e
1398,train,https://glints.com/id/opportunities/jobs/vip-service-staff/ced67801-b467-4b04-89b3-a5cd127836c8
1399,train,https://glints.com/id/opportunities/jobs/pramuniaga/bafaabc3-6fe6-4f9a-b11d-020d056377c6
1400,train,https://glints.com/id/opportunities/jobs/system-analyst/2fbb06a8-ad18-4c01-b474-495fbb6cef08
1401,train,https://glints.com/id/opportunities/jobs/crew-gudang/b250239d-8edb-4288-862d-1e8957803882
1402,train,https://glints.com/id/opportunities/jobs/account-receivable-staff/95103fb4-9ad8-4ac0-b842-2af84f619280
1403,train,https://glints.com/id/opportunities/jobs/desk-collection/597aacbc-5615-420f-801a-14914b82e555
1404,train,https://glints.com/id/opportunities/jobs/ui-ux-designer/56dd1155-79ae-46df-b692-48257f7adf6c
1405,train,https://glints.com/id/opportunities/jobs/admin-produksi/80031d71-85b8-46cd-9a92-97c8074310fe
1406,test,https://glints.com/id/opportunities/jobs/koordinator-cabang/dc308ad5-780f-4614-a9ed-6e787802d9f8
1407,test,https://glints.com/id/opportunities/jobs/kol-specialist/2ab3ef1b-0f86-470c-b57e-943e711035a0
1408,train,https://glints.com/id/opportunities/jobs/quality-control-qc/15ef52b0-860c-4e3a-9311-5e4cff330b6d
1409,validation,https://glints.com/id/opportunities/jobs/management-trainee/06f5d842-acc4-481e-bc8a-74f92f7f594e
1410,train,https://glints.com/id/opportunities/jobs/social-media-content-specialist/fd6997b9-b084-49d6-81ac-f552bce447ce
1411,train,https://glints.com/id/opportunities/jobs/marketing/2300ff35-fa45-4018-a8ed-85bf907125fb
1412,train,https://glints.com/id/opportunities/jobs/penanggung-jawab-teknis-alat-kesehatan/15a9cad9-1ca4-4f5a-9b71-220512b48f1d
1413,test,https://glints.com/id/opportunities/jobs/sales-engineer/dae30c81-50f6-4ab5-b497-e6a38b95304b
1414,test,https://glints.com/id/opportunities/jobs/staff-admin-sales/4e79d2f7-815f-4044-b258-32641addb619
1415,train,https://glints.com/id/opportunities/jobs/technical-support/60ce4607-293f-40d1-ad2a-769865b771b7
1416,validation,https://glints.com/id/opportunities/jobs/manager-operasional/f42fbe49-9f67-47ab-a829-a6f10aac5af4
1417,train,https://glints.com/id/opportunities/jobs/customer-service/47ba3b3f-fc89-4ec8-b47d-dddf4aceb0c9
1418,test,https://glints.com/id/opportunities/jobs/operator-sewing/7c4919e6-11dd-429c-830a-98c3539c09fd
1419,train,https://glints.com/id/opportunities/jobs/education-staff/4e8578fb-5387-4f45-b073-a5e4e6e00529
1420,test,https://glints.com/id/opportunities/jobs/helper-produksi/ea045ccc-7f60-4a06-8830-e3f182270add
1421,test,https://glints.com/id/opportunities/jobs/compensation-and-benefit/410b24a8-51c6-40f2-87ea-4e677317582d
1422,test,https://glints.com/id/opportunities/jobs/waiter-waitress/a52ce88f-fb9a-49b8-b7f8-9d4be1e62969
1423,train,https://glints.com/id/opportunities/jobs/waiter-waitress/25c53550-bb95-4fbf-bd6f-2bc0139f3313
1424,train,https://glints.com/id/opportunities/jobs/host-live-streaming/0fe7d282-7dcb-4327-bd6c-01bb4a6a8e03
1425,test,https://glints.com/id/opportunities/jobs/junior-barista/3569b0c7-10c0-452c-9478-753a96a847e7
1426,test,https://glints.com/id/opportunities/jobs/helper-produksi/e3fde70b-4813-4031-b23a-3358094eda2d
1427,train,https://glints.com/id/opportunities/jobs/admin-partime/c5fa8616-6d2b-421d-960f-c58baf5847ed
1428,test,https://glints.com/id/opportunities/jobs/sales-counter/dd74b361-8599-4eb8-a19e-94cf7553573a
1429,train,https://glints.com/id/opportunities/jobs/operation-staff/86c606a9-9ba0-46cd-b24a-947b7ebbb7bb
1430,train,https://glints.com/id/opportunities/jobs/hr-and-ga-staff/bb5d13b9-16ff-4f7a-9b3c-1cea5bae05a0
1431,train,https://glints.com/id/opportunities/jobs/office-boy/ccbcb055-2430-47e7-9f1c-b2a894eccf95
1432,train,https://glints.com/id/opportunities/jobs/customer-service-teller/0f1e82c6-053c-4001-953c-fed4161c56ee
1433,train,https://glints.com/id/opportunities/jobs/bartender/bd090f65-93a7-4a5b-ab56-679f2cf1801c
1434,test,https://glints.com/id/opportunities/jobs/admin-produksi/66468c81-d9b6-4244-811f-fb9c7d2f1482
1435,test,https://glints.com/id/opportunities/jobs/host-live-streaming/983e6e59-1754-4afd-9f16-8b8b78c21e98
1436,train,https://glints.com/id/opportunities/jobs/desk-collection/78f81d41-4f1e-4b2b-aeef-b609b8a3ae3f
1437,test,https://glints.com/id/opportunities/jobs/asset-inspector/d21b246d-079a-400a-b3d7-a0a798d2209e
1438,train,https://glints.com/id/opportunities/jobs/staff-pengemasan/ee972e91-3901-486a-8392-671a67cd725b
1439,test,https://glints.com/id/opportunities/jobs/customer-service/af0cff36-9abf-44fc-9932-e1744f68a706
1440,train,https://glints.com/id/opportunities/jobs/staff-survey-lapangan/151f4922-ebff-4cd6-b9f2-05154b0a75ad
1441,train,https://glints.com/id/opportunities/jobs/tutor-jakarta-barat/6c4cf6c8-20f1-4c0f-8968-8d83d8e9537b
1442,train,https://glints.com/id/opportunities/jobs/video-content-creator/b8db8ae9-3efe-47d1-9fb8-0a9571d7eecb
1443,train,https://glints.com/id/opportunities/jobs/kepala-kantor-lpk/2ac08bca-5ac1-4040-8da7-65d6bc0b1eb5
1444,train,https://glints.com/id/opportunities/jobs/general-affair-officer/62c4e9f7-9052-47bb-976c-5731484840e4
1445,train,https://glints.com/id/opportunities/jobs/devops-engineer/ead0a74f-ce87-48ba-aded-f81bb70692e0
1446,train,https://glints.com/id/opportunities/jobs/marketplace-supervisor/a9cb08ab-df69-4e13-8417-d465d1ad394c
1447,train,https://glints.com/id/opportunities/jobs/admin-penjualan/2e9ec90a-bdea-43f2-a739-0e25717db8a1
1448,train,https://glints.com/id/opportunities/jobs/general-affair/815a7084-8741-4549-b446-a315506971b2
1449,validation,https://glints.com/id/opportunities/jobs/content-creator/8ca16ffc-5104-4ab4-9e1f-41e984509fd6
1450,train,https://glints.com/id/opportunities/jobs/barista/cfb03d45-16fc-4844-9c9e-9e7d64ab478f
1451,train,https://glints.com/id/opportunities/jobs/manager-finance/4519b71f-8a05-4f8b-b97a-1cc3d91d5e62
1452,test,https://glints.com/id/opportunities/jobs/admin-produksi/59f26175-46bb-4e1c-91a5-e0cce4071471
1453,validation,https://glints.com/id/opportunities/jobs/japanese-tutor-pengajar-bahasa-jepang-jakarta-part-time/b4df7ce2-49b0-42e1-82a7-a33f38aba0bf
1454,train,https://glints.com/id/opportunities/jobs/customer-service/82952562-f50a-49be-8256-e59c7f1b0a00
1455,train,https://glints.com/id/opportunities/jobs/admin-warehouse/a0cc131f-249c-46d8-b640-2e768dd149d0
1456,train,https://glints.com/id/opportunities/jobs/booth-keeper/bf7ac248-71d3-4627-a45d-4f9803d6198d
1457,test,https://glints.com/id/opportunities/jobs/operator-mesin/0804f04b-765d-42de-91f5-76e6313309f1
1458,train,https://glints.com/id/opportunities/jobs/sales-and-collection/625a7a28-65fd-4871-aa9b-d068a8ff1598
1459,train,https://glints.com/id/opportunities/jobs/staff-administrasi-gudang/cedabc73-75a6-427b-ac19-fb4efc4752df
1460,validation,https://glints.com/id/opportunities/jobs/staff-gudang/3607913d-00c4-4f4d-bb10-22578c472f3c
1461,validation,https://glints.com/id/opportunities/jobs/produksi/ae9210ce-16d9-4268-9a11-80d9dd67ddfc
1462,train,https://glints.com/id/opportunities/jobs/social-media-specialist/13322d14-4b55-4839-8b33-d51d416ddb78
1463,validation,https://glints.com/id/opportunities/jobs/service-advisor/d44c5b2a-3473-4502-a4fa-9e337c6106b8
1464,train,https://glints.com/id/opportunities/jobs/funding/03afbc05-a79f-4b8f-b780-f2375ec08a92
1465,train,https://glints.com/id/opportunities/jobs/business-development/f6d6b088-66b1-4cdf-b65d-766e3cbd5233
1466,train,https://glints.com/id/opportunities/jobs/perawat-klinik/1196cd0a-c005-4ee7-8f17-3113cc12c93f
1467,train,https://glints.com/id/opportunities/jobs/creative-designer/5e080dca-698a-4f5d-ab77-83fc74ab6be8
1468,train,https://glints.com/id/opportunities/jobs/supervisor/f07d5fba-5467-4922-92e2-fd550d8b30bd
1469,validation,https://glints.com/id/opportunities/jobs/waiter-waitress/77dd9835-639b-450a-ab9c-9864392dfba9
1470,train,https://glints.com/id/opportunities/jobs/admin-operasional/21e95ebf-73cd-4587-a8ce-aaaecd0c3782
1471,train,https://glints.com/id/opportunities/jobs/program-officer/5a26c2b9-3296-4a52-a969-4a1d49ac7220
1472,validation,https://glints.com/id/opportunities/jobs/recruiter/e5c158f6-aa6d-4dae-aa40-293413ce25a9
1473,train,https://glints.com/id/opportunities/jobs/barista-waiter/d99cd0f6-d326-4d65-8494-8abea30e1a36
1474,train,https://glints.com/id/opportunities/jobs/operator-produksi/a397e8b3-213e-40dd-bbff-8930ff3e88e7
1475,validation,https://glints.com/id/opportunities/jobs/store-crew/c078cad6-b2ce-4332-b1eb-abebcdf40682
1476,train,https://glints.com/id/opportunities/jobs/staff-produksi/5c9f0f9f-cf8c-4936-9337-3f051ae17df1
1477,train,https://glints.com/id/opportunities/jobs/cleaning-service-yogyakarta/3b9c5fa6-72b3-4278-94ce-c3891b61c672
1478,validation,https://glints.com/id/opportunities/jobs/call-center-yokke/bd11bbaf-d939-467a-bf5e-ee6041340852
1479,train,https://glints.com/id/opportunities/jobs/ui-ux-designer/22cdef83-ba13-4767-a37e-2537894a57ea
1480,train,https://glints.com/id/opportunities/jobs/video-jurnalis/5a9a4cd9-80fa-47c9-8cfe-5875e51d2965
1481,train,https://glints.com/id/opportunities/jobs/wartawan/b40361ee-b3e1-4e7b-aada-e4f12970d0e0
1482,train,https://glints.com/id/opportunities/jobs/desk-collection-staff-bandung/33118d64-5ed9-42ff-bbf9-5133605e7a71
1483,train,https://glints.com/id/opportunities/jobs/staff-accounting-finance-accounting-and-tax/6ee2b0de-c25c-4609-be96-1356576179f4
1484,train,https://glints.com/id/opportunities/jobs/akuntan/6acd4501-07b9-4b53-a17e-faa14cee8f24
1485,train,https://glints.com/id/opportunities/jobs/general-affairs/11e63658-92d5-46f8-908c-d98c2431ac56
1486,test,https://glints.com/id/opportunities/jobs/admin-finance/2bce2b00-dc7b-4df1-9b7d-4abd1c08641c
1487,train,https://glints.com/id/opportunities/jobs/account-manager/9ec33707-20c6-42d9-9756-53891308a090
1488,test,https://glints.com/id/opportunities/jobs/staf-general-affair/07ab445e-087d-4204-92f0-477822c2bfa0
1489,validation,https://glints.com/id/opportunities/jobs/asisten-kepala-gudang/2d44e4c6-0db9-4296-a422-bca69db1b9e3
1490,train,https://glints.com/id/opportunities/jobs/operasional/ef387ff4-fa65-4c6b-9978-6ca9725d032d
1491,train,https://glints.com/id/opportunities/jobs/office-boy/4f64cad5-a69d-484a-9926-cfc14e0d69a9
1492,test,https://glints.com/id/opportunities/jobs/inputer/7e4f83c0-7081-49fb-bac8-f2bff2c99659
1493,train,https://glints.com/id/opportunities/jobs/driver/8d448d68-ed6e-4fc0-9a4f-37dbbd330edd
1494,train,https://glints.com/id/opportunities/jobs/field-collection/acd5f8b4-b25d-4c79-b181-b60e1a713ba6
1495,train,https://glints.com/id/opportunities/jobs/admin/f3defab4-f955-46dd-b363-7dc563433790
1496,train,https://glints.com/id/opportunities/jobs/sales-admin/05d32296-2209-4b3e-9eb9-12ce11dfc7d8
1497,train,https://glints.com/id/opportunities/jobs/jaga-konter/9858e6b2-ad0a-4d54-8def-cd224748c067
1498,train,https://glints.com/id/opportunities/jobs/kreator-konten/d91c1fb9-3125-49cb-b33a-076e2654f203
1499,train,https://glints.com/id/opportunities/jobs/legal-officer/84864a9a-068f-4119-81ad-a6329d6aa44c
1500,test,https://glints.com/id/opportunities/jobs/operator-produksi/5cbee7f3-9605-4d46-a745-a1aa6dbc3656
1501,train,https://glints.com/id/opportunities/jobs/graphic-designer/f3b6d5c6-6055-4035-abfd-2a447856a588
1502,train,https://glints.com/id/opportunities/jobs/promotor-area-surabaya/7957e4e5-646b-4aec-aa2c-97d8061723dc
1503,train,https://glints.com/id/opportunities/jobs/agen-properti/7245157a-e0e0-4c62-8c5c-a2a08be49143
1504,test,https://glints.com/id/opportunities/jobs/pic-area/2c632239-0266-4d91-a0c1-c1865a144a51
1505,test,https://glints.com/id/opportunities/jobs/content-creator/a6eccb31-735e-408d-9f11-730e17ada94c
1506,train,https://glints.com/id/opportunities/jobs/rekam-medis/c1b1669e-e70f-4d46-ac7d-679c62b775df
1507,train,https://glints.com/id/opportunities/jobs/helper-produksi/deffe2b9-6af5-459a-b9eb-06eaf45f25e9
1508,train,https://glints.com/id/opportunities/jobs/helpdesk-intern/67e78a89-ca5e-426a-a242-758f72ad19eb
1509,train,https://glints.com/id/opportunities/jobs/staff-customer-service/3cce6487-8e40-48cd-a6cf-817f2b87ad73
1510,train,https://glints.com/id/opportunities/jobs/event-coordinator/09ef904a-9e30-4d58-9cc3-322361eaf496
1511,train,https://glints.com/id/opportunities/jobs/staff-tenant-relation/07e512bf-1cd9-459f-a7f1-720c484a3f19
1512,validation,https://glints.com/id/opportunities/jobs/construction-project-staff/1f6ae1d6-cdf4-4574-a626-570108e69771
1513,validation,https://glints.com/id/opportunities/jobs/admin-logistik-proyek/fb3c53a6-a48d-472a-8b86-7cd2c3e67eba
1514,test,https://glints.com/id/opportunities/jobs/helper-teknisi-lift/359da40d-7c5f-4f80-8e88-488b145968e4
1515,test,https://glints.com/id/opportunities/jobs/supervisor-it/03f2c0bd-8670-4208-b02e-6aa787198385
1516,train,https://glints.com/id/opportunities/jobs/hr-internship/035f5153-36f1-4e27-85b5-125ffdcf6486
1517,train,https://glints.com/id/opportunities/jobs/pekerja-harian-lepas/bdc49ea7-b1d9-4b83-a6fe-f2bfff7f0ea2
1518,train,https://glints.com/id/opportunities/jobs/kepala-gudang-dan-logistik/65c02e74-f00c-410f-b335-3b56c8dd9cf6
1519,train,https://glints.com/id/opportunities/jobs/operator-produksi/59d4c3ed-4590-4d99-97df-130dbbbd70f0
1520,train,https://glints.com/id/opportunities/jobs/staf-general-affair/1c515d5c-3a7e-4017-bca4-747d2aa73e59
1521,train,https://glints.com/id/opportunities/jobs/staff-control-bus/50930539-5f2b-4d7c-8b66-ebeb64652254
1522,train,https://glints.com/id/opportunities/jobs/crew-store/87e964a1-f060-4778-abd5-3830484a87d0
1523,train,https://glints.com/id/opportunities/jobs/customer-service/4e28ef7f-9de2-478b-a845-5d5ec27a0c40
1524,train,https://glints.com/id/opportunities/jobs/staff-operasional/93e752d6-8f57-4358-bda3-434e948b5de4
1525,validation,https://glints.com/id/opportunities/jobs/sport-club-manager/b8687033-3e7e-448e-9265-56f926a92a00
1526,train,https://glints.com/id/opportunities/jobs/admin-packing/d30eb925-38ea-4d62-8025-3bfc3db0fb2c
1527,test,https://glints.com/id/opportunities/jobs/guest-relation-officer/4e1892d8-27d6-4baf-9d5e-8935475ad8f3
1528,validation,https://glints.com/id/opportunities/jobs/runner/8310f799-a578-4eb6-abb8-f88984797bca
1529,validation,https://glints.com/id/opportunities/jobs/marketing-communication/028f8062-dadc-41f2-a320-69dcbff03362
1530,train,https://glints.com/id/opportunities/jobs/crew-store/af608bc7-18a6-4eac-a02c-4eece3b8fd4c
1531,train,https://glints.com/id/opportunities/jobs/operator-crane-penempatan-surabaya/38911790-fb6b-450c-86b7-f87787e6ded5
1532,train,https://glints.com/id/opportunities/jobs/project-officer/5fe38665-bc83-4bf3-aee8-0d72e99c0601
1533,train,https://glints.com/id/opportunities/jobs/barista-server/c6af8dcc-dd69-4c6b-8005-7cd7b2823562
1534,test,https://glints.com/id/opportunities/jobs/crew-warehouse/18e70b21-8724-4bfa-b2f4-cf3d5f6fc066
1535,test,https://glints.com/id/opportunities/jobs/freelance-sales/baa2fd6a-fdfb-4d18-8b13-8ab8e4ac8ae9
1536,validation,https://glints.com/id/opportunities/jobs/cs-online/be0a0892-9e5a-4c01-bf86-f034d4140d63
1537,test,https://glints.com/id/opportunities/jobs/personal-assistant/24d0f384-c9ec-44d3-9b2d-3b81e2b517aa
1538,train,https://glints.com/id/opportunities/jobs/data-analyst-mapping-social/5a2069ed-1959-4e40-a8bd-1caca2ae6f15
1539,test,https://glints.com/id/opportunities/jobs/baby-sister/49b475d7-a288-4e71-82e5-cdfd6432a77b
1540,train,https://glints.com/id/opportunities/jobs/teknisi-perbaikan-printer/26b5b046-f04d-447b-b3bd-53021f0e39e9
1541,train,https://glints.com/id/opportunities/jobs/admin-sipil/45abc4a0-44c6-4586-a928-0ec66d6514af
1542,train,https://glints.com/id/opportunities/jobs/it-quality-assurance/dba2384c-2850-4f73-afb7-01da5586a24c
1543,train,https://glints.com/id/opportunities/jobs/driver-operasional/46b47ebd-e06d-4c5f-9df4-f8e051bf00eb
1544,validation,https://glints.com/id/opportunities/jobs/finance-intern/785e402a-7eb5-4bc2-98bd-1d728abfc70c
1545,validation,https://glints.com/id/opportunities/jobs/back-up-office-boy-garut/7a5be1cd-3404-4dc5-8961-6cc4d49b8f59
1546,test,https://glints.com/id/opportunities/jobs/administrasi/1cef808b-e7ce-4c4a-926b-3797a59e3efe
1547,validation,https://glints.com/id/opportunities/jobs/kurir-mobil-bisa-mengendarai-mobil-dan-berpengalaman-jadi-kurir/1eda09aa-7345-49ec-9b22-c0b3adb63f35
1548,train,https://glints.com/id/opportunities/jobs/store-manager-jet-print-pacitan/bbb3cce0-7edf-4435-a7b0-23049ddd4521
1549,train,https://glints.com/id/opportunities/jobs/driver-office/992c8fb2-57a5-47a4-a280-956b56b107bf
1550,train,https://glints.com/id/opportunities/jobs/admin-sosmed/7bde2278-8fc1-4c92-baf1-db8b9485cdf7
1551,test,https://glints.com/id/opportunities/jobs/blaster-painter/4ecf5120-3bdf-424f-9f1f-31caf02db8d4
1552,train,https://glints.com/id/opportunities/jobs/pekerja-konstruksi%E6%96%BD%E5%B7%A5%E4%BA%BA%E5%91%98/d390086a-3ed3-41db-b2ff-b05def6185fc
1553,train,https://glints.com/id/opportunities/jobs/restaurant-housekeeping/eb91e223-2622-47ab-8969-10eba979b8ec
1554,validation,https://glints.com/id/opportunities/jobs/junior-engineer/a175d130-4784-46e1-bcdf-e0f9e9aea077
1555,test,https://glints.com/id/opportunities/jobs/staff-procurement/b1d5168a-211c-4c36-a8ac-13e50fcad492
1556,validation,https://glints.com/id/opportunities/jobs/staf-pelayanan-apotek/a539b1a3-1fdd-476b-a85f-c59ac75ae4a9
1557,train,https://glints.com/id/opportunities/jobs/staff-finance/d824627f-6ead-4806-a679-0062e1935321
1558,train,https://glints.com/id/opportunities/jobs/office-girl/3d168b88-800c-41bc-beb5-4bf17171085f
1559,train,https://glints.com/id/opportunities/jobs/operator-chemical/90a2fe13-955a-4200-a7ed-211dadf9211b
1560,train,https://glints.com/id/opportunities/jobs/sales-manager/59d61438-e7a6-4a8e-b777-3a0132adf64f
1561,train,https://glints.com/id/opportunities/jobs/sales-promotion-girl/a067033f-8032-48f4-914e-0215e8dad59b
1562,train,https://glints.com/id/opportunities/jobs/sales-admin/7894737c-4bc7-472d-b904-04439314357f
1563,train,https://glints.com/id/opportunities/jobs/social-media-specialist/c75fe765-5b24-4e0e-bc5b-89651b1c9dde
1564,validation,https://glints.com/id/opportunities/jobs/sales-engineer/45fb54d3-2bc2-4993-897f-28f011bb3935
1565,test,https://glints.com/id/opportunities/jobs/frontliner/6b6e9094-ca31-4350-928d-fa19bace7a99
1566,train,https://glints.com/id/opportunities/jobs/admin-purchasing/ad06a1d2-8648-4ada-bcb3-d34e70ba8a02
1567,validation,https://glints.com/id/opportunities/jobs/staff-gudang/1380f8d7-0da0-4d18-8c12-7209f142a504
1568,train,https://glints.com/id/opportunities/jobs/sales-marketing/4168d1f3-95ec-44d9-ba36-5a21ad57af9a
1569,train,https://glints.com/id/opportunities/jobs/store-supervisor/ab9c6c45-a875-4ada-a454-01a7e62530ae
1570,train,https://glints.com/id/opportunities/jobs/content-creator/af716478-d828-4972-bece-67587f695fde
1571,validation,https://glints.com/id/opportunities/jobs/barista-crew-citraland/0a24abc1-7ca8-403f-9855-16654b100703
1572,train,https://glints.com/id/opportunities/jobs/customer-service/0810fbea-0be7-4b4b-b25f-ba7efcbcd71f
1573,validation,https://glints.com/id/opportunities/jobs/staff-unison/e4c7e63d-29a8-4d8b-90b5-92a3ff58e0a1
1574,train,https://glints.com/id/opportunities/jobs/driver/4ea4e944-8e8d-4d5a-84d5-a712b61eba9b
1575,train,https://glints.com/id/opportunities/jobs/dokter-umum/6064b520-0707-4809-bf34-3c9079d47b2a
1576,train,https://glints.com/id/opportunities/jobs/purchasing-staff/2d8f3de6-df98-42c5-ac11-fca79cbc43ae
1577,train,https://glints.com/id/opportunities/jobs/sales-marketing/6e4b1535-23ca-4aca-a7fe-0e89671a4ed8
1578,train,https://glints.com/id/opportunities/jobs/warehouse/d6c1eb06-da1e-4e2c-8501-4686ce0ba07e
1579,test,https://glints.com/id/opportunities/jobs/data-entry/eb7abba6-afe3-48e3-a5cc-8c6433958e88
1580,train,https://glints.com/id/opportunities/jobs/head-of-marketing/925ddca9-7066-4887-9055-4607295a0fa3
1581,train,https://glints.com/id/opportunities/jobs/admin-dan-kasir/3ae6800d-fa95-4972-bc61-be1361851814
1582,train,https://glints.com/id/opportunities/jobs/sales-manager/e44877ff-f64e-4c56-8813-ee90abe425e8
1583,train,https://glints.com/id/opportunities/jobs/admin-sales/0d4b46f9-6520-454d-9cc9-70f36f8652bb
1584,test,https://glints.com/id/opportunities/jobs/kasir/c001687b-ffeb-4a5f-a779-5b75b9cfe127
1585,train,https://glints.com/id/opportunities/jobs/security/1e2ec52d-8778-4efc-ba30-3f6ff9762897
1586,train,https://glints.com/id/opportunities/jobs/crew-outlet/3bdfd90a-f3cc-415d-b288-08eeb5ed7b74
1587,validation,https://glints.com/id/opportunities/jobs/web-developer/f6041f68-ccdd-47a7-b63a-9849dff6deb8
1588,validation,https://glints.com/id/opportunities/jobs/project-manager/3fe03019-3cad-48cf-adfe-4eb2b8f839e5
1589,train,https://glints.com/id/opportunities/jobs/digital-marketing/fc07a77d-57b3-4d8b-a54d-5eee51126744
1590,train,https://glints.com/id/opportunities/jobs/business-development-associate/6a17cfcc-27aa-4b02-9553-5f48b6a12416
1591,validation,https://glints.com/id/opportunities/jobs/checker/33dd1e9c-7851-4ca6-9403-35c6c145629e
1592,train,https://glints.com/id/opportunities/jobs/driver-forklift/fecb8b1e-6525-42bb-a734-69abd6e0e4cc
1593,train,https://glints.com/id/opportunities/jobs/operator-live/1b1b7f2c-67d3-4ab5-9636-a92ebe672127
1594,test,https://glints.com/id/opportunities/jobs/staff-registrasi-klinik/8751779a-c132-428b-8f0f-ffc668163f7d
1595,train,https://glints.com/id/opportunities/jobs/maintenance/55141f9f-815e-48a4-b958-c61c153d532e
1596,test,https://glints.com/id/opportunities/jobs/kasir/86ad06b8-b38c-403a-bb93-95fd6e7f87fc
1597,train,https://glints.com/id/opportunities/jobs/housekeeping/88250320-9285-4868-a5a5-673202e45cab
1598,train,https://glints.com/id/opportunities/jobs/sales-staff/23d01d19-5f21-4906-91f5-71b5fd6757bd
1599,train,https://glints.com/id/opportunities/jobs/operator-forklift/e9431d4b-a1d9-4e5b-a59b-197de1241e2d
1600,train,https://glints.com/id/opportunities/jobs/content-specialist/da6d41ac-fd58-4b99-9320-4d5356eeb790
1601,test,https://glints.com/id/opportunities/jobs/admin-gudang/2f8a1501-4e19-49ba-98dd-8064f04da048
1602,train,https://glints.com/id/opportunities/jobs/teknisi-sipil-bali/f84f72bc-66bb-4f8f-92d3-bca4634ecbe0
1603,train,https://glints.com/id/opportunities/jobs/admin-gudang/2d30ba3b-83ec-4f71-90b6-499fed78cf69
1604,train,https://glints.com/id/opportunities/jobs/sales-executive/2d9b94b7-c7f8-4986-9796-c7dec1399525
1605,train,https://glints.com/id/opportunities/jobs/staff-it/f0f4dc44-8a78-49eb-8cd6-3ece3935f3bc
1606,train,https://glints.com/id/opportunities/jobs/digital-marketing/8cd2159e-d82c-44d3-946c-127b21a62faa
1607,train,https://glints.com/id/opportunities/jobs/supervisor/0d7ee8a1-a3cf-4086-b63b-b6c2f38a4b71
1608,train,https://glints.com/id/opportunities/jobs/customer-relation-management/55dd0063-8a4c-4cd1-8da9-a7010ccbfe31
1609,validation,https://glints.com/id/opportunities/jobs/teller-tangerang/ca2327c2-5684-49ed-ad26-e238220967db
1610,test,https://glints.com/id/opportunities/jobs/admin-outlet/d80e8daa-cdf5-4401-84c1-257586e95df5
1611,validation,https://glints.com/id/opportunities/jobs/helper-produksi/cf837a4d-7312-4d74-ab1f-8c2d831c0861
1612,test,https://glints.com/id/opportunities/jobs/content-creator-and-video-editor/312b0e58-765f-4642-aa3c-1901255edc5c
1613,test,https://glints.com/id/opportunities/jobs/sopir/a0e0a778-0b66-428a-baec-70b468bdcae6
1614,train,https://glints.com/id/opportunities/jobs/staff-hrd/e05101c8-b01f-4b8d-8099-84520c74d8b2
1615,test,https://glints.com/id/opportunities/jobs/produksi/7d56f8ce-7fc0-4b8d-9fc0-7158bc2fb0e4
1616,test,https://glints.com/id/opportunities/jobs/sales-promotion-girl-spg/ba7d4f5f-3323-4f45-8f71-dde04dabeff5
1617,test,https://glints.com/id/opportunities/jobs/regional-operation-manager/bb602273-ea4d-4184-ab0f-810b916453b9
1618,test,https://glints.com/id/opportunities/jobs/admin-gudang/7296a353-67d3-4a2e-9a49-8843bfc5e1f3
1619,train,https://glints.com/id/opportunities/jobs/key-account-eksekutif/08a6af9a-dd63-4576-a63f-7a75dc0191e4
1620,train,https://glints.com/id/opportunities/jobs/satpam/274f9bb8-0497-499a-ab02-bb3899e5290c
1621,train,https://glints.com/id/opportunities/jobs/audit/c64cf167-4e8c-4769-98d5-88d654ef877a
1622,train,https://glints.com/id/opportunities/jobs/ahli-gizi/1fcda896-fad0-4200-9c5e-23fec20c82c3
1623,train,https://glints.com/id/opportunities/jobs/marketing-development-officer/7dd97e0e-242d-43db-9528-c8a6d550094a
1624,validation,https://glints.com/id/opportunities/jobs/business-development-b2b/4094f1de-02b6-4a4b-a9bd-f1eb06c8128c
1625,train,https://glints.com/id/opportunities/jobs/operator-cctv/06b95889-fe55-40c6-969a-099c53e8ecbe
1626,train,https://glints.com/id/opportunities/jobs/java-developer/b5b38928-4408-4299-8946-870b28aeace1
1627,train,https://glints.com/id/opportunities/jobs/operator-produksi/5178c3ac-dbb4-4ecd-b43d-01a80f265fb8
1628,validation,https://glints.com/id/opportunities/jobs/operator/75ba177e-aa8e-4bdb-bdf4-73d80b4cd0da
1629,train,https://glints.com/id/opportunities/jobs/general-affair-staff/25fc9e8b-317e-45ac-a20b-5997e0ceec41
1630,train,https://glints.com/id/opportunities/jobs/admin-customer-service-surabaya-barat/8f8e05c6-9ec2-4006-91ae-f59bb334621a
1631,train,https://glints.com/id/opportunities/jobs/supervisor/26449796-8031-46fe-9a92-23d0653db0a2
1632,validation,https://glints.com/id/opportunities/jobs/it-support-staff/cd3cd42d-5648-4017-ae2c-9a80a88da8ef
1633,test,https://glints.com/id/opportunities/jobs/spg-store-yogyakarta/3fce8fd7-fcb1-436a-8302-7b25c36c05aa
1634,train,https://glints.com/id/opportunities/jobs/staff-repair-tas-dan-cuci/72133b1b-ac02-4c19-a5bf-08130e749f56
1635,validation,https://glints.com/id/opportunities/jobs/daily-worker/d1d95de8-e1a5-41f5-911d-3a3b05bd7150
1636,train,https://glints.com/id/opportunities/jobs/supervisor-it/37e408a1-adf7-4e3a-b3a1-09495b4abcf9
1637,train,https://glints.com/id/opportunities/jobs/barista/d74f93f4-a711-4d4a-ac58-00372654adaa
1638,train,https://glints.com/id/opportunities/jobs/administrator-hr/555c8a17-024e-4a54-8b50-61257f5eb330
1639,train,https://glints.com/id/opportunities/jobs/kasir/daae62a1-50ed-4c62-b215-b9218021fad1
1640,train,https://glints.com/id/opportunities/jobs/customer-service/aad937ce-74f1-4e9f-a0bc-8ed2074b50c2
1641,validation,https://glints.com/id/opportunities/jobs/rekrutmen-staff/ce2d8656-8af8-4b4b-a9c3-9a76bef50a66
1642,train,https://glints.com/id/opportunities/jobs/telemarketing/22892196-93e7-4062-bd6c-bba4f3cfa2a7
1643,train,https://glints.com/id/opportunities/jobs/social-media-specialist/43c16c7b-a937-4732-937c-b4d6fd471fbd
1644,test,https://glints.com/id/opportunities/jobs/customer-service/b2f0ca2d-6735-4296-a0a5-f0d8a7c3997c
1645,train,https://glints.com/id/opportunities/jobs/customer-service/bdeb7aa5-7dec-4630-93ef-9b3a3e8c6b42
1646,train,https://glints.com/id/opportunities/jobs/staff-gudang/5689aefa-6b04-46fe-b657-223bf174d687
1647,train,https://glints.com/id/opportunities/jobs/admin-gudang/23b4b12b-ac0f-4d75-8f99-82e15d91925e
1648,train,https://glints.com/id/opportunities/jobs/customer-service/412cf931-16bc-4d08-9db7-984284e93cc8
1649,train,https://glints.com/id/opportunities/jobs/crew-resto/217f74a0-1ec4-4940-9ef0-83e198121abb
1650,train,https://glints.com/id/opportunities/jobs/operator-forklift/715b2fe7-21b9-4abf-97b3-c7f53f655033
1651,test,https://glints.com/id/opportunities/jobs/telemarketing/9f495183-993c-4ff3-82c1-f06cb562fd50
1652,train,https://glints.com/id/opportunities/jobs/spg-kota-kasablanka/7cc54cbd-618c-4986-b429-8273b9078919
1653,train,https://glints.com/id/opportunities/jobs/office-boy/323a2c74-39b3-478b-8357-76d26e1b2862
1654,train,https://glints.com/id/opportunities/jobs/sales/77571c37-f0d0-4f1c-81c7-1eba1d997a46
1655,train,https://glints.com/id/opportunities/jobs/general-admin/cb84b9e4-27bf-4eb5-9eda-ed8e779910f6
1656,validation,https://glints.com/id/opportunities/jobs/driver/bde9712e-4860-4e47-81b9-84f6f5c85885
1657,train,https://glints.com/id/opportunities/jobs/driver/421ad7a0-a2d2-49dc-8aac-4f7b3b06864f
1658,train,https://glints.com/id/opportunities/jobs/staff-ga/c12f5d6e-5bf3-415b-ac61-b99569575619
1659,test,https://glints.com/id/opportunities/jobs/kurir-motor-jnt-express-surabaya-barat-dan-selatan/c183e928-3c9b-46e0-9d65-6f514bc7dec3
1660,train,https://glints.com/id/opportunities/jobs/host-live-streaming/4d23b7f1-851a-4052-b943-76ff6e98c2de
1661,validation,https://glints.com/id/opportunities/jobs/graphic-designer/9fcb6459-cd10-4fbd-8355-52419d4c73f0
1662,train,https://glints.com/id/opportunities/jobs/admin-engineering/31431342-3caa-480f-98eb-d5edf239a8b3
1663,train,https://glints.com/id/opportunities/jobs/driver-direksi/78bd3d3f-559f-4525-b901-1ca29def8bf9
1664,train,https://glints.com/id/opportunities/jobs/pengemudi-bus/c982b502-f131-4d03-b2e7-2ca5a17205dd
1665,train,https://glints.com/id/opportunities/jobs/barista/e0f3aadd-f29e-48a6-a2be-5fa9531bb090
1666,train,https://glints.com/id/opportunities/jobs/telemarketing/2ef2fb99-e063-4e64-a2a8-3a5b13c8e906
1667,train,https://glints.com/id/opportunities/jobs/kepala-produksi/0cec8f3f-8f41-4bfc-bbf8-980ab83ca0b5
1668,train,https://glints.com/id/opportunities/jobs/pramuniaga/b1f2fe1a-1201-4d3f-b506-8d2adb73312b
1669,train,https://glints.com/id/opportunities/jobs/senior-accounting-and-tax/5850f974-da03-4346-9913-1838bfa4fcf0
1670,train,https://glints.com/id/opportunities/jobs/project-manager/6af90859-7905-46b9-ae16-1f48fc49929e
1671,test,https://glints.com/id/opportunities/jobs/keamanan/ee8a69e0-acb5-4314-8825-8225eb13eaf7
1672,train,https://glints.com/id/opportunities/jobs/store-assistant/69e40e06-ddc3-43f1-972a-6634ce3f7065
1673,test,https://glints.com/id/opportunities/jobs/team-leader/411958aa-8f01-480d-abc1-d13e0b024241
1674,train,https://glints.com/id/opportunities/jobs/admin-accounting/e641be3a-8412-40d4-ab51-6cc525e3ad0c
1675,validation,https://glints.com/id/opportunities/jobs/staf-gudang/97740bb3-77d7-42ed-8756-31b3b4e2bd7c
1676,test,https://glints.com/id/opportunities/jobs/desain-grafis/3d6e4c78-9d4c-48a8-8eb3-b79865e38c63
1677,train,https://glints.com/id/opportunities/jobs/jaga-angkringan/30aca935-a8a7-486d-adad-fd3ffdc9a07e
1678,train,https://glints.com/id/opportunities/jobs/operation-manager/01e304fa-e300-4394-b7c5-0d5f815326ad
1679,train,https://glints.com/id/opportunities/jobs/personal-assitant/0b82a860-8613-4dc9-b206-757fbd9523bf
1680,train,https://glints.com/id/opportunities/jobs/video-clipper-social-media/e5ea3d93-b8a8-4ee7-b789-189cc0bbc9e1
1681,train,https://glints.com/id/opportunities/jobs/urgentt-credit-marketing-officer-adira-pondok-gede-fresh-grad/f1bd9a7a-e3cc-4102-8b50-9b5047e1d5d9
1682,train,https://glints.com/id/opportunities/jobs/loader-harian-lepas-sidoarjo/c2bec793-c7c3-4b77-a207-3c0383c4345c
1683,train,https://glints.com/id/opportunities/jobs/head-baker-kitchen-manager-bakery-and-pastry/372f0cfa-d684-4a5b-86df-ee7391fc9a3a
1684,train,https://glints.com/id/opportunities/jobs/crew-outlet-kuningan-city-part-time/e4c7d2c3-4d15-4bd4-9eca-1c03880142c7
1685,train,https://glints.com/id/opportunities/jobs/pekerja-harian-lepas/6de129d4-22a0-4ab4-a3d9-70427b6eb205
1686,train,https://glints.com/id/opportunities/jobs/admin/4cce7b98-20d2-4a54-8433-8c2eac917d84
1687,train,https://glints.com/id/opportunities/jobs/shopee-express-daily-warker/172d24d6-4ae6-419a-9257-91d3a9f1186f
1688,validation,https://glints.com/id/opportunities/jobs/central-kitchen-manager/3cc1acdb-3ace-4d7e-879d-cd2141def5b2
1689,train,https://glints.com/id/opportunities/jobs/public-relations/5304655f-9d9e-4464-ae9c-56f9c5e0b75f
1690,train,https://glints.com/id/opportunities/jobs/welder/ad857a05-928e-4f76-878e-8248fe48f972
1691,train,https://glints.com/id/opportunities/jobs/staf-kantor/10589573-6c4f-4806-b70f-0eec7e25d8c5
1692,train,https://glints.com/id/opportunities/jobs/purchasing-staff/8f234763-4c36-4e3e-88d4-2a25ba0017b1
1693,train,https://glints.com/id/opportunities/jobs/sales-promotor/efbb02c6-8b95-4b0e-89c6-ada3c4860718
1694,train,https://glints.com/id/opportunities/jobs/staf-kantor/1a17ac19-5de0-4997-aaa2-1287e00ae04a
1695,validation,https://glints.com/id/opportunities/jobs/model-talent-live/b2f6eac5-1b21-447b-abde-903051d89edd
1696,train,https://glints.com/id/opportunities/jobs/general-affair/14a10528-36b4-4b45-9a53-aa15d3560699
1697,train,https://glints.com/id/opportunities/jobs/live-streaming/ca9e391c-474b-4eb4-bf59-772cf8d0156d
1698,validation,https://glints.com/id/opportunities/jobs/accounting-officer/548e29cb-e44a-481a-84a6-bdfc671a9290
1699,train,https://glints.com/id/opportunities/jobs/staff-quality-control/4482e62e-af0d-4dea-bcd6-19bfd9931308
1700,train,https://glints.com/id/opportunities/jobs/admin-konstruksi/1d674bab-028a-4ee1-8dee-c49723117e09
1701,train,https://glints.com/id/opportunities/jobs/produksi-harian/cb111be4-1a99-4812-a28d-3473c0d7483a
1702,validation,https://glints.com/id/opportunities/jobs/driver/cbfef273-44b2-46a3-99e7-e07696761213
1703,test,https://glints.com/id/opportunities/jobs/operator-produksi/6dd579e7-71f9-425e-bd3b-e5eae41e0259
1704,test,https://glints.com/id/opportunities/jobs/staff-outlet-cheezy-coin-bojong-gede/07c3a5b5-890c-4293-a36d-b2adb324c0d8
1705,train,https://glints.com/id/opportunities/jobs/r-and-d-assistant-skincare/c035cced-6fbc-467e-9f49-d1d0756a4955
1706,train,https://glints.com/id/opportunities/jobs/pramuniaga/df9aa43e-a780-4145-a5b9-ba6f0f14998d
1707,train,https://glints.com/id/opportunities/jobs/content-creator/b083ed1e-d651-4dde-bf2f-4aa5394836b6
1708,train,https://glints.com/id/opportunities/jobs/model/1d50ffe9-226a-44d8-802e-ed8f2973d125
1709,train,https://glints.com/id/opportunities/jobs/demand-and-supply-planner/99adc337-1a1e-44b7-a5ea-a07f88b76eb5
1710,train,https://glints.com/id/opportunities/jobs/supir-gudang/c871db58-7e93-484d-8d31-0aa835586eb6
1711,train,https://glints.com/id/opportunities/jobs/waiters/8354c9c6-534f-41df-b300-b60100d30865
1712,validation,https://glints.com/id/opportunities/jobs/staff-produksi/1da614cc-18dc-49bb-89ca-1ad693631982
1713,train,https://glints.com/id/opportunities/jobs/supir-gudang/6f0224a3-4b1c-407a-81a3-4f9f0c830d66
1714,validation,https://glints.com/id/opportunities/jobs/waitress-obihiro-nikudon-bandung/c9405636-a07e-43b1-b396-82e528702585
1715,train,https://glints.com/id/opportunities/jobs/customer-service-online/f40cea89-0476-469d-9d79-b0b49bd864e0
1716,train,https://glints.com/id/opportunities/jobs/driver/812c0019-c720-44a8-b406-a15dce45b652
1717,train,https://glints.com/id/opportunities/jobs/cutting-and-finishing-garment/d39980f5-b8ce-47bb-907c-6f45adb4379b
1718,test,https://glints.com/id/opportunities/jobs/hostlive/50bca02d-de02-4427-a44b-61b4ff7bbf2a
1719,test,https://glints.com/id/opportunities/jobs/supir-barang/cce7fe06-35f7-414f-96d3-c38a41ccb31e
1720,train,https://glints.com/id/opportunities/jobs/front-office-executive-bintaro/fc4748e9-9509-4b87-a142-28b1e7369e00
1721,test,https://glints.com/id/opportunities/jobs/asisten-laboratorium/4c3dfb35-7308-4015-9247-836d7b92c8e5
1722,test,https://glints.com/id/opportunities/jobs/erp-infrastructure/ca3af35a-1e2e-4b60-a948-8f51f09f7505
1723,train,https://glints.com/id/opportunities/jobs/field-collection/a0907c7a-a5e4-40b5-991f-68dc14a19ca0
1724,train,https://glints.com/id/opportunities/jobs/kitchen-pt/dd727ede-953a-4fbb-a981-065263ff886d
1725,validation,https://glints.com/id/opportunities/jobs/3d-model-correction-artist/a628f7af-0011-40aa-bd56-a26ef8326d19
1726,train,https://glints.com/id/opportunities/jobs/helper-produksi/3e4d5f0f-437f-4747-9599-bc45f2e66891
1727,test,https://glints.com/id/opportunities/jobs/internship-program/a67f895d-5d28-4522-8a39-38a83342bc44
1728,validation,https://glints.com/id/opportunities/jobs/office-boy/d8a0b670-9ba9-429f-b4fb-1fa0c5cbf0d6
1729,train,https://glints.com/id/opportunities/jobs/graphic-designer/20886589-79aa-4453-91f5-dcfa1c520a28
1730,test,https://glints.com/id/opportunities/jobs/admin/b32f8e5a-78c4-4f1e-835d-556cd884fb15
1731,test,https://glints.com/id/opportunities/jobs/admin-import/0f3a55d6-cef6-41c2-842b-189600bc8a33
1732,train,https://glints.com/id/opportunities/jobs/staff-administrasi/6d731897-2d63-4d98-9f68-43766c753e75
1733,test,https://glints.com/id/opportunities/jobs/store-manager/e069ab37-684d-4ebf-8e9d-a5868b3c67ef
1734,train,https://glints.com/id/opportunities/jobs/finance-staff/ef827d15-eb7f-41f9-b946-4814122a27e9
1735,train,https://glints.com/id/opportunities/jobs/operator-sewing/e534b313-65cf-4e19-9602-49cc26f57863
1736,validation,https://glints.com/id/opportunities/jobs/admin-faktur/3d2dc48e-5f0d-4391-9529-c621de36d4b2
1737,train,https://glints.com/id/opportunities/jobs/public-relation/d10779a3-38db-4cef-aa6f-db0ec9b2607b
1738,validation,https://glints.com/id/opportunities/jobs/office-boy-girl/604c78f5-206e-47e0-b4a1-ed281b3d80ff
1739,train,https://glints.com/id/opportunities/jobs/tutor-bahasa-inggris-matematika-bahasa-indonesia-dan-fisika/e5a1112e-c54e-4d15-a795-a31f57989212
1740,train,https://glints.com/id/opportunities/jobs/backend-developer/edfcfdc2-5e95-421c-ad5c-61e807c6df39
1741,train,https://glints.com/id/opportunities/jobs/receptionist/b6b6a156-ab1b-476e-83fb-d0b07d069469
1742,test,https://glints.com/id/opportunities/jobs/customer-service/c98bb80c-ca80-4e32-9ba5-6c2f9efd2214
1743,validation,https://glints.com/id/opportunities/jobs/danru-security/d62c82e9-18fa-4c17-b1b8-f79e587c52b6
1744,train,https://glints.com/id/opportunities/jobs/admin-bpjs/f79629a8-8102-46ff-8a6a-bed04dceb242
1745,train,https://glints.com/id/opportunities/jobs/national-sales-manager/46658466-eb00-4a59-8530-9fe3de27b795
1746,train,https://glints.com/id/opportunities/jobs/it-support/8d257983-4c3a-4046-8432-aca50827a0d2
1747,train,https://glints.com/id/opportunities/jobs/technician/51a0a7c7-f5fe-4240-a11b-99b120d67f1e
1748,train,https://glints.com/id/opportunities/jobs/sales-promotor/69a030db-9f8d-4152-ba4b-d6c693eab6ca
1749,validation,https://glints.com/id/opportunities/jobs/kernet-helper-pengiriman/f4f31b17-dee5-4725-a6c0-5e62987390b2
1750,train,https://dealls.com/loker/staf-toko-ayoovape-surabaya~pt-air-mas-perkasa
1751,train,https://dealls.com/loker/sales-promoter-denpasar~pt-panasonic-gobel-indonesia
1752,test,https://glints.com/id/opportunities/jobs/ast-manager-qc-qa/3d252933-7804-463d-83a3-9617aae66a45
1753,test,https://dealls.com/loker/logistic-category-asst-manager~pt-santos-jaya-abadi-kapal-api-global
1754,train,https://glints.com/id/opportunities/jobs/operator-produksi/fdf776b4-0d19-487f-937a-3444c904347c
1755,train,https://glints.com/id/opportunities/jobs/helper-gudang/6e0aba01-c49a-4746-b6a2-6a62f3830e0c
1756,train,https://glints.com/id/opportunities/jobs/host-live/7293ee92-5dff-4eb6-8a95-f18d52c7bebd
1757,test,https://glints.com/id/opportunities/jobs/kepala-bagian-produksi-area-tuban-jawa-timur/28258efa-56f1-4fdc-9330-4fc376fa86de
1758,train,https://dealls.com/loker/telesales-9~smart-trader
1759,train,https://dealls.com/loker/technical-nesting-lectra-pekalongan-factory~pou-chen-group-indonesia
1760,train,https://dealls.com/loker/purchasing-officer-8~pt-furindo-sakti-sejahtera
1761,train,https://glints.com/id/opportunities/jobs/supervisor/cad40e3b-f28d-45c6-af0a-e030922b6068
1762,train,https://glints.com/id/opportunities/jobs/staff-purchasing/ca05642b-0d9e-4668-9211-e6985a33fa86
1763,train,https://glints.com/id/opportunities/jobs/operator-produksi/68171719-78f9-4321-b268-551f8622f6b2
1764,train,https://glints.com/id/opportunities/jobs/it-programmer/aab80560-a632-4535-95da-beb37e92adc1
1765,train,https://glints.com/id/opportunities/jobs/graphic-designer/e1b0fc62-3854-4e60-8bed-ac6fa0aa2942
1766,train,https://glints.com/id/opportunities/jobs/junior-therapist/85933df9-85bc-40fe-8c52-887ae2453477
1767,train,https://glints.com/id/opportunities/jobs/purchasing-staff/8c26347d-5a08-4101-afc3-553ae510298b
1768,test,https://glints.com/id/opportunities/jobs/teknisi-edc-fita/d7214eba-92c0-40f4-9413-6b4fd7dd985d
1769,train,https://glints.com/id/opportunities/jobs/photographer-videographer/b9a52204-cb32-483d-a0f3-6d26a622518d
1770,train,https://glints.com/id/opportunities/jobs/operator-mesin/5ff65b56-99ae-4934-a6bb-5a6f10bc0cfd
1771,train,https://glints.com/id/opportunities/jobs/marketing/380429be-eb60-4c2f-b21b-c9475851985c
1772,train,https://glints.com/id/opportunities/jobs/content-creator/bc36879d-b86f-4339-a3c1-8744acdcd2e2
1773,train,https://glints.com/id/opportunities/jobs/helper-gudang/b78c78f4-d5f6-4c20-8468-a4a9356983a1
1774,validation,https://glints.com/id/opportunities/jobs/land-expansion/53d65d39-3abc-423c-8c28-62eaeec5fa2c
1775,train,https://glints.com/id/opportunities/jobs/finance-and-accounting-staff/12651b05-30bb-48bd-a9c1-4bac0b8c6cd0
1776,train,https://glints.com/id/opportunities/jobs/barista/43f780d7-9107-4fa9-a77d-476f5cf3e044
1777,train,https://glints.com/id/opportunities/jobs/content-creator/26427605-aab6-4f4d-a3dd-41fed9cdf7bc
1778,validation,https://dealls.com/loker/business-representative-and-analyst~pt-inti-berkat-jaya
1779,train,https://glints.com/id/opportunities/jobs/operator-produksi/d681a27b-ae25-41ca-a85a-9d2693a914d6
1780,train,https://dealls.com/loker/front-end-developer-54~ordoapps
1781,test,https://glints.com/id/opportunities/jobs/qc-leader-garment/3189f2b5-aeb2-490d-9980-4cf4ba099d92
1782,validation,https://glints.com/id/opportunities/jobs/quality-control-analyst/752cdadc-61ed-4a8e-a268-feb7e9cb8e13
1783,test,https://glints.com/id/opportunities/jobs/drafter/a46fe171-481b-4b79-bd95-ab53ca3a600e
1784,train,https://glints.com/id/opportunities/jobs/fashion-designer/ea29307f-e458-42a0-ae84-c8eb94bb1a48
1785,train,https://glints.com/id/opportunities/jobs/staf-desain-grafis-and-new-product-development-npd/b718fb61-2c2a-4012-9d21-dac5e520977d
1786,train,https://dealls.com/loker/plantation-officer-1~lindungihutan
1787,train,https://glints.com/id/opportunities/jobs/personal-trainer/418d812c-1ec7-4631-9237-aa8504375389
1788,train,https://glints.com/id/opportunities/jobs/part-time-helper-produksi/0b0baca5-b99a-4139-b4c2-396ae8ba4277
1789,train,https://glints.com/id/opportunities/jobs/staff-buyer-retail/37fedd24-eca2-4915-a9e6-09825750600e
1790,test,https://glints.com/id/opportunities/jobs/head-store-kepala-toko-store-manager-gadget/978b70eb-83aa-46be-93e7-5d56e100a1da
1791,train,https://glints.com/id/opportunities/jobs/sales-promotor-kredivo-tangerang/0d034046-7cde-4370-856e-c5d6d5b6a4d1
1792,train,https://dealls.com/loker/representative-officer~pt-sinergi-nusantara-sentosa
1793,train,https://dealls.com/loker/spv-creative~auraharmoniestetika
1794,train,https://glints.com/id/opportunities/jobs/barista/27d6e908-1428-42b6-87c6-ad129c74c609
1795,train,https://dealls.com/loker/it-helpdesk-2~pt-bank-digital-bca-bca
1796,train,https://glints.com/id/opportunities/jobs/visitor-telkomsel/38b62541-1c3c-4304-9a28-4268a075e6a2
1797,train,https://dealls.com/loker/global-engagement-officer-1~universitas-ciputra-surabaya
1798,train,https://glints.com/id/opportunities/jobs/surveyor-seluruh-indonesia/d4f640ab-4b91-41b9-9f7a-9a2bec270afc
1799,train,https://glints.com/id/opportunities/jobs/customer-service/0cebeb21-328a-4cd7-9e3e-65dab38963cf
1800,train,https://glints.com/id/opportunities/jobs/manager-cafe-and-restoran/913ef194-9ca8-4fc5-a13f-fdddedcc1326
1801,validation,https://dealls.com/loker/sales-executive-121~getstok
1802,train,https://glints.com/id/opportunities/jobs/tim-produksi/670e3951-1bff-42e5-831b-afcc55247e37
1803,train,https://glints.com/id/opportunities/jobs/tata-usaha-kayu/d71e0c7a-675d-49a7-b0f3-ceeffaff91dd
1804,train,https://glints.com/id/opportunities/jobs/spg-toko-greenlake-city/c9209ca0-0d57-480d-80b3-b8abc3e9602b
1805,train,https://glints.com/id/opportunities/jobs/customer-service/8cbf523b-6b70-4a99-8915-c05f7ece7d64
1806,train,https://glints.com/id/opportunities/jobs/software-developer/8bb55648-7e93-45d2-beda-9d251801fef8
1807,train,https://glints.com/id/opportunities/jobs/sales-representative/f5efb0ed-2ca9-4ec1-83f4-bb73b75c1285
1808,test,https://glints.com/id/opportunities/jobs/customer-service/bd39172c-64c9-430d-9be5-ab658576c058
1809,train,https://glints.com/id/opportunities/jobs/spg-spb-cat/18ea35b2-0954-4115-b9f7-fe1e6a26294e
1810,train,https://glints.com/id/opportunities/jobs/design-graphic/4ca5039a-be31-4770-b016-469e29ca0a6f
1811,train,https://dealls.com/loker/marketing-program-pendidikan~penerbit-erlangga
1812,train,https://glints.com/id/opportunities/jobs/marketplace-specialist/79edc9bb-c83d-4441-8644-694f28021aad
1813,train,https://glints.com/id/opportunities/jobs/staff-r-and-d-bioteknologi/ead315d5-ff26-4e05-8639-0ad946fced19
1814,train,https://glints.com/id/opportunities/jobs/staff-design-desain-grafis-and-konten-kreatif/29f57d1a-3c9b-44e7-b041-55c1c7b0b75e
1815,validation,https://glints.com/id/opportunities/jobs/promotor/d8181ab5-08f2-4666-b877-b673d2dd1b5b
1816,train,https://glints.com/id/opportunities/jobs/general-affair/a332421a-eead-4ad6-98e2-5e18efe4d805
1817,train,https://glints.com/id/opportunities/jobs/marketplace-specialist/f2169669-eb7a-4e99-93be-ef0e42e76e35
1818,train,https://glints.com/id/opportunities/jobs/sales-promotion-girl/129707c6-35d1-4d47-9ab0-aeaac0b7c837
1819,train,https://glints.com/id/opportunities/jobs/host-live/c05b8b6c-4a68-4f13-b706-7dd1f0fbff39
1820,train,https://glints.com/id/opportunities/jobs/steward/4af09643-894a-4280-992c-db4d91107f66
1821,train,https://dealls.com/loker/sales-dealer-jakarta-1~modena
1822,train,https://glints.com/id/opportunities/jobs/account-executive/53f96351-1844-4458-8935-01e5d18f8a27
1823,train,https://glints.com/id/opportunities/jobs/sales-promotor/39d68c6a-a1eb-4f87-a2a6-7d1c62c3cd4d
1824,train,https://glints.com/id/opportunities/jobs/desk-collection/66f394f5-9ccf-46bf-988c-05f165eacc84
1825,train,https://glints.com/id/opportunities/jobs/admin-purchasing/5b1a258a-1294-4855-a7fc-1d85b911fe47
1826,train,https://glints.com/id/opportunities/jobs/administrasi/01c6e690-c021-44f6-af6f-7bd6e229d285
1827,train,https://glints.com/id/opportunities/jobs/admin-gudang/76ee0a16-c577-40f5-be7c-8018dfa4de52
1828,validation,https://glints.com/id/opportunities/jobs/ahli-gizi/0214ca24-95c3-4bc5-9b2d-6752fce8af89
1829,train,https://glints.com/id/opportunities/jobs/content-creator/6116a25c-ae6c-44c4-a0f3-1f53f5669c97
1830,train,https://glints.com/id/opportunities/jobs/barista/12fc6bcb-53d8-49fd-9a73-1071b60b16ad
1831,train,https://glints.com/id/opportunities/jobs/terapis-wicara-part-time/4b4ddce9-f356-497e-95e5-7f2f1392711b
1832,test,https://glints.com/id/opportunities/jobs/hr-staff/f2bc133b-6370-4404-a505-34c51d655bd5
1833,train,https://glints.com/id/opportunities/jobs/it-helpdesk/3f7a8ef7-a33f-449b-8715-326e43a113ec
1834,train,https://glints.com/id/opportunities/jobs/staff-operasional/a21a52af-69e3-4387-aa54-306faeff56c3
1835,train,https://glints.com/id/opportunities/jobs/customer-service/1f36884e-3088-41e4-a858-4492c204e31f
1836,validation,https://glints.com/id/opportunities/jobs/content-creator/e6dc3a2d-b2d5-4b34-a508-62690d2afbff
1837,train,https://dealls.com/loker/magang-berdampak-project-growth-intern~vidiodotcom
1838,test,https://glints.com/id/opportunities/jobs/asisten-koki/475a4c99-bb6f-4691-987c-a871830ceeaa
1839,train,https://glints.com/id/opportunities/jobs/customer-service/132e75d2-93d0-4385-ac9d-2720c4ebea16
1840,train,https://glints.com/id/opportunities/jobs/staff-call-center/079b92b9-0094-4872-9429-770c9ee0f42d
1841,train,https://glints.com/id/opportunities/jobs/social-media-specialist/5eab2149-7824-4d45-b18f-e7488397b492
1842,train,https://glints.com/id/opportunities/jobs/staff-operational/8e543b23-daf4-4ee3-8e85-34cfa766e1ae
1843,train,https://glints.com/id/opportunities/jobs/staf-produksi/95cb05a7-2a85-4718-a683-0df4f0b1a315
1844,train,https://glints.com/id/opportunities/jobs/kepala-operasional/e8bf6b1d-ae9b-4c10-a5df-bf9d76427b20
1845,train,https://glints.com/id/opportunities/jobs/helper/1fb9a7a4-1aa2-4f40-a438-9ba661eafe17
1846,train,https://glints.com/id/opportunities/jobs/product-and-commercialization-analyst/164db158-7466-4d95-8a2a-8db3e35112cf
1847,train,https://dealls.com/loker/it-system-analyst-internship~pt-bank-digital-bca-bca
1848,train,https://glints.com/id/opportunities/jobs/front-desk-receptionist/ad819414-136c-4feb-bedd-3d908d2b5262
1849,train,https://dealls.com/loker/admin-sales-pendidikan~sempoa-sip-group
1850,train,https://glints.com/id/opportunities/jobs/karyawan-masak/40d52499-2ecd-4269-aa68-62c712e69632
1851,train,https://glints.com/id/opportunities/jobs/mep-engineer-mechanical-electrical-plumbing/08529eca-388f-4014-9314-3b0673e1bb2b
1852,train,https://dealls.com/loker/teknisi-videotron~pt-tripilar-sentosa-nusantara
1853,train,https://dealls.com/loker/host-live-streaming-entertainment-offline~cool-panda-indonesia-panda-media
1854,train,https://glints.com/id/opportunities/jobs/admin-rekrutmen-and-host-live/d5d00fe2-6e9b-47b2-8101-297160aae785
1855,validation,https://glints.com/id/opportunities/jobs/branch-manager/df569ccf-3aad-42ea-8f8a-de62f6cfe2c0
1856,validation,https://glints.com/id/opportunities/jobs/crew-store/c661ddb9-82d2-41de-a934-c48676d2b2e8
1857,train,https://glints.com/id/opportunities/jobs/front-office-supervisor/d4f7ca16-b068-43ae-82ca-e620c786c101
1858,validation,https://dealls.com/loker/project-management-office-to-cto~pt-sentra-vidya-utama-sevima
1859,test,https://glints.com/id/opportunities/jobs/project-control/12923e22-a53e-4235-a45a-a23908e65c3b
1860,train,https://glints.com/id/opportunities/jobs/staff-ppic/b5642b6e-a97c-4fbc-ac6c-6f208f520772
1861,train,https://glints.com/id/opportunities/jobs/sales/7f71c43f-c560-4b87-86d5-a8a9403d04c7
1862,train,https://glints.com/id/opportunities/jobs/admin-gudang/cc133092-5313-43b9-873b-d0b89f1f8ad4
1863,train,https://glints.com/id/opportunities/jobs/store-crew/2b076bb7-f08d-43e9-ac53-400243f7f326
1864,train,https://glints.com/id/opportunities/jobs/ahli-k3/c850fe65-bfff-44fd-8eee-e08f93cae648
1865,train,https://glints.com/id/opportunities/jobs/sales-promotion/79f8a389-9adf-4ebb-a42c-19a89910afa0
1866,validation,https://glints.com/id/opportunities/jobs/admin-recruitment/e80a4be8-3066-48f3-bbfc-533a2c1299b5
1867,validation,https://glints.com/id/opportunities/jobs/ahli-gizi-project-mbg/f046f71b-e07f-4929-95c5-5ee3bb7076e1
1868,test,https://dealls.com/loker/magang-berdampak-finance-and-accounting~vidiodotcom
1869,train,https://glints.com/id/opportunities/jobs/content-creator/0ae65b4c-f840-4f26-8f40-45694be98ca6
1870,test,https://glints.com/id/opportunities/jobs/sales-executive/ace89c38-0898-4823-9324-522921b161d1
1871,train,https://glints.com/id/opportunities/jobs/operator/ec525275-5dc6-4834-970a-308d7f8520ce
1872,train,https://glints.com/id/opportunities/jobs/sales-executive/50a8f7f4-ef73-40db-936c-ea2cb6e6b9cd
1873,train,https://glints.com/id/opportunities/jobs/staf-ppic/241451d1-d4bc-4cb0-9801-58ffcebfb1dc
1874,train,https://glints.com/id/opportunities/jobs/product-specialist/b6fbdf5f-c718-44c6-81a2-afa4987f417d
1875,validation,https://glints.com/id/opportunities/jobs/technical-support/8d576119-fbbf-48af-97b7-40b9c4628117
1876,train,https://glints.com/id/opportunities/jobs/staff-teknisi/2f1ed22c-1044-49e1-9a12-7cfba1b6505d
1877,train,https://glints.com/id/opportunities/jobs/staff-hrd/ce810fb0-f04f-453d-9eee-2a2bf370ce9e
1878,test,https://glints.com/id/opportunities/jobs/admin-and-packing/319ab450-7e0e-415c-b493-88f1bb62d150
1879,test,https://glints.com/id/opportunities/jobs/digital-marketing-manager/c298cbfe-246e-4d37-88cd-644c29fe97cc
1880,train,https://glints.com/id/opportunities/jobs/riders-domisili-malang/86a64f3d-7a4c-42ee-99ac-873d896469a2
1881,train,https://glints.com/id/opportunities/jobs/staff-purchasing-medan/ef9018ca-070e-4363-a88a-8859edb45a6e
1882,train,https://glints.com/id/opportunities/jobs/quality-management-system-staff/09c5777e-2a02-472a-835f-7b0da3610ad6
1883,train,https://glints.com/id/opportunities/jobs/admin/6d9ab564-8ded-4a76-995e-9b9bef94eebf
1884,train,https://glints.com/id/opportunities/jobs/hr-generalist/01db0f81-4cd0-41c5-bdb1-611cf4e383fe
1885,train,https://glints.com/id/opportunities/jobs/drafter/9ceab7d5-d41f-4444-91d7-b5b65bf78495
1886,train,https://glints.com/id/opportunities/jobs/guru-teknik-komputer-jaringan-dan-telekomunikasi-smk-ami/5525c4cc-3366-40e2-97d7-7b0353a162c0
1887,test,https://glints.com/id/opportunities/jobs/teknisi-lng-cng-surabaya-sidoarjo/0d1bb073-31a8-4d06-8292-196350d7af81
1888,train,https://glints.com/id/opportunities/jobs/admin-fulltime-music-school/db139346-8de3-4037-ad79-960792f2f2ff
1889,test,https://glints.com/id/opportunities/jobs/recruitment-officer/f9aafd79-9bb4-48bf-96e5-d9200468d70f
1890,train,https://glints.com/id/opportunities/jobs/operator-produksi/72960bea-1740-4ad1-9fce-39548209368b
1891,train,https://glints.com/id/opportunities/jobs/guru-matematika/5943a5e1-c8ba-4e45-b53f-ecd53a8a2335
1892,train,https://glints.com/id/opportunities/jobs/tenaga-produksi/33e3e079-81b5-4ddf-8a0f-1b2ac980f7d4
1893,train,https://glints.com/id/opportunities/jobs/barista/1da83c2f-f695-458e-8ccc-c78e2b05fcb1
1894,train,https://glints.com/id/opportunities/jobs/driver-operational/aadfaa6c-19c8-45df-b1d0-0e561971ac04
1895,test,https://glints.com/id/opportunities/jobs/operator-alat-berat-dozer/71198bef-28b2-4479-90ba-04d0a1fac776
1896,train,https://glints.com/id/opportunities/jobs/admin-koperasi/edfdea7e-1e03-48a9-b6ab-6c9be5ac27e2
1897,validation,https://glints.com/id/opportunities/jobs/staff-it/d3ac2d7f-7758-41f7-8a48-4356aaaae3e5
1898,train,https://glints.com/id/opportunities/jobs/manager-accounting/26c6cc98-9b9d-47dc-b733-641f0d523cc6
1899,train,https://glints.com/id/opportunities/jobs/digital-marketing/f501e75e-6d7a-40d9-9109-eb135a3cd09c
1900,train,https://glints.com/id/opportunities/jobs/sancharista-cirebon/ae0875f4-4b54-4842-ab5d-9b5538ee54b5
1901,validation,https://glints.com/id/opportunities/jobs/operator-produksi/c3d17c6c-7e0d-4760-a049-fb0038a869e7
1902,train,https://glints.com/id/opportunities/jobs/steward-ompreng/01cee3fd-711a-418d-aa1b-6a973fb5dc6a
1903,test,https://glints.com/id/opportunities/jobs/software-engineer-intern/8ed38854-3481-4959-9537-265049b3e9f6
1904,train,https://glints.com/id/opportunities/jobs/operator-produksi/03242268-d7b8-40fa-b157-cb38705f6df2
1905,train,https://glints.com/id/opportunities/jobs/content-creator/1b80fa04-ce5b-49e8-8dc0-b5397f062402
1906,validation,https://glints.com/id/opportunities/jobs/welder-operator/a3156ddc-5e84-4609-ba0e-c603cb354e9f
1907,validation,https://glints.com/id/opportunities/jobs/product-specialist/c3bc24a5-be70-4726-b2cd-7f1bd1e7e405
1908,train,https://glints.com/id/opportunities/jobs/operation-manager/10999e21-2fb2-4b5f-a351-469e33d25f64
1909,train,https://glints.com/id/opportunities/jobs/store-manager/04b28d0f-1f5a-4304-a79c-4385c46bd8d3
1910,train,https://glints.com/id/opportunities/jobs/checker-gudang/c1540598-07e9-40f1-a152-db6ac0d2c3ec
1911,validation,https://glints.com/id/opportunities/jobs/eyelash-therapist/77eb1554-6137-4298-902c-47dd3b07cb57
1912,train,https://glints.com/id/opportunities/jobs/koordinator-cabang/1db13097-121d-413a-a3c4-084c4ec36170
1913,test,https://glints.com/id/opportunities/jobs/content-creator/4a347e4a-dc12-4016-8322-cfdbeeacb1b4
1914,train,https://glints.com/id/opportunities/jobs/management-trainee-mt/0da9b339-da63-45d4-b909-bde921f8d108
1915,validation,https://glints.com/id/opportunities/jobs/office-boy-ganesha-operation/ba651ba9-2c27-470f-b9ef-7942b2a82e1d
1916,train,https://glints.com/id/opportunities/jobs/tax-manager/9c9dab20-1802-48a2-b9e3-53ad902a4883
1917,train,https://glints.com/id/opportunities/jobs/front-desk-receptionist/4c7b1b42-41a7-43a6-b68d-47ca8e0eb368
1918,train,https://glints.com/id/opportunities/jobs/tentor-bahasa-indonesia/9b909157-b15e-45f0-a886-47d1be662231
1919,test,https://glints.com/id/opportunities/jobs/staff-operasional/d311cf04-fae3-46be-8223-39d28f52fa7c
1920,validation,https://glints.com/id/opportunities/jobs/sales-supervisor-pt-evolusi-kreasi-indonesia/61dfd5fd-d2e7-46b2-9a07-7545e8c9ef72
1921,train,https://glints.com/id/opportunities/jobs/staff-administrasi/24c25e9a-0e05-45cd-98a4-3aa14283423a
1922,test,https://glints.com/id/opportunities/jobs/business-development-freelance-wfh/b19c2ef0-7147-4aa6-8ef4-e85333a43f55
1923,train,https://glints.com/id/opportunities/jobs/supervisor-body-repair-otomotif/702b4b3c-f65e-4264-b4b9-53cfb4e3e9e0
1924,train,https://glints.com/id/opportunities/jobs/staff-packing/4cf4e562-8758-4c95-bfd5-92537d9e3c06
1925,test,https://glints.com/id/opportunities/jobs/marketing-surabaya/4914428d-d0ba-4cb2-8a3f-3b5910316812
1926,train,https://glints.com/id/opportunities/jobs/marketing-internship/f125536e-8c1b-412f-bec2-631c5b9b0bef
1927,test,https://glints.com/id/opportunities/jobs/social-media-officer/ebd57632-4ee5-41b1-a8e9-57ec6e6a1519
1928,train,https://glints.com/id/opportunities/jobs/administrasi-internship/00aefcb8-550c-420e-a3fe-e313d81b84b5
1929,train,https://glints.com/id/opportunities/jobs/operator-mesin-produksi/db5afbd0-7a34-470d-a07b-cbb1df7c0ba8
1930,validation,https://glints.com/id/opportunities/jobs/produksi/5d1fa768-041e-4349-aafb-9ca08801c690
1931,train,https://glints.com/id/opportunities/jobs/staff-gudang/89cde694-ff3a-4533-ae86-99239afabcc9
1932,train,https://glints.com/id/opportunities/jobs/admin-import/6075ba28-0866-413a-af01-8101a31c35c1
1933,train,https://glints.com/id/opportunities/jobs/supervisor-warehouse/741f8edf-eb20-4cdf-a671-3af55d62865e
1934,train,https://glints.com/id/opportunities/jobs/quality-control-staff/184f242a-2471-4d17-90f8-57a80f47ae5f
1935,test,https://glints.com/id/opportunities/jobs/system-administrator/f7827abe-a071-4952-ab73-318b9d4ac4d5
1936,train,https://glints.com/id/opportunities/jobs/dokter-umum/ab73a679-c545-496c-ad47-7f81c8639dbf
1937,train,https://glints.com/id/opportunities/jobs/mekanik-alat-berat/fe08cdad-3322-4e8e-9769-e9b0e324bbe0
1938,train,https://glints.com/id/opportunities/jobs/staff-accounting-and-tax/36f547ea-61a2-47d6-ae16-4f17fd59a560
1939,train,https://glints.com/id/opportunities/jobs/sales-promotor/1d4b9c38-a269-42a1-8dcb-60a2e38ff5d0
1940,validation,https://glints.com/id/opportunities/jobs/staff-admin-gudang-warehouse/93139393-3ca4-4d62-9f8e-10b5de8bc382
1941,train,https://glints.com/id/opportunities/jobs/personal-assistant/0282a9e0-a6eb-4bc3-9b88-b50cca298b25
1942,test,https://glints.com/id/opportunities/jobs/operator-produksi/9a27a677-94f2-48ac-a8e5-f0ba6a95c1f8
1943,test,https://glints.com/id/opportunities/jobs/desk-collection-yogyakarta/15bd8a27-b8db-4c90-962b-32f9d09c0dba
1944,train,https://glints.com/id/opportunities/jobs/pramuniaga/9f3b0aba-bca8-44d4-9fb0-5bc186155b69
1945,train,https://glints.com/id/opportunities/jobs/content-creator/195f342d-ac83-4dc7-a6b8-52012d8ae53d
1946,test,https://glints.com/id/opportunities/jobs/admin/55b43e92-15c1-484c-b911-b13424627032
1947,train,https://glints.com/id/opportunities/jobs/marketing-online-kediri/db4ca59c-60d9-490e-98fe-f30eca5acb9a
1948,validation,https://glints.com/id/opportunities/jobs/beautician/f3400134-d7a7-4031-8919-6c8600c48486
1949,train,https://glints.com/id/opportunities/jobs/tenaga-pengajar/f48b1042-a424-4ffd-a635-e79887fe3588
1950,train,https://glints.com/id/opportunities/jobs/penjaga-photobooth/6408311e-7723-4197-b9c3-f0e3b2bba97b
1951,train,https://glints.com/id/opportunities/jobs/admin/ebc878f5-1885-4d5a-aeb3-73ad905b63e7
1952,train,https://glints.com/id/opportunities/jobs/painter-painting-aksesoris-motor/d0a8d1bd-df24-448a-9c3e-e8f661119221
1953,train,https://glints.com/id/opportunities/jobs/quality-assurance/5921d8b1-7bf4-461f-a22f-2d74019a960c
1954,validation,https://glints.com/id/opportunities/jobs/sales-promotion-girls-spg-freelance/6c99b668-04c7-4412-909e-4581c532550c
1955,test,https://glints.com/id/opportunities/jobs/telemarketing/5b63c469-b8cc-4663-8583-517b46d8e5b9
1956,train,https://glints.com/id/opportunities/jobs/customer-service/bac4792c-4726-4e67-8b7e-ac61ea456852
1957,train,https://glints.com/id/opportunities/jobs/manager-operasional/c0bdc8f1-f91c-46f4-ad8e-f7887f65e4c7
1958,test,https://glints.com/id/opportunities/jobs/supervisor-cleaning-service/519df399-ac42-40c7-8bb9-60b866b25457
1959,train,https://glints.com/id/opportunities/jobs/e-commerce-specialist/2c99cb45-d9f4-42d5-810a-085d6920dfcb
1960,train,https://glints.com/id/opportunities/jobs/regulatory-staff/61ff5823-4640-456b-af38-985fc6cbcd70
1961,train,https://glints.com/id/opportunities/jobs/admin/2692f200-11cb-4103-9e9f-864dfaf567e8
1962,train,https://glints.com/id/opportunities/jobs/tally-gudang-jakarta/8d9b0802-e954-47de-92e3-71b32f70af4b
1963,train,https://glints.com/id/opportunities/jobs/part-time-kitchen/7192d912-e781-423c-8a56-cc5c1311555a
1964,train,https://glints.com/id/opportunities/jobs/change-and-communication-lead-manager/0948e10c-f0e7-42dd-8dc1-59e566456457
1965,train,https://glints.com/id/opportunities/jobs/staff-quality-control-qc/ea90d2c2-5f52-4c84-a403-5ec819fae507
1966,train,https://glints.com/id/opportunities/jobs/devops-engineer/542fb651-838d-4a06-ae4c-ffbad0fc0454
1967,test,https://glints.com/id/opportunities/jobs/admin-proyek-lelang/d6085a45-723e-4ca4-b965-d2ee5b80ab24
1968,train,https://glints.com/id/opportunities/jobs/admin-data-entry/e220f268-da81-4f3a-8f97-e47dcd9fb34f
1969,train,https://glints.com/id/opportunities/jobs/audit/025805f0-dbda-42d5-80bc-ee65ddd004a5
1970,train,https://glints.com/id/opportunities/jobs/driver-kopi-roda-listrik/e977d65d-4ad3-4138-98fc-5442d26b428c
1971,train,https://glints.com/id/opportunities/jobs/staf-packing/180ad658-febb-4c4c-a8fa-905e4464e82b
1972,test,https://glints.com/id/opportunities/jobs/desk-collection/8aaa44c8-05ec-45ab-b184-987ccb0d1fe5
1973,test,https://glints.com/id/opportunities/jobs/senior-business-development/6f3a8d41-3155-487a-a96d-fb2378dd3cbd
1974,train,https://glints.com/id/opportunities/jobs/office-boy/2548d456-3228-44d6-865b-4cb4e47d74d8
1975,train,https://glints.com/id/opportunities/jobs/office-boy-girl/e751c7db-8513-4b81-93d9-f9353c66a792
1976,train,https://glints.com/id/opportunities/jobs/barista-hati-coffee-bogor/c8cd164f-2b86-470b-8902-41bf8253d120
1977,train,https://glints.com/id/opportunities/jobs/staf-administrasi/de03e1a8-e3f4-42fa-ab6c-191f4ffed6c5
1978,validation,https://glints.com/id/opportunities/jobs/sales/30ddf16f-78da-48c7-bd7a-fae3e6da5fd9
1979,train,https://glints.com/id/opportunities/jobs/cleaning-service-officer/962a2567-122e-48f0-b217-f84f0df45048
1980,train,https://glints.com/id/opportunities/jobs/content-strategist/b16f3bd0-a615-416e-ae97-bc1fb6306990
1981,train,https://glints.com/id/opportunities/jobs/kurir-delivery/7b6390d5-cf1a-4458-8b09-1d051f1750ae
1982,train,https://glints.com/id/opportunities/jobs/baker/e50ee4b7-96f2-47be-984b-aacca1f3a0f7
1983,train,https://glints.com/id/opportunities/jobs/administrator-kontrak/8c40533b-39a9-48f6-b756-8a11e24cb919
1984,test,https://glints.com/id/opportunities/jobs/claimbing-cleaner/f936e1b8-e82d-4cc5-9956-0bcf0388390c
1985,train,https://glints.com/id/opportunities/jobs/freelance-sales/de52698f-5ce7-4553-9d39-133aa9377a9b
1986,train,https://glints.com/id/opportunities/jobs/waiters-malang/ad34afcc-8455-4e0d-8ccb-30c547bc714f
1987,train,https://glints.com/id/opportunities/jobs/barista/198a9e62-4a87-4c73-b644-1267e7875fc2
1988,validation,https://glints.com/id/opportunities/jobs/packing/8b175b1b-569f-4250-8669-c141aec329e6
1989,train,https://glints.com/id/opportunities/jobs/branch-manager/8d9c1816-ca38-40a7-aa82-d8d49d1ac25c
1990,train,https://glints.com/id/opportunities/jobs/staff-administrasi/e4bc1f86-75e3-4924-a48c-20ed9a4cc9f8
1991,train,https://glints.com/id/opportunities/jobs/helper-gudang-bukittinggi/296ebf14-fcd7-442c-9e09-b27dfa352602
1992,train,https://glints.com/id/opportunities/jobs/produksi-part-time/dc0944b8-bdb9-4423-9cb5-4962be086139
1993,test,https://glints.com/id/opportunities/jobs/crew-outlet-lombok-ntb/13aae4c2-f8e0-4328-af98-e5a86d5be33d
1994,train,https://glints.com/id/opportunities/jobs/field-assistant/8d1ce1d3-5373-41a6-8551-5a3c229f11b1
1995,validation,https://glints.com/id/opportunities/jobs/beautician-bandung/c0cf98c9-bdc8-42cb-ba5e-2e2fcb7db5f4
1996,validation,https://glints.com/id/opportunities/jobs/customer-service/929c30b3-a966-4303-bbfb-266186a2636b
1997,train,https://glints.com/id/opportunities/jobs/project-coordinator-and-documentation/e8c56784-9312-4772-a1b5-2115a100ef20
1998,train,https://glints.com/id/opportunities/jobs/kurir-mobil-j-and-t/33a54428-6f55-48cf-b2e0-c3b173bbc2ff
1999,train,https://glints.com/id/opportunities/jobs/sosial-media-spesialist/aa1ba17e-d3ee-46f9-bfd7-d6fee9156c97
2000,train,https://glints.com/id/opportunities/jobs/programmer-android-ios-flutter/9e491670-5d5f-43ac-88eb-d265074827a5
2001,train,https://glints.com/id/opportunities/jobs/store-crew/ff0a7f2f-2b82-49fe-b579-aaec834eac90
2002,train,https://glints.com/id/opportunities/jobs/sales-promotor/5417571a-85af-40db-9b59-ee7ab8d29730
2003,train,https://glints.com/id/opportunities/jobs/ui-ux-designer/7e3dda97-edb3-4ebf-8ed4-484549e6aed5
2004,train,https://glints.com/id/opportunities/jobs/sales-assistant/3705fc55-5e9e-4ba0-9a24-36f001c0b45c
2005,test,https://glints.com/id/opportunities/jobs/administrasi/a4e88191-4a64-4ad1-8ee1-6a066cac0311
2006,test,https://glints.com/id/opportunities/jobs/customer-support/7f262578-a414-47ea-8c06-07c1ed07da0d
2007,train,https://glints.com/id/opportunities/jobs/staff-operasional/cc741276-eb24-49fe-83a1-e4fc0693fd4d
2008,train,https://glints.com/id/opportunities/jobs/kol-specialist/4a2f21f7-60ae-4d36-91ba-2caa4e993b16
2009,train,https://glints.com/id/opportunities/jobs/part-time-jababeka-cikarang/ee60fff3-4bc2-4847-8cb3-b92d34f1c916
2010,train,https://glints.com/id/opportunities/jobs/driver-direksi-helper-operasional-sim-a/0f094216-0435-4b10-b6a3-84aaa1de1d2a
2011,train,https://glints.com/id/opportunities/jobs/admin-project/c087e1c9-37ab-4bd7-a4c1-29d75a230080
2012,validation,https://glints.com/id/opportunities/jobs/operator-sewing/5228ee3a-561b-4b47-8c05-b4d7f22fd7fb
2013,validation,https://glints.com/id/opportunities/jobs/foto-and-videographer/f0edd21f-604e-447a-a2e8-5fddeb9a5522
2014,train,https://glints.com/id/opportunities/jobs/admin-project/b9bf07f3-7c60-483f-8f9e-2e95bb7cc1fe
2015,train,https://glints.com/id/opportunities/jobs/outlet-manager/67cc7e2c-8cf3-428e-a936-e74291a18b47
2016,train,https://glints.com/id/opportunities/jobs/staff-packing-full-time-surabaya/3987e331-8260-4e18-bbf0-245dff20e5f0
2017,test,https://glints.com/id/opportunities/jobs/landscape-design-intern/7b09e366-4e9b-4b6b-bc83-199176775cb2
2018,validation,https://glints.com/id/opportunities/jobs/desain-grafis-and-ilustrator-novel/01f6f7a8-8901-41c4-8514-1d5c2fce412b
2019,test,https://glints.com/id/opportunities/jobs/general-affair-staff/ed31bb75-7899-4baf-9ccc-37b5c8546b9f
2020,train,https://glints.com/id/opportunities/jobs/server/9575ca39-1168-4db0-bcbc-76d8945bba93
2021,train,https://glints.com/id/opportunities/jobs/business-development-executive/c9cfc9ba-5e6f-4aca-ae9f-a07495c1358f
2022,train,https://glints.com/id/opportunities/jobs/customer-relationship-management/c6746042-9c9e-4c87-92d7-1fd5f44c3ee8
2023,test,https://glints.com/id/opportunities/jobs/kepala-boiler/c8211aa5-23d0-412d-8823-8dfdc964fb1d
2024,train,https://glints.com/id/opportunities/jobs/asisten-guru-tk/b569992d-2b54-4f5b-88fb-5aad097a5531
2025,train,https://glints.com/id/opportunities/jobs/part-time-barista/b8f30fe1-a077-421b-93e2-75e486ddfe89
2026,test,https://glints.com/id/opportunities/jobs/senior-cook/630ddec8-b289-487c-b973-cb005a598b77
2027,train,https://glints.com/id/opportunities/jobs/line-leader/005dd448-e083-4309-ac3c-88376014ebc7
2028,train,https://glints.com/id/opportunities/jobs/staff-oprasional/d4037127-d197-4979-bea9-2660718d0601
2029,train,https://glints.com/id/opportunities/jobs/crew-produksi/6a118cd8-f130-4c2f-bd29-cb0ac4c3bde0
2030,train,https://glints.com/id/opportunities/jobs/operator-mesin-cnc-cutting-laser/6ec24d8e-049e-4ce6-89cb-fffe49d89627
2031,train,https://glints.com/id/opportunities/jobs/tim-produksi/8e31fae0-48b6-4ef7-a8a2-686139949f19
2032,test,https://glints.com/id/opportunities/jobs/management-trainee/7a28cdda-35df-4da0-9b02-bc7ecffb2667
2033,train,https://glints.com/id/opportunities/jobs/officeboy/89d46e72-ac0c-42ce-8fff-0d57bfd6e6d4
2034,validation,https://glints.com/id/opportunities/jobs/staff-operasional/308a1bcf-79a0-4f18-9558-cef701d3c447
2035,test,https://glints.com/id/opportunities/jobs/operator-qc-line/84c41991-84f6-43f2-ad22-8f68d2035dfc
2036,train,https://glints.com/id/opportunities/jobs/admin-and-customer-service/2411e7d6-b74c-48a5-a6b2-81510608a98b
2037,train,https://glints.com/id/opportunities/jobs/operator-produksi/b4549d51-0198-4465-ae15-0b224ca09580
2038,train,https://glints.com/id/opportunities/jobs/staff-operasional/5cb64bf7-040d-4a4b-978f-4fd775a869e4
2039,train,https://glints.com/id/opportunities/jobs/auditor/1d9300b5-b819-430c-a123-bf304e4f19e4
2040,train,https://glints.com/id/opportunities/jobs/kurir-motor/af83ca7f-ccf7-4661-9bb2-01a88edf6db7
2041,train,https://glints.com/id/opportunities/jobs/multimedia-intern/13a49df4-528c-4539-9d2a-c1cf26792bbf
2042,train,https://glints.com/id/opportunities/jobs/general-manager/9a2f760f-099f-49a1-a08e-9bfe6235c0aa
2043,validation,https://glints.com/id/opportunities/jobs/customer-service-officer-serang/410203c7-9bc6-43ba-9008-7e7cca27a2c5
2044,train,https://glints.com/id/opportunities/jobs/operator-produksi/c9ba9851-c2fe-41e1-9b5e-904526648660
2045,train,https://glints.com/id/opportunities/jobs/perawat-lansia/7e332ab2-8d1a-4056-923a-ca0a969c6e63
2046,test,https://glints.com/id/opportunities/jobs/teknisi-las-and-maintenance-listrik/3f478552-41fb-407b-bfff-dbbe39d9b66c
2047,train,https://glints.com/id/opportunities/jobs/staf-lapangan-freelance/e024ac73-fd35-459c-9eba-f816f5b69c91
2048,train,https://glints.com/id/opportunities/jobs/team-leader-subang-pamanaukan/8a51b1a4-eed6-4f81-99cd-0a81035adedb
2049,train,https://glints.com/id/opportunities/jobs/digital-marketing-manager/37440e0f-977a-4506-b1e9-a9778bcd84d7
2050,train,https://glints.com/id/opportunities/jobs/pengajar-sd-fulltimer/428d8a34-1dfe-437f-b651-4a02bf0e73ab
2051,train,https://glints.com/id/opportunities/jobs/store-manager/c261752c-3015-426b-afd6-11694dda2364
2052,train,https://glints.com/id/opportunities/jobs/tukang-cat/a1b9499a-2a91-4930-974c-1c1e5a1eaddf
2053,test,https://glints.com/id/opportunities/jobs/staf-gudang/79c4a386-5645-4a0c-8465-970efe7adad4
2054,train,https://glints.com/id/opportunities/jobs/sales-marketing/99f57c04-895e-4375-8c45-80ee93c9265d
2055,train,https://glints.com/id/opportunities/jobs/staff-r-and-d/5885671f-12af-46ef-86f4-6f8a5cbc428f
2056,train,https://glints.com/id/opportunities/jobs/hse-manager/19076aeb-96eb-4436-9e05-aca0d912ea56
2057,train,https://glints.com/id/opportunities/jobs/marketing-executive/951a9ab7-c336-4674-9b6e-0e69f0f75270
2058,train,https://glints.com/id/opportunities/jobs/satpam/ef5fe364-2af5-435e-ad15-3dce16bf14e7
2059,train,https://glints.com/id/opportunities/jobs/dokter-klinik/42bbb1b8-4c2e-4630-9661-566c15720769
2060,validation,https://glints.com/id/opportunities/jobs/business-development-executive/2173973f-7207-4d8d-8e96-1772d6f1fcbe
2061,train,https://glints.com/id/opportunities/jobs/marketing-f-and-b/fd46532b-9453-440d-a132-d200b40ce470
2062,train,https://glints.com/id/opportunities/jobs/quality-control-staff/0aa7f10d-e003-4891-8709-e67c907c2c2f
2063,train,https://glints.com/id/opportunities/jobs/sales/1d6fb52b-de00-4e08-a3e6-887c2d312a0a
2064,train,https://glints.com/id/opportunities/jobs/system-analyst/d67220d5-bdce-4d76-8ec9-3eb53fb0c303
2065,train,https://glints.com/id/opportunities/jobs/teknisi-ac/2488b3a0-33fb-49fb-9c5f-7f0a3b9153e5
2066,train,https://glints.com/id/opportunities/jobs/manager-komersial/2525df72-095b-495f-abf6-bab149a469a6
2067,train,https://glints.com/id/opportunities/jobs/resepsionis/0d7cf46e-9a55-464f-8bc6-0cb5070161b5
2068,train,https://glints.com/id/opportunities/jobs/operator-produksi/94b2112f-8db3-4411-ba85-dd756ca0fb8b
2069,train,https://glints.com/id/opportunities/jobs/business-development/330e1ce5-c59b-4a71-9205-f9db2d7e883c
2070,train,https://glints.com/id/opportunities/jobs/sales-manager/980f7d6d-bc62-4362-b1c6-8597ad0d6855
2071,train,https://glints.com/id/opportunities/jobs/barista/d707575d-bf25-453b-9dd2-c23f92f99f79
2072,validation,https://glints.com/id/opportunities/jobs/cashier-waiter-runner/9df5fddf-61cb-4fb0-8f64-ef1f6a9f10ad
2073,train,https://glints.com/id/opportunities/jobs/ahli-gizi/70dfc218-0cf3-45dd-88e3-fa0371d1f9f4
2074,train,https://glints.com/id/opportunities/jobs/project-manager-surabaya/f47b9b31-d0cc-4308-9f8b-cf41b57e1441
2075,train,https://glints.com/id/opportunities/jobs/magang-administrasi/163719a7-2a64-4694-883f-21933a3218b2
2076,train,https://glints.com/id/opportunities/jobs/project-management-officer/1fbf038b-a960-44b6-b69f-74246d89fb51
2077,train,https://glints.com/id/opportunities/jobs/dokter-igd/44af3e29-36f1-4d80-b08e-89c0bbd94cb3
2078,train,https://glints.com/id/opportunities/jobs/operator-produksi/9c25ea75-ca35-48e3-a2c1-6bfe6af18663
2079,test,https://glints.com/id/opportunities/jobs/florist-assistant/193aa55f-9a57-4588-92c9-013f1c93eea1
2080,train,https://glints.com/id/opportunities/jobs/kepala-printing/528cc360-4d63-44c6-ad23-7bb2bad0b8cd
2081,train,https://glints.com/id/opportunities/jobs/finance-staff/8f527052-45ad-446d-9603-5a248298f52f
2082,train,https://glints.com/id/opportunities/jobs/cook-assistant/c4370507-f117-407a-8b7f-b0a2e53d7278
2083,train,https://glints.com/id/opportunities/jobs/finance-supervisor/d7b0ae42-739a-49e0-8543-4b6cbf2d685a
2084,validation,https://glints.com/id/opportunities/jobs/marketing-executive/a6fa3048-4bab-4fd6-8d59-8452d685aae9
2085,train,https://glints.com/id/opportunities/jobs/telemarketing/d3648ab8-6b4e-4ee5-9692-b02f3d52a23c
2086,train,https://glints.com/id/opportunities/jobs/video-content-creator/b57daee3-f62a-4564-9647-40d063b144c2
2087,test,https://glints.com/id/opportunities/jobs/admin-gudang/42410c6f-a802-44ac-8ac7-854a0a04456d
2088,train,https://glints.com/id/opportunities/jobs/staf-gudang/d08b18e8-a39f-488b-ade4-f4bf6a107f27
2089,test,https://glints.com/id/opportunities/jobs/operator-produksi/c0a118b6-e22e-4304-a333-20bbc87df62c
2090,train,https://glints.com/id/opportunities/jobs/staff-packing-penjualan-packer/2f979f8e-f1ab-4a12-a663-125765985747
2091,train,https://glints.com/id/opportunities/jobs/waiter-waitress/a1e03a90-5f2c-41d0-b773-f9099e5c5c8e
2092,train,https://glints.com/id/opportunities/jobs/logistics-and-admin-staff/e0b6346c-4f94-4d95-9d53-fb8ca18b69e3
2093,test,https://glints.com/id/opportunities/jobs/asisten-petugas-lapangan/0d29a15e-2407-43cd-b5ba-a9af1ec3b531
2094,train,https://glints.com/id/opportunities/jobs/admin-produksi/3a084280-78ca-4460-a6ad-3e8fd589e3f7
2095,test,https://glints.com/id/opportunities/jobs/mobile-developer/9700f51c-6721-4744-a293-447f2f753fc9
2096,train,https://glints.com/id/opportunities/jobs/staf-gudang/5e9e0d68-6fe6-4a23-8724-9cf93815216a
2097,train,https://glints.com/id/opportunities/jobs/maintenance-chief/ba88bf82-ec19-48fa-a19d-4757f20482ff
2098,train,https://glints.com/id/opportunities/jobs/senior-telemarketing-manager/d40da6e3-4900-4685-83f3-750267b16b82
2099,validation,https://glints.com/id/opportunities/jobs/telemarketing/6c18e873-4473-4a17-afb6-951d3af28545
2100,test,https://glints.com/id/opportunities/jobs/host-live-streaming/3f668091-6b17-4275-95cc-b4e93a82f8b6
2101,train,https://glints.com/id/opportunities/jobs/desk-collection/53214a3e-35f8-4567-b8db-5dcbc2116231
2102,test,https://glints.com/id/opportunities/jobs/fast-track-digital-marketing/18d4701f-27d0-4503-8cef-1671e6dfefe1
2103,train,https://glints.com/id/opportunities/jobs/staff-ticketing/e5939714-c409-443c-b647-2d7c8b6a8a0a
2104,train,https://glints.com/id/opportunities/jobs/devops-engineer/4842fc20-c9d0-464c-a3be-3a997756fad5
2105,test,https://glints.com/id/opportunities/jobs/social-media-specialist/cbe16ba9-0fc0-49a2-b926-c89d79b2f8b2
2106,train,https://glints.com/id/opportunities/jobs/guru-sd-smp/7752f0e5-1ad1-47ad-8fa1-bf891c403712
2107,train,https://glints.com/id/opportunities/jobs/driver-lv/a0a26849-37e7-498d-9973-cf295f8d2f9d
2108,train,https://glints.com/id/opportunities/jobs/outlet-head-bandar-lampung/3d9b0b08-843b-4c33-9c4d-eac19e85efb2
2109,train,https://glints.com/id/opportunities/jobs/sales-marketing/8957c74b-3063-48c4-a112-69c94a7e3f1b
2110,train,https://glints.com/id/opportunities/jobs/sales-marketing-f-and-b/388e4d92-55a4-45bb-821f-58f227b7ef7e
2111,train,https://glints.com/id/opportunities/jobs/civil-engineer/835c0dd7-f4f3-4efd-a886-51a789c042c1
2112,test,https://glints.com/id/opportunities/jobs/quality-management-system/14ab70d4-c13c-4563-afb5-b7728ad106f6
2113,train,https://glints.com/id/opportunities/jobs/part-time-crew-store/6d79db11-2bc1-4538-a4b8-8b3a1a056f6a
2114,train,https://glints.com/id/opportunities/jobs/tellemarketing-bahan-bangunan/32eb0d2e-d1d3-4d75-8862-87a268b834f8
2115,train,https://glints.com/id/opportunities/jobs/system-and-automation-officer/c46c7817-bdc0-457f-ae40-08de944343b7
2116,test,https://glints.com/id/opportunities/jobs/kol-specialist/ac080447-9421-4ba0-860c-f48c1649beb0
2117,train,https://glints.com/id/opportunities/jobs/admin/5af53386-acdb-4c0f-bd1e-b1df663085c9
2118,train,https://glints.com/id/opportunities/jobs/graphic-design-game-design-tutor/1024f0c0-2dc6-4752-9999-17bdb2471912
2119,validation,https://glints.com/id/opportunities/jobs/helper-produksi/3167461d-fd43-4282-b6f4-a6a9d30df8e5
2120,validation,https://glints.com/id/opportunities/jobs/staff-operasional/2f67a346-4124-4a72-a000-617f17082a7c
2121,train,https://glints.com/id/opportunities/jobs/chef-de-partie/968e4695-ee89-4d0f-b1c2-1a04a4ed94df
2122,train,https://glints.com/id/opportunities/jobs/crew-bar-and-beverage-aniva-junction-gading-serpong/98af4729-cb48-4330-85a8-38bdb4d66217
2123,train,https://glints.com/id/opportunities/jobs/admin-hr/3085c633-e3fe-42e9-97b8-a69512fe09d9
2124,train,https://glints.com/id/opportunities/jobs/staff-qc/85c0c4dd-d8e4-4683-a2d2-c524a0087916
2125,train,https://glints.com/id/opportunities/jobs/finance-support-intern/a32fd0bc-87f1-45b4-ac2e-cd046f437b68
2126,train,https://glints.com/id/opportunities/jobs/steward-dw/a63138fb-a715-4107-9112-575658cb3442
2127,train,https://glints.com/id/opportunities/jobs/admin-e-commerce/4aefc173-0ec3-4fbb-836f-bba7b56e40e9
2128,train,https://glints.com/id/opportunities/jobs/sales-hunter-mnf-cirebon/b8625624-2ca0-427c-a45f-46f27d567ac3
2129,train,https://glints.com/id/opportunities/jobs/produksi/a2dc397b-b462-43bf-9eee-38b0d649eac3
2130,train,https://glints.com/id/opportunities/jobs/sales-executive/9194ee28-2b61-42e3-81cb-f5fe7af1fa0f
2131,train,https://glints.com/id/opportunities/jobs/operator-extrusion/6d42c17a-0643-4513-a694-dd7f926b08b4
2132,train,https://glints.com/id/opportunities/jobs/esg-specialist/23692e8e-20f5-46e4-a490-a901a7702521
2133,train,https://glints.com/id/opportunities/jobs/account-payable-staff/843589fd-7e98-410d-8f89-d1d300c94195
2134,train,https://glints.com/id/opportunities/jobs/kepala-produksi-digital-printing-garmen/fd2a8b42-8576-41cd-af4a-fa136894fbfa
2135,train,https://glints.com/id/opportunities/jobs/finance-account-receivable/de176cae-1954-450b-9769-159bea196d7e
2136,train,https://glints.com/id/opportunities/jobs/management-trainee/9c100f2c-301c-4ead-b9b9-e4405a8e0c8a
2137,train,https://glints.com/id/opportunities/jobs/helper-mekanik/f46b4bc2-976b-4f13-8b28-fffa3b05f323
2138,train,https://glints.com/id/opportunities/jobs/marketing-specialist/c11988cd-7550-4d58-86e5-94f458428ee2
2139,validation,https://glints.com/id/opportunities/jobs/operator-boiler/997b69d7-1468-415f-a554-4054d12241e8
2140,train,https://glints.com/id/opportunities/jobs/site-engineer/cbe3bb17-8880-424d-8f5d-6aae6674d8f8
2141,train,https://glints.com/id/opportunities/jobs/construction-cost-estimator/394fe681-1133-4f18-9faf-7baaf9ac5bab
2142,train,https://glints.com/id/opportunities/jobs/fashion-advisor-spg-jogja/31ff4c5e-1281-441e-aaab-13c70c15e400
2143,train,https://glints.com/id/opportunities/jobs/driver/c952284f-7f5b-4081-8e1c-40c6542a92f3
2144,train,https://glints.com/id/opportunities/jobs/tenaga-produksi/fde28634-2cab-4e84-b68c-970b60346a9a
2145,train,https://glints.com/id/opportunities/jobs/operator-produksi/cf7cef53-b00c-4f7d-9609-3b8b3e5ccef6
2146,test,https://glints.com/id/opportunities/jobs/marketing/8e2549bf-9a35-4e0b-8041-9294a4b0866b
2147,train,https://glints.com/id/opportunities/jobs/team-leader/230c36a0-23d9-4c7a-8534-5fef9b708f46
2148,validation,https://glints.com/id/opportunities/jobs/koordinator-cabang/0caff720-e495-4385-b5df-e7c33a974836
2149,train,https://glints.com/id/opportunities/jobs/project-supervisor/f82dc6d3-5a8b-461a-a7d5-a423d0da74a1
2150,train,https://glints.com/id/opportunities/jobs/hrga-supervisor/d14ef442-97be-4243-9f50-ec2f0e59617a
2151,validation,https://glints.com/id/opportunities/jobs/produksi/602b6d3e-66e5-4519-8182-59aac4841d04
2152,train,https://glints.com/id/opportunities/jobs/social-media-specialist/a4a6da27-ecda-45ba-af5b-3d8bcd2f55e0
2153,train,https://glints.com/id/opportunities/jobs/desk-collection-staff/047fd49a-cfcd-441e-82d0-b85202f72c23
2154,test,https://glints.com/id/opportunities/jobs/general-cashier/f5550d38-3e40-4987-a005-7f85faaf3957
2155,train,https://glints.com/id/opportunities/jobs/operator-produksi/e088f368-157d-4cf0-9ee4-974ebc16a4f7
2156,train,https://glints.com/id/opportunities/jobs/social-media-internship/44ec5c99-9a67-4043-91c2-de8d8c6ecdb5
2157,validation,https://glints.com/id/opportunities/jobs/sales-executive-bandung/0fac4841-bff7-4985-a524-fc70ee65f15e
2158,test,https://glints.com/id/opportunities/jobs/admin/d6a79e85-43e8-4d03-b428-ae67fb42002f
2159,train,https://glints.com/id/opportunities/jobs/operator-produksi/13f2fb87-ef1f-4e66-a118-98e881240cd4
2160,train,https://glints.com/id/opportunities/jobs/casual-dishwasher/de3e6544-8879-4537-bb25-09d492373e6c
2161,train,https://glints.com/id/opportunities/jobs/tax-staff-medan/d60de391-1541-480e-96bd-85046a4e25fc
2162,train,https://glints.com/id/opportunities/jobs/staff-teknisi-manado/2b526c1b-28ed-482d-8ad8-16c71694285b
2163,train,https://glints.com/id/opportunities/jobs/staf-operasional/c42ccacf-d531-485a-b1c4-513ce720760c
2164,train,https://glints.com/id/opportunities/jobs/human-resource-hr/e4ce4b8c-0638-4e9e-956d-f6b8117e6ae0
2165,train,https://glints.com/id/opportunities/jobs/operator-produksi-penempatan-medan-sumatera/e21cb0bd-20fe-42ed-a1bf-88098ab7bcc9
2166,train,https://glints.com/id/opportunities/jobs/barista-area-plaza-lawu/e857af8d-2f91-4af0-9c19-b81d40fdc87c
2167,train,https://glints.com/id/opportunities/jobs/account-manager-b2b/0094f1d7-f1ad-4558-b33d-6a59d09589ca
2168,validation,https://glints.com/id/opportunities/jobs/video-content-creator/1ae1e41d-63ad-47cf-b1d2-a3c42b573a62
2169,test,https://glints.com/id/opportunities/jobs/sekretaris-kantor/f44feb02-2415-4b30-8f46-36d1324a8f73
2170,validation,https://glints.com/id/opportunities/jobs/it-security-engineer/c136c7b9-35b7-4118-9a09-81f535c82306
2171,train,https://glints.com/id/opportunities/jobs/customer-service/4601806d-bebb-46e1-8a7e-b0199db95ffe
2172,train,https://glints.com/id/opportunities/jobs/footwear-design/9763ec41-3994-458c-8b4a-6babc1b2ae7f
2173,train,https://glints.com/id/opportunities/jobs/data-entry/173263af-f54c-42da-a6f5-41bb159eb05b
2174,train,https://glints.com/id/opportunities/jobs/sales-advisor-excutive/71a4df23-be42-4a61-a0e8-9f1e61905e5e
2175,test,https://glints.com/id/opportunities/jobs/staf-gudang/65ccc2ec-e4bf-4827-8d56-cf72e3aef035
2176,train,https://glints.com/id/opportunities/jobs/freelance-operasional/4d8e02e5-de5e-498f-9ecb-a31ae6762771
2177,train,https://glints.com/id/opportunities/jobs/staff-promotion/78807228-e419-44df-a976-ffb3ca3a4874
2178,validation,https://glints.com/id/opportunities/jobs/operator-produksi/274f6c66-e353-4380-9025-117e584d1017
2179,train,https://glints.com/id/opportunities/jobs/operator-produksi/780eac30-9273-4afb-882f-73f04ac61334
2180,train,https://glints.com/id/opportunities/jobs/marketing-komunikasi/7619b2e5-f482-455d-a3b6-eeb40abc9a43
2181,train,https://glints.com/id/opportunities/jobs/asisten-mandarin/8d84247e-e503-4cab-bb21-81f6ab4fc4f4
2182,test,https://glints.com/id/opportunities/jobs/front-desk-receptionist/5252338c-9de7-4e9a-96a9-015c009feea7
2183,train,https://glints.com/id/opportunities/jobs/perawat/bae83ea2-9c11-44f4-88fa-7ccef0d66faf
2184,train,https://glints.com/id/opportunities/jobs/purchasing-staff/ad277e8a-267a-4463-a974-c9aa05b6cff3
2185,train,https://glints.com/id/opportunities/jobs/admin-gudang/f3ab3b41-246a-410b-b988-a6071336eb26
2186,train,https://glints.com/id/opportunities/jobs/supervisor-klinik-skin-care-apoteker/1a3a71c6-dc4d-4ef4-89d2-9611904bf6b9
2187,train,https://glints.com/id/opportunities/jobs/relationship-manager-funding/49fe2bd8-d812-4818-882f-0ab5e9460ec3
2188,train,https://glints.com/id/opportunities/jobs/mekanik-mesin-jahit-dan-steam/190c2bf2-4bec-464f-9d81-31d94a479d46
2189,train,https://glints.com/id/opportunities/jobs/admin-gudang/8ac3af73-7887-4175-af87-5f59f723d7f0
2190,validation,https://glints.com/id/opportunities/jobs/operator-packing/d09a0f34-2c56-4d10-a535-accb053bd5ad
2191,train,https://glints.com/id/opportunities/jobs/operational-hr-manager/2e5fae31-5e86-43fc-94aa-191581d9b7e1
2192,validation,https://glints.com/id/opportunities/jobs/staff-packing/b5263eec-1cab-4dbe-96d6-645e2cc0f468
2193,train,https://glints.com/id/opportunities/jobs/site-security/ccc82ab4-be7e-461d-89e5-8e97a52363c0
2194,train,https://glints.com/id/opportunities/jobs/kasir/481dcd30-bc60-4011-aa00-e411a26c4102
2195,test,https://glints.com/id/opportunities/jobs/staff-packing/c622b0a4-78b0-4fac-9c02-6a1003ddb946
2196,test,https://glints.com/id/opportunities/jobs/customer-service/9badad27-83dd-46d3-be8c-c646bacafa9d
2197,train,https://glints.com/id/opportunities/jobs/admin-online-dan-kasir-foto-studio/217370cc-b130-4a8c-b115-4166bc53d8bb
2198,test,https://glints.com/id/opportunities/jobs/product-specialist-aesthetic/134626e6-1128-4d1a-a851-66ce210e05c8
2199,train,https://glints.com/id/opportunities/jobs/sales-toko/0d515b05-aed4-4154-9c65-a32a1bccbc4c
2200,train,https://glints.com/id/opportunities/jobs/staf-tata-usaha/71e8972f-a84b-4a58-8000-6d35506f500a
2201,train,https://glints.com/id/opportunities/jobs/staff-playground-part-time/e26a255d-cc5a-4338-b70e-c1ccd1bc24e8
2202,train,https://glints.com/id/opportunities/jobs/admin-gudang-balikpapan/1547b808-722c-44c1-9b16-3fc28efe16c2
2203,train,https://glints.com/id/opportunities/jobs/bus-driver/616a2130-5652-4c5c-80bd-44c0f30fe38f
2204,train,https://glints.com/id/opportunities/jobs/supervisor-klinik-kecantikan/ee2e344b-7164-4db6-bcca-fb51c8c550be
2205,train,https://glints.com/id/opportunities/jobs/foom-expert-spg-spb/ec5bd25d-6320-49dd-9dfc-7d604d93bd40
2206,train,https://glints.com/id/opportunities/jobs/petugas-kebersihan-cleaning-service/38565f47-05aa-4287-842d-0bf55275b44f
2207,train,https://glints.com/id/opportunities/jobs/marketing-head/6fc87502-61c8-426a-b9c5-a9067e04141a
2208,train,https://glints.com/id/opportunities/jobs/staff-produksi/b695eefe-5bbb-4376-95b6-55053eba7bf3
2209,train,https://glints.com/id/opportunities/jobs/freelance-sales-surabaya/c6f7aece-7980-4750-b4d3-187931d3e158
2210,test,https://glints.com/id/opportunities/jobs/penjaga-lapak/a07b4518-d09e-4bbe-8f0d-d54ed97cce24
2211,test,https://glints.com/id/opportunities/jobs/host-live-streaming/b07502a3-a73c-4363-a3e6-1baa5db3deb7
2212,train,https://glints.com/id/opportunities/jobs/online-marketplace-manager/14a356d6-c2ce-4a5f-97f9-f8ee1b2e4fc8
2213,train,https://glints.com/id/opportunities/jobs/foreman-mep/28922f1b-7f0b-4006-9e4b-fcc842517492
2214,train,https://glints.com/id/opportunities/jobs/guru-ahe-berbek/39a49f6b-3dca-4d5f-ba8c-3edb828e9c9c
2215,train,https://glints.com/id/opportunities/jobs/sales/e8cd9163-d936-4642-9444-9f4cb1db560f
2216,train,https://glints.com/id/opportunities/jobs/supir-tosa-roda-tiga/3c293a3a-01f6-41cc-b851-0d7ae34910e3
2217,train,https://glints.com/id/opportunities/jobs/admin-gudang/730a1c51-a16b-46a6-849b-8610192e3c7d
2218,test,https://glints.com/id/opportunities/jobs/radiologi/dc663fc2-140b-42b3-96d3-76927d2e4076
2219,train,https://glints.com/id/opportunities/jobs/design-engineer-fusion/c8c34988-2481-466c-b7e4-8d5f48090298
2220,train,https://glints.com/id/opportunities/jobs/territory-sales-and-colecting-staff-lumajang/010be7d3-3d08-4cbb-9e7f-f8e85c3ac8e2
2221,train,https://glints.com/id/opportunities/jobs/sales-merchandiser-cirebon/c4b64a31-9217-48dd-aa90-34375ad48589
2222,test,https://glints.com/id/opportunities/jobs/casual-bakery/2819845f-dfb4-4dd5-9bdd-b4bceeaeaaf6
2223,test,https://glints.com/id/opportunities/jobs/wfh-live-streaming/2267f965-c43c-4258-a12c-e3d1a6d0bb42
2224,train,https://glints.com/id/opportunities/jobs/kasir/a2eebfc2-a235-4bbd-a2fc-c462686128ba
2225,test,https://glints.com/id/opportunities/jobs/health-advisor/c958ebe8-0c0a-408d-b890-81f998cd2356
2226,test,https://glints.com/id/opportunities/jobs/personal-assistant-remote-fleksible/398414ed-d17d-4828-bbc3-08ab28017b18
2227,train,https://glints.com/id/opportunities/jobs/graphic-designer/3bfb5529-b3d1-44d1-a5c5-1765f38ea988
2228,train,https://glints.com/id/opportunities/jobs/part-time-social-media-specialist-content-and-editing/6f044872-dc97-43b3-bddf-c77609400c76
2229,train,https://glints.com/id/opportunities/jobs/product-manager/06a3c36a-2d0b-40b3-b4b3-ef501eab5e69
2230,train,https://glints.com/id/opportunities/jobs/kurir-and-ob/72600e9f-705d-4a74-8adb-544c577d6fc3
2231,train,https://glints.com/id/opportunities/jobs/field-assistant/a2af724f-011c-451e-bff7-979807ddd138
2232,train,https://glints.com/id/opportunities/jobs/crew-produksi/136bed71-071f-4368-9edc-43b020a8f019
2233,test,https://glints.com/id/opportunities/jobs/content-creator/155762a6-a2ef-420d-95bd-5330f6a1dfbe
2234,train,https://glints.com/id/opportunities/jobs/call-center-banking/cb7741e7-0632-41cf-b5f5-30b744fbc2c9
2235,train,https://glints.com/id/opportunities/jobs/social-media-specialist/de73f291-5a19-4492-91ef-526eb23359fd
2236,train,https://glints.com/id/opportunities/jobs/operator-produksi/73bfc596-429f-422b-af2b-69aef26b8630
2237,test,https://glints.com/id/opportunities/jobs/operator-produksi/d3fd43b0-c5d6-4ba3-b53e-ed6241c037aa
2238,train,https://glints.com/id/opportunities/jobs/learning-and-development/a71b2e25-0843-4b4e-b08f-fb06a0c19252
2239,train,https://glints.com/id/opportunities/jobs/marketing-growth-specialist/7966472e-a955-4513-b6e0-2e27fda256ee
2240,train,https://glints.com/id/opportunities/jobs/sales-bahan-bangunan-bandung/66c48613-d5e5-417a-bce5-03111d396393
2241,train,https://glints.com/id/opportunities/jobs/helper-toko/c8c0d8f6-02eb-430b-b870-c9fbcfe8d707
2242,validation,https://glints.com/id/opportunities/jobs/admin/853dacfe-29ef-435e-8d8c-f97cceb3ca77
2243,validation,https://glints.com/id/opportunities/jobs/guru-daycare/a17f5c8b-38bd-4f38-9f6e-450dec4e60c8
2244,train,https://glints.com/id/opportunities/jobs/event-project-manager/e6adf177-0c14-438d-a29a-f77f6fdd621b
2245,test,https://glints.com/id/opportunities/jobs/marketing-yamaha/7dadd5d3-af0e-42a6-a436-052f4e4ce436
2246,train,https://glints.com/id/opportunities/jobs/staff-admin-gudang/9eb46128-ba0e-463f-8c76-871ef7126af9
2247,train,https://glints.com/id/opportunities/jobs/admin/7f49f156-90aa-4657-b716-a80c2039f78c
2248,validation,https://glints.com/id/opportunities/jobs/general-affair/88b90f12-c654-438a-a879-e58d3c8ced3e
2249,validation,https://glints.com/id/opportunities/jobs/host-live-streaming-part-time-idul-fitri/c9bafb40-760f-4ba2-aa35-ecf1445f5f74
2250,train,https://glints.com/id/opportunities/jobs/purchase/a4980c37-8096-46b9-aa81-904cd79842b5
2251,validation,https://glints.com/id/opportunities/jobs/software-engineer/68e3714f-5dc6-4d2c-b474-abf6010476c5
2252,validation,https://glints.com/id/opportunities/jobs/crew-warehouse/6e70f93c-fda6-4c18-bd11-2fc4215c7333
2253,test,https://glints.com/id/opportunities/jobs/social-media-specialist/85f1d449-33cf-411a-a115-e1a6b54160b3
2254,train,https://glints.com/id/opportunities/jobs/regional-manager/097a0d1f-86ac-4b8e-8513-23dae145ca96
2255,train,https://glints.com/id/opportunities/jobs/project-manager/8113de7d-acab-42ff-9929-00b3b9cbf004
2256,train,https://glints.com/id/opportunities/jobs/product-design/6bb8ce68-ef4b-4c05-a11a-271e018a0107
2257,validation,https://glints.com/id/opportunities/jobs/admin-logistik/035ccdb3-9501-4f3f-891a-f54ec4b5adeb
2258,validation,https://glints.com/id/opportunities/jobs/cost-control-staff/e935824e-363a-4582-afc1-95294b92165c
2259,train,https://glints.com/id/opportunities/jobs/admin-ecommerce/854dd16f-792c-44f1-abd6-f1be2e38fbc0
2260,train,https://glints.com/id/opportunities/jobs/content-creator/30999ceb-154a-4099-8d80-5bde85ca09be
2261,train,https://glints.com/id/opportunities/jobs/sales-executive/9222f640-a61a-4c59-834a-7dff9c2e21f3
2262,train,https://glints.com/id/opportunities/jobs/pramuniaga/e9aa3513-7ac4-473e-860d-a9945cb6c547
2263,train,https://glints.com/id/opportunities/jobs/sales-executive/53cd28b9-adc0-449a-92a2-7be31ca93254
2264,train,https://glints.com/id/opportunities/jobs/sales/50c322cd-7785-4ece-908f-08bb6733ad3d
2265,train,https://glints.com/id/opportunities/jobs/banking-verifier-staff-project-based/8f4f1df5-6ebd-4e78-943e-8072a0ca56f5
2266,train,https://glints.com/id/opportunities/jobs/stock-keeper/4962a186-6231-479f-96b6-f6b62b3d6415
2267,validation,https://glints.com/id/opportunities/jobs/customer-service/09441bd0-1f86-4616-aa98-0a9d374f7fde
2268,validation,https://glints.com/id/opportunities/jobs/pencuci-piring/dc6475b7-85df-4d89-9292-ca2dc23841c2
2269,test,https://glints.com/id/opportunities/jobs/digital-marketing/72069a9d-6b49-4325-96e7-cf8ea3e3f960
2270,test,https://glints.com/id/opportunities/jobs/head-kitchen/fa7f8ca6-96e6-4904-be12-a41d8666f257
2271,validation,https://glints.com/id/opportunities/jobs/account-executive/97757906-dcba-458e-b76c-070e66e48002
2272,train,https://glints.com/id/opportunities/jobs/admin-sales-penempatan-sidoarjo/970e2fdb-3d8a-433d-b388-ed3a085e5387
2273,train,https://glints.com/id/opportunities/jobs/graphic-designer/f07bd905-d9bd-4274-8e0e-442cd1ed3eff
2274,train,https://glints.com/id/opportunities/jobs/staf-produksi/7771388d-5a8a-4244-9a50-96724d3b6e07
2275,train,https://glints.com/id/opportunities/jobs/management-trainee/98ffcf8f-572a-4f92-a313-fbd8d0be6ba8
2276,train,https://glints.com/id/opportunities/jobs/content-creator-and-videographer/1cba5d6d-c3d5-4a7b-9150-f4dac6b59ad7
2277,test,https://glints.com/id/opportunities/jobs/sales-executive/61559164-55b6-427f-9c09-c6e1ec8103a4
2278,train,https://glints.com/id/opportunities/jobs/legal-staff/f3d52d8f-bab7-446e-bc97-c4fd591c0f89
2279,train,https://glints.com/id/opportunities/jobs/barista/9dca3f7f-9188-4583-8d32-28414352d127
2280,validation,https://glints.com/id/opportunities/jobs/bar/fc26d7c6-02f3-4884-ae73-7c2a72508c2e
2281,train,https://glints.com/id/opportunities/jobs/admin-sales/22636c60-d5ca-4112-b4ec-8a5e3785022e
2282,train,https://glints.com/id/opportunities/jobs/telemarketing/d386bafe-4ff7-4e80-b20d-8eeb3217fcb8
2283,test,https://glints.com/id/opportunities/jobs/sales-consultant/94d39bdf-c3d3-4a6b-8b7f-6c0448ce855d
2284,validation,https://glints.com/id/opportunities/jobs/barista/550da9fc-80ed-4db1-a12e-c4764f55b78f
2285,train,https://glints.com/id/opportunities/jobs/content-writer-clarity/b39fde37-f34b-4b19-82ba-c06835ee4609
2286,train,https://glints.com/id/opportunities/jobs/staff-warehouse/ffb25244-def4-490b-b2fe-f0a8f8f29d4b
2287,train,https://glints.com/id/opportunities/jobs/operator-produksi/7b6d0f31-122f-4498-a9d2-61ba63751553
2288,test,https://glints.com/id/opportunities/jobs/host-live-streaming/739d0eda-f6eb-4ae9-b78a-d1c84db38566
2289,train,https://glints.com/id/opportunities/jobs/part-time-jd-sports-the-park-mall/1a407ab1-9139-460d-9141-4bf52f6423ff
2290,train,https://glints.com/id/opportunities/jobs/personal-assitant/49b43eee-378d-4f43-b710-d601ce2609c1
2291,train,https://glints.com/id/opportunities/jobs/maintenance-operator/12b45538-d9c0-4060-9c64-ff113fdaed9e
2292,train,https://glints.com/id/opportunities/jobs/editor/fc970a61-4e1a-49fe-ac59-97b15bc92c57
2293,train,https://glints.com/id/opportunities/jobs/store-manager/7f1ba452-6027-479f-bb00-8dd5008a9a95
2294,train,https://glints.com/id/opportunities/jobs/purchasing-staff/36580427-b63a-4e04-a04b-f57903ad36d4
2295,train,https://glints.com/id/opportunities/jobs/spesialis-data-entry/2474edc8-5d75-4a1a-8ebe-53cb0435b965
2296,test,https://glints.com/id/opportunities/jobs/front-office-supervisor/91d27fa6-0864-48b9-97db-73ab963f6821
2297,validation,https://glints.com/id/opportunities/jobs/staff-operasional/07e9a434-fb8f-43bc-a58f-5a2a59f337ab
2298,train,https://glints.com/id/opportunities/jobs/admin-operasional/c35ec44b-6d54-4322-af8d-5a94247f4486
2299,train,https://glints.com/id/opportunities/jobs/account-manager-event-organizer/93613164-85d1-4c2b-b2d4-9c549327eaff
2300,train,https://glints.com/id/opportunities/jobs/staf-administrasi/19ce7ce2-cd1c-4d32-834c-9c15570c123e
2301,train,https://glints.com/id/opportunities/jobs/kitchen-leader/bfc6d348-7156-4384-ae6d-31eee3df72c2
2302,train,https://glints.com/id/opportunities/jobs/guru-montessori/ae4b1828-72ed-4177-9b64-a324e745d1c5
2303,train,https://glints.com/id/opportunities/jobs/fashion-design/91e8281a-bd67-48e6-ac59-44d5e3fd9a93
2304,train,https://glints.com/id/opportunities/jobs/admin-online-shop/6b27220e-efef-4c95-98ff-25727ac8e682
2305,train,https://glints.com/id/opportunities/jobs/admin-sales-and-marketing/a7bc96de-fff9-424a-bc5a-69e89cb1311a
2306,train,https://glints.com/id/opportunities/jobs/team-leader/4e10d53d-cbb1-4d80-b93f-fb1410d252d0
2307,train,https://glints.com/id/opportunities/jobs/crew-produksi/30b33c16-c654-4cb3-ae1a-99ac6a8944cf
2308,train,https://glints.com/id/opportunities/jobs/industrial-engineer/c1eb3a60-31d3-4666-8fde-3e98fa3af22c
2309,validation,https://glints.com/id/opportunities/jobs/mt-operational-supervisor/f82e8b75-eeef-496b-8466-99925c17dbec
2310,train,https://glints.com/id/opportunities/jobs/freelance-fashion-designer/2ddbc94e-4a72-46ea-add8-9560a7c0b0cc
2311,train,https://glints.com/id/opportunities/jobs/kernet-bus/8c9172d4-84b0-4a70-ac3b-5e6a5aa928da
2312,validation,https://glints.com/id/opportunities/jobs/crew-warehouse/a35d2c03-0b6f-45a1-92b6-e875b97210fb
2313,test,https://glints.com/id/opportunities/jobs/sales-consultant/26003839-3595-4dd0-9063-5d4bf9aca423
2314,train,https://glints.com/id/opportunities/jobs/content-creator/fc02990e-5124-4987-8792-18d27a480e3d
2315,train,https://glints.com/id/opportunities/jobs/guru-sma/84353dc7-caec-4954-b726-d11ddb055ad5
2316,train,https://glints.com/id/opportunities/jobs/admin-gudang/e203cfbf-d127-47dc-8ba9-f16de995eb33
2317,train,https://glints.com/id/opportunities/jobs/administrasi-finance/dfdef20a-ac71-469a-b715-276a791935d0
2318,validation,https://glints.com/id/opportunities/jobs/warehouse-coordinator/e48806ad-ea6d-4f61-99ce-524831f4b261
2319,test,https://glints.com/id/opportunities/jobs/staff-operasional-lapangan-distributor-lapangan/38373c96-2a53-4bee-816b-e0ba7178b388
2320,train,https://glints.com/id/opportunities/jobs/operational-manager/441f093a-75f7-4e6f-bb9d-c42ae431da87
2321,train,https://glints.com/id/opportunities/jobs/admin-packing/07221233-aa26-4a93-a97c-19f57bf5f615
2322,test,https://glints.com/id/opportunities/jobs/section-head-qa/af341482-a3be-4b14-b746-2cafe0a34baf
2323,train,https://glints.com/id/opportunities/jobs/staff-kantor/38f94aca-61df-450c-8fc2-9e973d0c77df
2324,train,https://glints.com/id/opportunities/jobs/purchasing-staff/2a79ec7d-f1cd-41f4-81f4-a6151d07ffb0
2325,train,https://glints.com/id/opportunities/jobs/hrd-staff/6e8d7292-17a4-4b6f-ad84-227476a8c9b3
2326,validation,https://glints.com/id/opportunities/jobs/pramuniaga/4c15c0f0-2cc2-4d1a-9bce-2bcc488d303b
2327,train,https://glints.com/id/opportunities/jobs/system-analyst/5f9748e6-338d-4c7c-8fb6-cf4462a87504
2328,train,https://glints.com/id/opportunities/jobs/sales-toko-yamaha-musik/c0d22786-56d4-45e3-8457-ba1b5cf1fbb0
2329,test,https://glints.com/id/opportunities/jobs/general-admin/8c0adfcf-9939-42d6-bf12-227f734f4724
2330,validation,https://glints.com/id/opportunities/jobs/operator-sewing/4e26c671-fc9b-4185-a578-58b6eda302ed
2331,test,https://glints.com/id/opportunities/jobs/terapis-medan/567cb291-26ff-4f3c-979c-6c819eb5c085
2332,test,https://glints.com/id/opportunities/jobs/fisioterapi-depok/33a69e42-a94e-4439-89d2-fb6344278e91
2333,train,https://glints.com/id/opportunities/jobs/social-media-specialist/2ea84e3c-6d43-47e1-ae86-551964fc0223
2334,test,https://glints.com/id/opportunities/jobs/customer-service/d219a712-2808-4005-99ba-78bf7c7c19f4
2335,train,https://glints.com/id/opportunities/jobs/koordinator-lapangan/206e2a29-116b-43cc-a3c6-4b8ce8d8ba76
2336,train,https://glints.com/id/opportunities/jobs/staff-produksi/55c12e96-121a-49e5-a251-f63732254415
2337,train,https://glints.com/id/opportunities/jobs/kepala-gudang-warehouse-manager/89652f33-ade2-43d0-9886-ccd491ff3875
2338,test,https://glints.com/id/opportunities/jobs/social-media-coordinator/dafe9448-e627-42aa-8e06-290ae2d94bea
2339,validation,https://glints.com/id/opportunities/jobs/crew-outlet/3aac0afc-3a15-4003-8527-17336fae8458
2340,test,https://glints.com/id/opportunities/jobs/driver-to-director/7a683492-1625-45bb-a381-b4e6213ad775
2341,train,https://glints.com/id/opportunities/jobs/graphic-designer/6feefaa0-9ea0-4fe9-9031-919c62ad0c21
2342,test,https://glints.com/id/opportunities/jobs/office-boy/bb5d22bf-d699-41c7-940c-48bf96754ca7
2343,validation,https://glints.com/id/opportunities/jobs/admin-sales/a7260029-fd6b-420d-beb2-45f57791e706
2344,train,https://glints.com/id/opportunities/jobs/content-creator/8cdf9ac2-c9e7-4c36-9340-f71a78b082ba
2345,train,https://glints.com/id/opportunities/jobs/marketing/a09c6f44-eac9-43aa-92a4-b464da76dc84
2346,train,https://glints.com/id/opportunities/jobs/kasir/18f2fb77-6e84-4b82-b4a3-6c4bcd42d660
2347,train,https://glints.com/id/opportunities/jobs/property-marketing/912f444c-fcdd-40d0-a50b-da11e0d0b94b
2348,validation,https://glints.com/id/opportunities/jobs/kitchen/7f322325-303b-4fb6-b14e-ef9115d88f6c
2349,test,https://glints.com/id/opportunities/jobs/matcha-barista-domisili-makassar/b110e522-18d7-49b9-adfe-12023cf259d8
2350,train,https://glints.com/id/opportunities/jobs/kitchen-leader/2938c5af-17b8-420b-ac20-f08ff1d4298e
2351,train,https://glints.com/id/opportunities/jobs/admin/df35c512-42d4-4840-9c16-79bb7f31fd6c
2352,test,https://glints.com/id/opportunities/jobs/perawat-pt-mitra-care-indonesia/5b3f6ee1-eb2f-4bb7-a670-2dd141ac9300
2353,train,https://glints.com/id/opportunities/jobs/admin-bpjs/4b78a433-d29b-499c-9129-39f916973642
2354,train,https://glints.com/id/opportunities/jobs/cleaning-service/d7ab295c-eb49-453e-ab37-e70d9e89dc73
2355,train,https://glints.com/id/opportunities/jobs/production-staff/76771ebd-398d-495e-8b4f-64785e85f022
2356,validation,https://glints.com/id/opportunities/jobs/site-manager/d68be389-3c1b-4c13-a428-8a9bb81a37fe
2357,train,https://glints.com/id/opportunities/jobs/account-officer/e895deac-d42e-4064-a85d-4dfe7ac6ff05
2358,train,https://glints.com/id/opportunities/jobs/staff-packing/7545e84f-b3ce-4dd9-af9a-5fe80eaa8432
2359,validation,https://glints.com/id/opportunities/jobs/driver/58c0c7f8-7dd4-4db0-85d9-71d0eb27e9ed
2360,train,https://glints.com/id/opportunities/jobs/graphic-designer/23635d33-11f2-46a8-bed3-ac2902ca987b
2361,validation,https://glints.com/id/opportunities/jobs/driver/05ae9ee8-cba1-4e5f-8ed3-9e2bed55156c
2362,train,https://glints.com/id/opportunities/jobs/marketing-magelang/1f8b75ac-0b48-4539-aa7d-d67dd0c3d5a4
2363,train,https://glints.com/id/opportunities/jobs/waiters-non-halal-gading-serpong/d567462f-ef7a-49bc-ab70-85e864622219
2364,train,https://glints.com/id/opportunities/jobs/host-live-streaming/d9105221-8972-4ebe-a462-b09d888210a0
2365,train,https://glints.com/id/opportunities/jobs/staff-exim/b3e6e852-5cab-4905-8933-c076c454f096
2366,train,https://glints.com/id/opportunities/jobs/admin-packing-kediri/40665919-4be0-484e-b104-4d0d41f9bbe9
2367,train,https://glints.com/id/opportunities/jobs/staf-gudang/08414438-40ff-4d99-b777-bcd37680a771
2368,train,https://glints.com/id/opportunities/jobs/cleaning-service/a67cda29-5e26-413e-ad11-2a3e3194d643
2369,train,https://glints.com/id/opportunities/jobs/copywriter/af346dd3-b980-46fa-b9f4-908e8bae246a
2370,train,https://glints.com/id/opportunities/jobs/crew-store/985b114b-105e-4275-be19-998fd10f84e3
2371,train,https://glints.com/id/opportunities/jobs/spg-produksi-admin-bogor/e1ed8cf3-826e-4a3a-b066-fec61fe2632b
2372,train,https://glints.com/id/opportunities/jobs/supervisor-landscape/68fab42e-2412-4787-9871-db2eff670ee5
2373,train,https://glints.com/id/opportunities/jobs/staff-pendidikan/e1fe6e46-5592-4436-a267-cf970c5bf331
2374,test,https://glints.com/id/opportunities/jobs/customer-service/de4f7c62-b665-42d1-a864-49211c704bd0
2375,test,https://glints.com/id/opportunities/jobs/sales-representative/99959ad6-01f2-4e79-8b74-46ff0a839e8c
2376,train,https://glints.com/id/opportunities/jobs/koordinator-marketing/18c35f2e-9a64-4f7c-8cfa-4836d09655ee
2377,train,https://glints.com/id/opportunities/jobs/web-developer/bc9861bb-d7f7-4e51-bafc-cdce7579e5c8
2378,test,https://glints.com/id/opportunities/jobs/security-bali/38f1d1c2-198d-4a9a-9004-380bd345fd25
2379,train,https://glints.com/id/opportunities/jobs/business-development/67420ff5-56f9-47be-ad1b-79c87d0f1f0a
2380,validation,https://glints.com/id/opportunities/jobs/staf-purchasing/2802f20c-35dd-4f9c-b1f5-9fa585df9f6a
2381,train,https://glints.com/id/opportunities/jobs/admin-dan-customer-service/cacc41b4-6d9e-4e5c-a37f-5c2599be20c4
2382,validation,https://glints.com/id/opportunities/jobs/customer-service/329410c8-a967-4c71-b5a5-9604b2b919e1
2383,train,https://glints.com/id/opportunities/jobs/helper-ppic-and-driver-forklift/6d8fa2ac-00e0-478b-8f14-147a197a148a
2384,train,https://glints.com/id/opportunities/jobs/pramuniaga/2ef42fce-2081-40ed-aa69-24ef7b8beaec
2385,train,https://glints.com/id/opportunities/jobs/copy-writing/c264d9dc-a505-4b0d-a6dd-c2ef9b984554
2386,validation,https://glints.com/id/opportunities/jobs/videographer/f72ebe90-7318-4cac-8662-3a516ca9c950
2387,train,https://glints.com/id/opportunities/jobs/barista/d84376e6-4435-4e2c-8081-11b4204670e7
2388,train,https://glints.com/id/opportunities/jobs/koki-restoran/13cfc0be-7963-4225-8318-03eacdaa783e
2389,test,https://glints.com/id/opportunities/jobs/dispatcher/b1adbaf4-95bc-4b8f-aadf-c0291b0cf1d9
2390,train,https://glints.com/id/opportunities/jobs/sales-executive/3376bcee-1b1f-4ae2-88d9-106490cb023c
2391,train,https://glints.com/id/opportunities/jobs/staf-ppic/e8ec54da-e5a7-4bff-a617-ce5fc4ad5c2f
2392,train,https://glints.com/id/opportunities/jobs/host-live-streaming/4698a030-fa20-46b3-b596-85787fe3ccdd
2393,validation,https://glints.com/id/opportunities/jobs/admin-stok-dan-packing/9b4eaaaa-e388-4e79-95fa-66dc1f88ab1a
2394,train,https://glints.com/id/opportunities/jobs/sales-distribusi/675b14d8-5f4f-4a3e-b887-b07158f7c61b
2395,test,https://glints.com/id/opportunities/jobs/teknisi-las-and-cutting/9b0d8a2d-e308-4abb-b25d-3516e73602c7
2396,test,https://glints.com/id/opportunities/jobs/information-technology/38d1f78f-12dd-4d71-ad90-74bd92f865fb
2397,train,https://glints.com/id/opportunities/jobs/host-live-streaming/c853fba0-8b12-4964-8b9a-a6733ba830b5
2398,train,https://glints.com/id/opportunities/jobs/barista/31d61edf-7fa3-440c-881f-de7a008bc16c
2399,train,https://glints.com/id/opportunities/jobs/nail-artist/82f7eb43-2d2e-4e58-b1ba-b06a37c9bbcb
2400,train,https://glints.com/id/opportunities/jobs/recruiter/61f596fd-ef02-4805-8583-4f6349055531
2401,train,https://glints.com/id/opportunities/jobs/tutor/67d6f434-e88e-4d80-9fc7-4734270110c3
2402,train,https://glints.com/id/opportunities/jobs/kasir/0c8d374c-50f8-43ae-b80b-2065639180be
2403,train,https://glints.com/id/opportunities/jobs/security/6031311d-fb32-4ea9-ab3c-ccad64d157a7
2404,validation,https://glints.com/id/opportunities/jobs/barista/a19e0cc9-bbb1-4dc8-93d2-bbcde36ec027
2405,train,https://glints.com/id/opportunities/jobs/produksi/7b9aeb79-db68-420d-ac8a-cf2824a1f12c
2406,train,https://glints.com/id/opportunities/jobs/product-specialist/1c6e134d-5d7f-4737-b8bb-41cf97c3e7ed
2407,train,https://glints.com/id/opportunities/jobs/staff-produksi/da270eec-e2a3-420a-9f57-7aead8cb4244
2408,train,https://glints.com/id/opportunities/jobs/fashion-designer/176d961d-5b66-4c4e-b354-52bae049c0b4
2409,validation,https://glints.com/id/opportunities/jobs/tl-cleaning-service-yogyakarta/10d470aa-2486-43f5-a8ba-67802ceca44a
2410,train,https://glints.com/id/opportunities/jobs/helper/36d9188a-6c24-4145-9a0c-2ee1292a52d3
2411,validation,https://glints.com/id/opportunities/jobs/waiter-waitress/3cce2a69-21f6-42a0-a46a-ac0602e1a8bf
2412,train,https://glints.com/id/opportunities/jobs/host-live-streaming/048d6224-c7b0-4e70-ab20-f49b569cd369
2413,train,https://glints.com/id/opportunities/jobs/teller/b29bcc7b-c370-4df6-9e39-f5d9fddb4ad0
2414,train,https://glints.com/id/opportunities/jobs/staff-admin/6799740c-92fc-4da2-ac5a-dbb1a4a2c739
2415,validation,https://glints.com/id/opportunities/jobs/dokter-umum/e62ef319-0854-4cbe-831e-f8ba02bf8f03
2416,train,https://glints.com/id/opportunities/jobs/quality-control/b0af8793-6307-4f8d-9e33-b697062f736a
2417,train,https://glints.com/id/opportunities/jobs/r-and-d-flexible-packaging/5749a888-1a4f-44bb-85ba-d8a60a19bd58
2418,train,https://glints.com/id/opportunities/jobs/crew-store/3f1eb1dc-90df-46e7-afa7-36d21d5bc075
2419,test,https://glints.com/id/opportunities/jobs/social-media-specialist/4a4beb00-6806-433d-a19c-db1810f30966
2420,train,https://glints.com/id/opportunities/jobs/quality-assurance/fa122953-a28e-48b3-9401-2bcc2bf4f6be
2421,validation,https://glints.com/id/opportunities/jobs/staff-operasional/d543b3f5-5a83-481e-869e-d36555f6ff11
2422,train,https://glints.com/id/opportunities/jobs/branch-manager/5d9acade-b96b-44df-a86a-8be6f8a7cfbd
2423,test,https://glints.com/id/opportunities/jobs/staf-gudang-secang-magelang/fba2112c-11ce-46d3-92c1-c406a4af0e37
2424,train,https://glints.com/id/opportunities/jobs/finishing/79895e8b-b83d-4621-b36c-393de82714a3
2425,train,https://glints.com/id/opportunities/jobs/driver-pribadi/94234e84-1680-4558-9d21-8d5dd951406c
2426,validation,https://glints.com/id/opportunities/jobs/designer-freelance/4be548f2-7ce1-4597-af20-575ac4fa80ed
2427,test,https://glints.com/id/opportunities/jobs/pengawas-gizi-blitar/40d53f66-3b04-4cdc-b3eb-47cfe4a892d5
2428,train,https://glints.com/id/opportunities/jobs/resepsionis/46400bf3-adff-4065-b803-f06e3ae761d7
2429,train,https://glints.com/id/opportunities/jobs/crew-produksi/e4c8bf73-bf10-4563-ab63-4a12c7be8986
2430,train,https://glints.com/id/opportunities/jobs/admin-timbangan/b474af25-536f-4860-90ff-a078cf810006
2431,train,https://glints.com/id/opportunities/jobs/rnd-staff/a6f251cd-da65-4280-a93d-580fcd17c9d5
2432,train,https://glints.com/id/opportunities/jobs/nailist/51d52b53-c0c6-45f2-a6a9-dcfbf30e0e54
2433,train,https://glints.com/id/opportunities/jobs/content-creator/789a726c-c713-4f2e-a956-987c6a51e495
2434,train,https://glints.com/id/opportunities/jobs/customer-service/efd1cb73-047b-4fa4-9385-ce370cb61e9c
2435,train,https://glints.com/id/opportunities/jobs/front-desk-receptionist/0e17c3db-24c0-408a-a24e-64cbaad4c897
2436,train,https://glints.com/id/opportunities/jobs/sales-admin/a2852d0b-fc04-4d8c-a4f8-a40de43f2868
2437,train,https://glints.com/id/opportunities/jobs/dw-commis/950e189f-6d50-407d-9993-eb420b327af0
2438,train,https://glints.com/id/opportunities/jobs/account-executive/0ac9e1e4-d763-4b32-b0f9-b9ae7640f9c5
2439,train,https://glints.com/id/opportunities/jobs/affiliate-specialist/7d9d309b-3977-4202-940a-95c93fba5006
2440,train,https://glints.com/id/opportunities/jobs/office-boy/5c9aac59-71e5-4536-ab45-bd90eab30623
2441,train,https://glints.com/id/opportunities/jobs/staff-administrasi-gudang/90f566fc-d5a1-419d-89b4-6c6e62790575
2442,test,https://glints.com/id/opportunities/jobs/purchasing-staff/0f663335-a985-437f-9404-9c69cb6c60e7
2443,train,https://glints.com/id/opportunities/jobs/kepala-unit/30b54a12-a2f2-4cd4-8476-7c73535df4ed
2444,train,https://glints.com/id/opportunities/jobs/asisten-baker/043b1dbb-43f7-48c5-b0ac-9fa534e255ef
2445,train,https://glints.com/id/opportunities/jobs/content-writer/884b731d-ee83-4429-87bf-54094d847d1d
2446,validation,https://glints.com/id/opportunities/jobs/admin-gudang/7a7d9ff7-81c7-44f7-b244-9d47e82e5cae
2447,validation,https://glints.com/id/opportunities/jobs/kurir-motor-astro/bd9f84e3-d9bb-4016-86cb-065cd2b7cc7c
2448,test,https://glints.com/id/opportunities/jobs/barista-fulltime-and-part-time/a604f058-2902-44fc-9c9c-6e6647b968a7
2449,train,https://glints.com/id/opportunities/jobs/guru-calistung-clc-cabang-indramayu/ad7c40e5-59f4-419e-b725-5c61e9a851af
2450,train,https://glints.com/id/opportunities/jobs/head-of-beauty-brand-and-growth/faab6b2f-6ed8-491e-9680-ce41fecac460
2451,validation,https://glints.com/id/opportunities/jobs/sales/1932ab63-0106-4351-9bbd-de955c818b1b
2452,train,https://glints.com/id/opportunities/jobs/admin-online-surabaya/5a3685a3-067b-4cf4-b0e8-ce745a0eefb1
2453,train,https://glints.com/id/opportunities/jobs/pic-and-team-leader/f031bc46-6a09-4364-a167-df1e5ce74a6a
2454,train,https://glints.com/id/opportunities/jobs/mobile-developer/422e5b73-083c-47d9-b435-b384ce5f6782
2455,train,https://glints.com/id/opportunities/jobs/facility-support-office-boy/d5101fb1-ef7c-465d-829e-be7a9e67dc17
2456,train,https://glints.com/id/opportunities/jobs/staf-it/c84c4d9f-917c-49a4-ad8a-96bd240d799c
2457,train,https://glints.com/id/opportunities/jobs/petugas-kebersihan-cleaning-service/8034181c-2e46-4b8e-9fee-610b6f146326
2458,test,https://glints.com/id/opportunities/jobs/beautician-perawat/bb7a18b9-3fdb-47fe-92a0-6cd98a5f57c1
2459,test,https://glints.com/id/opportunities/jobs/crew-produksi/c1710caf-d7b3-464c-a1f3-2f6a4add24a3
2460,train,https://glints.com/id/opportunities/jobs/mechanic-gresik/7e68fdbc-1a08-4902-a5da-1273a899bb03
2461,train,https://glints.com/id/opportunities/jobs/teknisi-freezer/cfce1043-d174-4bb1-bbe5-746466b765fb
2462,train,https://glints.com/id/opportunities/jobs/kasir-merauke-petshop/b63bd0c6-3562-472a-902b-2504a073c859
2463,validation,https://glints.com/id/opportunities/jobs/host-live-laki-perempuan/4ba91133-3149-4989-8d6e-467bd0aa1dcf
2464,train,https://glints.com/id/opportunities/jobs/sales-assistant/00725334-dffc-45e6-b389-fbb7c9205a2d
2465,train,https://glints.com/id/opportunities/jobs/host-live-streaming/3a4eee0e-a68a-4ebc-a560-3e77b1dfeda2
2466,validation,https://glints.com/id/opportunities/jobs/front-desk-receptionist/f0b68dd9-0961-4a7e-8cf7-62d5fef45600
2467,train,https://glints.com/id/opportunities/jobs/promotor-fintech-bandar-lampung-retail/9d89b0e5-51a4-4de4-8cef-f0a0ac6e5b05
2468,train,https://glints.com/id/opportunities/jobs/operator-cctv/27e506ce-180a-4a29-84e0-f4858557b901
2469,train,https://glints.com/id/opportunities/jobs/helper-gudang/189bce91-962a-4d1b-a526-a9d44fec34eb
2470,train,https://glints.com/id/opportunities/jobs/branch-manager/22a31902-9850-4bfe-b95d-6f847aa55364
2471,train,https://glints.com/id/opportunities/jobs/sales-admin/b3780d3c-b08e-467c-bc72-6a4d69db6451
2472,train,https://glints.com/id/opportunities/jobs/operator-data-entry/aa8bcb9d-5139-436e-972e-7f9cfb83d9d4
2473,validation,https://glints.com/id/opportunities/jobs/installer-furniture/cf459c0f-0796-4e0e-bd2b-4ad517e5c4ae
2474,test,https://glints.com/id/opportunities/jobs/graphic-designer/2b0fb966-f8a6-4f99-8ba8-7b444f46d31e
2475,validation,https://glints.com/id/opportunities/jobs/staff-operasional/4bba3f08-a2b3-43c9-932c-42956eaaf881
2476,train,https://glints.com/id/opportunities/jobs/dokter-kecantikan/c3b50181-845d-45e9-bbeb-0cbb659bc257
2477,validation,https://glints.com/id/opportunities/jobs/mekanik-truck/0cc726bb-c001-43fc-9df6-8291ca35373d
2478,train,https://glints.com/id/opportunities/jobs/fashion-designer/ce4e8672-b866-418c-8290-c15be54db13c
2479,validation,https://glints.com/id/opportunities/jobs/account-manager/07d17f9a-e2c0-4d97-89b7-3a9d7ec6a569
2480,train,https://glints.com/id/opportunities/jobs/maintenance-technician/a9204fef-869d-4920-8ea1-58f1d311c870
2481,test,https://glints.com/id/opportunities/jobs/customer-service-staff/4b9bce9e-9155-444d-8e61-796e981ce149
2482,train,https://glints.com/id/opportunities/jobs/staf-distribusi-logistik/10371495-ed13-47c2-a7d7-d1ea9bbdd6a2
2483,train,https://glints.com/id/opportunities/jobs/staff-gudang/26467dfb-93e4-4ba2-bbfd-eb1ded8e63af
2484,train,https://glints.com/id/opportunities/jobs/teknisi-jaringan-komputer/91c4c057-b507-4c30-87c7-bdc4aa6e5e2c
2485,train,https://glints.com/id/opportunities/jobs/staf-ppic/3d4ec8d3-df1b-40a6-b473-74475ed6b9bb
2486,validation,https://glints.com/id/opportunities/jobs/rotoscoping-artist/b42a272e-7089-441b-a1cc-b807e1eb69f5
2487,test,https://glints.com/id/opportunities/jobs/admin-purchasing/83d0040b-e269-4c9e-8f44-472cb36be447
2488,train,https://glints.com/id/opportunities/jobs/senior-cook-mbg-cipondoh-gondrong-and-kenanga/fa338c25-7a25-45a1-8067-4dcf8be27049
2489,train,https://glints.com/id/opportunities/jobs/kepala-bagian-bengkel-kendaraan-demak/bebe0ac8-f0ab-4f3a-bf00-3984df7a176a
2490,train,https://glints.com/id/opportunities/jobs/branding-and-event-team-leader/f54b75d9-85cf-4d6e-acc3-ab3cbac6f388
2491,train,https://glints.com/id/opportunities/jobs/petugas-kebersihan-cleaning-service/9212cf1f-5709-4c71-84cc-ba7ecea7b888
2492,train,https://glints.com/id/opportunities/jobs/frontliner-pria-nganjuk/c9b3e1f2-c5e7-4621-aec7-6674b13afa40
2493,train,https://glints.com/id/opportunities/jobs/sales-property/5eae784a-0d58-4fe9-b5e8-dbb695cae239
2494,train,https://glints.com/id/opportunities/jobs/guru-bahasa-inggris-clc-cabang-bogor/f69c9fc6-3f0e-4bc6-a5c8-1a694d68a13c
2495,train,https://glints.com/id/opportunities/jobs/kasir-foodcourt/25e3f663-94cf-49fb-89b7-9f7f56b5abc7
2496,train,https://glints.com/id/opportunities/jobs/staff-produksi/843090df-e997-4114-9fcb-bf0c57f8b358
2497,train,https://glints.com/id/opportunities/jobs/kitchen-crew/2d3badce-6017-488c-962a-3e3ff9d4eb89
2498,validation,https://glints.com/id/opportunities/jobs/daily-worker-area-semarang/24e352a3-1e1e-42bb-928f-b08f764e2524
2499,test,https://glints.com/id/opportunities/jobs/admin-inaproc/ab71c3f4-a52d-4f3a-ae2c-46efb5f2171f
2500,validation,https://glints.com/id/opportunities/jobs/leader-restoran/1923a752-8664-4775-ad66-8164a1df3806
2501,validation,https://glints.com/id/opportunities/jobs/account-executive/1eb3f0cd-0558-43d3-b2f6-fd39c958a9ee
2502,train,https://glints.com/id/opportunities/jobs/operator-mesin/94068b2a-9d4b-4af7-99ed-be5cc246577f
2503,train,https://glints.com/id/opportunities/jobs/store-crew/b15cf4d3-4334-463a-be5b-7ff2118cde98
2504,test,https://glints.com/id/opportunities/jobs/live-streaming/0d946dd8-f0a0-4918-9efa-729c08cfe39d
2505,train,https://glints.com/id/opportunities/jobs/kol-specialist/d5b4304f-654c-4060-8e1e-5ee7235283d6
2506,test,https://glints.com/id/opportunities/jobs/kasir/8403666d-e171-4b9a-9a5d-ebccff15de9f
2507,train,https://glints.com/id/opportunities/jobs/resepsionis-administratif/3950afe7-d0be-4c20-937f-6d430623daa4
2508,validation,https://glints.com/id/opportunities/jobs/fundraising/dec74734-cbe2-49a6-8d91-22f6cef6bf29
2509,train,https://glints.com/id/opportunities/jobs/administrasi-banjarnegara/1219c0e8-aafb-4cf8-bce1-048fc858ab43
2510,train,https://glints.com/id/opportunities/jobs/teknisi-listrik/76d51567-f182-487b-9865-b339e19a045c
2511,train,https://glints.com/id/opportunities/jobs/content-creator/1ab36225-d753-4d56-95c3-dd7903842cc9
2512,train,https://glints.com/id/opportunities/jobs/manajer-toko/6198f023-f470-4094-bddf-c1e8c4681712
2513,test,https://glints.com/id/opportunities/jobs/captain-service/74b8d122-1798-4987-9402-8911cf550b5f
2514,train,https://glints.com/id/opportunities/jobs/staff-finance/dbcc9c5f-33f2-46d3-9756-71e80c39a539
2515,train,https://glints.com/id/opportunities/jobs/creative-director/35a275d8-b6e9-41f3-8b05-ad0b6b01211e
2516,train,https://glints.com/id/opportunities/jobs/groomer/3819dced-fe0a-49b9-815e-5db466ef21ca
2517,train,https://glints.com/id/opportunities/jobs/store-leader-bandung/6b262e27-60db-4b77-a0c6-a5bc3d02cc16
2518,train,https://glints.com/id/opportunities/jobs/pramuniaga/e38568d5-7a1f-4697-aa69-4e156164d672
2519,validation,https://glints.com/id/opportunities/jobs/warehouse-staff/08017664-68b8-448e-af05-adff5b59fb3a
2520,validation,https://glints.com/id/opportunities/jobs/ehs-staff/9863cde9-bf56-44b3-a1ab-61db955ea1ba
2521,train,https://glints.com/id/opportunities/jobs/asisten-rumah-tangga/3f24ffe8-796f-47a5-8259-7f90b70551c6
2522,test,https://glints.com/id/opportunities/jobs/admin-finance/0204ac0c-6615-4b76-a180-dc8b81c56066
2523,train,https://glints.com/id/opportunities/jobs/leader-quality-control/0df5d084-ed20-4f3f-a039-ee3be28b6131
2524,test,https://glints.com/id/opportunities/jobs/pramuniaga/4d224395-b0e4-4230-a20a-c3d6d4e9cda8
2525,train,https://glints.com/id/opportunities/jobs/crew-store/74a7cdae-4157-4b61-ac31-183b694cc89a
2526,test,https://glints.com/id/opportunities/jobs/mekanik-rangkap-sales-dan-pembelian/1783f2ac-66de-4104-afcd-a909373f1ed7
2527,train,https://glints.com/id/opportunities/jobs/operator-produksi/51bd2b8d-0eb3-4aa1-b599-592f808f4bc6
2528,train,https://glints.com/id/opportunities/jobs/server-billiard/f39da2f3-2ca4-4044-8964-2e6c707d5f60
2529,train,https://glints.com/id/opportunities/jobs/fashion-designer-in-clothing-lines/f68f2b2b-941c-452a-82bf-282df31fa860
2530,train,https://glints.com/id/opportunities/jobs/quantity-surveyor/e7a40c2c-ca15-4418-aa5d-d0b74035c827
2531,train,https://glints.com/id/opportunities/jobs/customer-service/ff7425d7-7385-4f24-a9cd-53188834fe66
2532,test,https://glints.com/id/opportunities/jobs/talent-management/6251d1c8-feab-4d56-b513-b2ce8ee7657f
2533,train,https://glints.com/id/opportunities/jobs/finance-accounting-tax-supervisor/5b56723e-259c-4c44-8193-7e7284b8106f
2534,train,https://glints.com/id/opportunities/jobs/staff-administrasi/a7a8aa12-4057-4353-aac6-4eeabdddc905
2535,train,https://glints.com/id/opportunities/jobs/driver/230c2063-c99c-4e5a-ba5f-01e282234fef
2536,train,https://glints.com/id/opportunities/jobs/operator-produksi/36eb1c80-6593-453a-9ca5-41029f274920
2537,train,https://glints.com/id/opportunities/jobs/staff-hrga/66fbf842-ac7b-4641-9fdc-9a5f455a7c83
2538,train,https://glints.com/id/opportunities/jobs/cleaning-service-cs/58edc912-5cd7-426e-b65a-c607a0c5dab6
2539,train,https://glints.com/id/opportunities/jobs/maintenance-engineer/0e8a4490-033f-4020-b575-36889a5f8d6b
2540,train,https://glints.com/id/opportunities/jobs/senior-barista/249987cc-318c-4273-ac31-d8d271d94cfb
2541,train,https://glints.com/id/opportunities/jobs/staff-operasional/f1c47188-fdd2-4e5c-adcc-146a63c07c85
2542,train,https://glints.com/id/opportunities/jobs/operator-produksi-warehouse/70857b9d-a4b4-4a0b-bd23-048dde98c4b4
2543,train,https://glints.com/id/opportunities/jobs/logistic-officer/c6923d59-1d25-406d-9b93-250ba8e40b04
2544,train,https://glints.com/id/opportunities/jobs/general-affairs-facility-and-safety-officer/50620dbb-b417-406d-a56f-735d33d32fb2
2545,train,https://dealls.com/loker/mechanical-engineering-factory-cianjur~pou-chen-group-indonesia
2546,train,https://glints.com/id/opportunities/jobs/operator-produksi/fbd1ad5a-7ae6-4eea-a258-d47d5f1046a3
2547,train,https://glints.com/id/opportunities/jobs/finance-admin/9e5d5a72-dae9-4d1c-b073-30972edb543f
2548,train,https://glints.com/id/opportunities/jobs/captain/882410e9-9115-47ca-8197-e87b4af928b0
2549,train,https://glints.com/id/opportunities/jobs/sales-motoris/6aa67495-56ce-4086-ab55-95fbde8a0d84
2550,test,https://glints.com/id/opportunities/jobs/head-of-kitchen/fcbfcdf1-aece-448b-96bf-723f770f2451
2551,train,https://glints.com/id/opportunities/jobs/kasir/8a0528e8-7050-416c-b35b-cdbec2ca3251
2552,train,https://glints.com/id/opportunities/jobs/qa-qc-supervisor/be366e74-68c8-433e-8204-fab588814746
2553,test,https://glints.com/id/opportunities/jobs/content-creator/ffa5ed3f-7744-43bc-819f-4922407d93f4
2554,train,https://glints.com/id/opportunities/jobs/front-office/093a3fa4-21c2-4beb-bbfd-73358a00f74b
2555,train,https://glints.com/id/opportunities/jobs/desk-collection-bintaro-tangerang-selatan/592f0ec0-a638-4288-9254-94fec49d27b2
2556,train,https://glints.com/id/opportunities/jobs/store-admin/481f133d-5ed1-46d2-907a-fe0247377160
2557,train,https://glints.com/id/opportunities/jobs/product-manager/91d20adb-aa34-49be-8c99-5ef85fcc5f21
2558,train,https://glints.com/id/opportunities/jobs/store-leader/0336b779-bdc4-4547-b266-8a5197223d7e
2559,train,https://glints.com/id/opportunities/jobs/host-live-streaming/b8ce20f3-619c-49c8-ad39-15558c2dfec7
2560,train,https://dealls.com/loker/general-affair-coordinator-yogyakarta~kharisma-potensia-indonesia
2561,train,https://dealls.com/loker/hr-recruitment-7~pt-micro-madani-institute
2562,train,https://glints.com/id/opportunities/jobs/business-development-staff/5fd1ac92-e413-47a1-b8bb-3a251a752f21
2563,train,https://glints.com/id/opportunities/jobs/supir-taksi/464926c7-73cf-420b-883c-31257e7754c4
2564,train,https://dealls.com/loker/management-trainee-ritel~pt-trubus-mitra-swadaya%26hl%3Den%26sl%3Did%26tl%3Den%26client%3Dsearch
2565,train,https://glints.com/id/opportunities/jobs/kabag-operasional/be80458d-7771-44c4-bcd1-70f8c31ddd91
2566,train,https://glints.com/id/opportunities/jobs/supervisor-community-development/3ba10f68-f313-420b-8b80-fc036ebd5a29
2567,validation,https://glints.com/id/opportunities/jobs/financial-consultant/2c88f3e2-7f36-440f-abe5-58839cc05766
2568,train,https://glints.com/id/opportunities/jobs/asisten-supervisor/d0b7cdf1-a4bc-4649-9b80-5346b14ce738
2569,train,https://glints.com/id/opportunities/jobs/operator-busbar-bending-plong-potong/c4097d73-1f61-4d03-948b-12ef99570d09
2570,validation,https://glints.com/id/opportunities/jobs/telemarketing/feb0068a-98eb-4c83-ac24-aa4174363246
2571,test,https://glints.com/id/opportunities/jobs/packer/34258c1a-b1f9-4ad2-abc6-bc5b25afb7fd
2572,train,https://glints.com/id/opportunities/jobs/kepala-outlet/4d4d60e0-5e84-4725-b05a-e47efd03e97e
2573,test,https://glints.com/id/opportunities/jobs/kolektor-area-jakarta/919fa08e-bd82-47b9-8c1c-d3a899e72425
2574,validation,https://glints.com/id/opportunities/jobs/general-admin/d3e49e30-4001-483d-bf3d-4b7e22b4c57e
2575,train,https://glints.com/id/opportunities/jobs/network-engineer/445a745d-0ac0-4f17-a994-82a4a34be807
2576,train,https://dealls.com/loker/building-design-engineer~agung-sedayu-group-1
2577,train,https://glints.com/id/opportunities/jobs/it/50a037be-b24c-4ba0-8e8d-d085ccf83476
2578,train,https://glints.com/id/opportunities/jobs/admin-gudang/03534666-1d59-48c2-baea-a22cd4a256c1
2579,train,https://glints.com/id/opportunities/jobs/contact-center-agent/91a93f1b-fe03-4f6c-8ce0-adb9d0b87d30
2580,train,https://glints.com/id/opportunities/jobs/general-manager/e419e9a4-5f07-4f04-a97d-456ecf49e567
2581,test,https://dealls.com/loker/outlet-crew-and-production-crew~mtdonut
2582,train,https://glints.com/id/opportunities/jobs/supir-truk-box-engkel/d424b515-bb17-49dd-ba8a-f6ca594d086d
2583,train,https://glints.com/id/opportunities/jobs/marketing/6bb26b9b-2eed-4034-a5c7-328d4615ed7d
2584,train,https://glints.com/id/opportunities/jobs/technical-support-malang/dfd9f790-32a4-4cd6-b010-18ad8a13d9ec
2585,test,https://glints.com/id/opportunities/jobs/senior-system-analyst/44d50563-e217-4695-ba86-f0645d89cb75
2586,train,https://glints.com/id/opportunities/jobs/crew-fulltime-restaurant-wingstop-area-semarang/9c069310-b37e-480d-a46b-0f3d349aab3c
2587,validation,https://glints.com/id/opportunities/jobs/kepala-toko-wakil-kepala-toko/f4cc71c7-cf45-46f3-9f71-7bf9821490f9
2588,train,https://glints.com/id/opportunities/jobs/anak-buah-kandang/5f6b4501-4902-4565-9cb4-20bebfd7e9f0
2589,train,https://glints.com/id/opportunities/jobs/manager-leasing-casual-leasing-dan-busdev/9e1c073e-1e51-4003-9877-a3c28f49d018
2590,train,https://glints.com/id/opportunities/jobs/team-leader-collection/a77c890c-6c8d-4e65-84b2-fa4f8b03c2c7
2591,validation,https://glints.com/id/opportunities/jobs/agen-properti/979c9cd4-ae19-4645-ac90-4f308f0dd824
2592,train,https://dealls.com/loker/social-media-specialist-intern-7~assistx
2593,test,https://glints.com/id/opportunities/jobs/admin-produksi/e8f3db21-14cd-4811-801b-b0220c288d4d
2594,train,https://glints.com/id/opportunities/jobs/customer-service-attendence-playground-the-park-pejaten/28ba0076-43ef-402f-b297-62ff435caa1c
2595,train,https://dealls.com/loker/magang-berdampak-care-and-responder~vidiodotcom
2596,train,https://glints.com/id/opportunities/jobs/admin-data-entry/4d0026d9-cf90-4756-8cf9-482e907784b1
2597,train,https://glints.com/id/opportunities/jobs/legal-manager/92ba7038-3810-4c82-842d-6ec2e81cc633
2598,train,https://dealls.com/loker/driver-11~city-vision-indonesia
2599,train,https://glints.com/id/opportunities/jobs/sorter-sicepat-middle-mile-diy/a560a5ef-01ca-40b1-a4e4-a4e86fe97c6a
2600,train,https://glints.com/id/opportunities/jobs/project-staff/58ed7477-e89a-41f2-b85e-8d09232d02aa
2601,train,https://glints.com/id/opportunities/jobs/supervisor-marketing-pembiayaan-multiguna/18be5913-841d-4fec-8408-149229937453
2602,train,https://glints.com/id/opportunities/jobs/admin/571ff785-2062-407c-aab9-2cb80c3ec47a
2603,test,https://glints.com/id/opportunities/jobs/content-creator/b07e2b6f-aa85-4910-bfe2-e98ac9b31261
2604,test,https://glints.com/id/opportunities/jobs/graphic-designer/207bac7a-3e7e-4fb9-b5b3-34e85a339627
2605,train,https://glints.com/id/opportunities/jobs/pengajar-bahasa-korea/96069397-4650-4324-a377-4852967ff2ae
2606,train,https://glints.com/id/opportunities/jobs/guru-bahasa-inggris/216e01d5-7367-4a18-830f-1ae40cf2a39b
2607,train,https://glints.com/id/opportunities/jobs/staff-marketing/e82dd514-a396-4b54-92c0-486f24c0f5e4
2608,test,https://glints.com/id/opportunities/jobs/steward-dishwasher/623f445b-520a-47be-b009-a0a970382fc0
2609,train,https://glints.com/id/opportunities/jobs/data-center-analyst/a9529750-5e0c-45d5-bfff-52037223ad51
2610,train,https://glints.com/id/opportunities/jobs/penjaga-kedai-pempek-dan-produksi-pempek/a6909549-2f5d-4f3c-b214-919b6cf6cbb7
2611,train,https://glints.com/id/opportunities/jobs/helper-store/085cbc89-a82e-469c-8c64-fd7f46371e1a
2612,train,https://glints.com/id/opportunities/jobs/staff-gudang/0035ef38-adf0-412a-9258-63a36ab8f081
2613,train,https://glints.com/id/opportunities/jobs/scriptwriter/39622678-3bfc-4099-8f4d-93d4b8fa61d1
2614,validation,https://glints.com/id/opportunities/jobs/sales/bfab6b13-efaf-4578-a2bc-d9c45b7e6783
2615,train,https://glints.com/id/opportunities/jobs/regional-manager-rm/cc1c651a-dcce-4c1b-8a6c-76d1ae9942ac
2616,train,https://glints.com/id/opportunities/jobs/staff-admin/c57e185f-247d-47e8-bb1a-39fc9c61a284
2617,train,https://glints.com/id/opportunities/jobs/admin-operasional/f4b87eaa-1adc-457e-9171-977b32048d22
2618,train,https://glints.com/id/opportunities/jobs/fitness-manager/564858dc-8d06-4b9b-82ec-418cd807ec60
2619,train,https://dealls.com/loker/operational-assistant-manager-eskoppi~pt-santos-jaya-abadi-kapal-api-global
2620,test,https://glints.com/id/opportunities/jobs/content-creator/adf29af8-0f18-408e-88ef-73d105497a91
2621,train,https://glints.com/id/opportunities/jobs/quality-assurance-staff/d3d6bf35-f619-4638-8c86-8590b5382e07
2622,train,https://dealls.com/loker/internship-inside-sales-marketing~pt-qtera-mandiri
2623,train,https://dealls.com/loker/data-analyst-intern-anti-fraud~pt-bank-digital-bca-bca
2624,train,https://glints.com/id/opportunities/jobs/customer-service/8251af16-99f8-4887-8bad-bad4ff06f31c
2625,train,https://dealls.com/loker/operation-and-service-excellence~pt-bank-digital-bca-bca
2626,train,https://glints.com/id/opportunities/jobs/host-live/dead10d9-b927-43c1-841f-8ca8e8c10363
2627,train,https://glints.com/id/opportunities/jobs/content-creator/bd01089a-3ebb-44f8-90d6-925976c42605
2628,validation,https://glints.com/id/opportunities/jobs/crew-restaurant/b83d3be9-3fc2-4057-8e9f-f3715ec20448
2629,train,https://glints.com/id/opportunities/jobs/sales-coordinator/45535150-1237-4678-a5ec-85c2d331232c
2630,validation,https://glints.com/id/opportunities/jobs/field-collector/e744f6c7-e4a4-4da5-aa52-27ea7ade2d49
2631,test,https://dealls.com/loker/sales-promotion-girl-2~pt-cs2-pola-sehat
2632,train,https://dealls.com/loker/software-quality-assurance-sqa-internship~papandayan-cargo
2633,validation,https://glints.com/id/opportunities/jobs/restaurant-supervisor/c6473f79-980b-431f-b8c4-2ae929c6ca3f
2634,validation,https://glints.com/id/opportunities/jobs/admin-cashier/48e75458-a7c3-40ce-a8cd-122d18583cfb
2635,train,https://glints.com/id/opportunities/jobs/koordinator-area-solo/11ceabf8-4cfe-4709-8707-9c070296b4b2
2636,train,https://glints.com/id/opportunities/jobs/supervisor-produksi-and-teknik-design-mesin-fabrikasi/7076cac9-1789-482d-aa2a-0339da419cb9
2637,train,https://glints.com/id/opportunities/jobs/content-creator/37a5e3f0-ff1f-4db3-84a4-ca7fd7bc326a
2638,train,https://glints.com/id/opportunities/jobs/cleaning-service-reliver/35101266-f0c0-4542-b032-5339aff2eb20
2639,test,https://glints.com/id/opportunities/jobs/trainer/d6af8b0e-6338-41ea-8ebd-4de50a0bdef5
2640,train,https://glints.com/id/opportunities/jobs/guru-pendidikan-agama-kristen/134b6700-9dfd-4503-a038-31f3f4878fb3
2641,train,https://glints.com/id/opportunities/jobs/tukang-kayu-hpl/1cb68200-22ad-41df-a3ee-3a6c75a5bbfc
2642,train,https://glints.com/id/opportunities/jobs/pramuniaga/f191daa6-4bb7-4b77-8cff-890283db13db
2643,test,https://dealls.com/loker/frontliner-4~pt-pesonna-optima-jasa
2644,train,https://glints.com/id/opportunities/jobs/operator-live/ba667e91-a002-4b40-a567-adb2edb1e8f4
2645,train,https://glints.com/id/opportunities/jobs/customer-service/8732974c-f2d1-4b1a-987a-341e93b6798c
2646,train,https://dealls.com/loker/telemarketing-b2b-it~pt-surya-mandiri-komputer
2647,train,https://glints.com/id/opportunities/jobs/admin-produksi/76e48731-2936-4ce8-85c4-36a510201e55
2648,train,https://glints.com/id/opportunities/jobs/telesales/89149f66-13aa-4b0b-8dac-8308ab854b93
2649,train,https://glints.com/id/opportunities/jobs/quality-control-benang/ed56b3d1-1bba-4237-9158-9b6663c4ede4
2650,test,https://glints.com/id/opportunities/jobs/operator-produksi/37c17556-5884-4a8a-b576-90b22a70f8d7
2651,test,https://glints.com/id/opportunities/jobs/driver/2be0a6cd-a35b-4fc0-a2a4-ed3067142f8a
2652,train,https://glints.com/id/opportunities/jobs/field-collection/1d37cf2e-30d9-4146-af72-2646ebddbf22
2653,train,https://glints.com/id/opportunities/jobs/staff-accounting/df1d349a-7ff5-460f-b68b-2d793e425aec
2654,train,https://dealls.com/loker/marketing-program-andactivation-internship~adira-finance
2655,train,https://glints.com/id/opportunities/jobs/driver/3f98e542-1d49-4a1e-b119-41ca7ebbe787
2656,test,https://dealls.com/loker/beauty-advisor-1~somethinc-beautyhaul%26hl%3Den%26sl%3Did%26tl%3Den%26client%3Dsearch
2657,train,https://glints.com/id/opportunities/jobs/staf-payroll/d6a3f70d-e702-494f-bbdd-f75d90494f8b
2658,train,https://glints.com/id/opportunities/jobs/store-leader/265f5708-ef62-4ab4-bf75-d5273df089f4
2659,validation,https://glints.com/id/opportunities/jobs/finance-staff/57679253-c6c5-407a-a6fc-81c1839823f6
2660,train,https://glints.com/id/opportunities/jobs/driver/2d343ad4-70e4-43f3-ab3e-53d3eec58612
2661,train,https://glints.com/id/opportunities/jobs/customer-service-online-offline-malang/47209935-60f6-4746-9efe-749a0a00d605
2662,train,https://glints.com/id/opportunities/jobs/operator-produksi/6cda65f4-d468-4aa4-a936-d7452d52a8dd
2663,train,https://glints.com/id/opportunities/jobs/tenant-crew/02252bab-b437-4499-8587-150500c071d6
2664,train,https://glints.com/id/opportunities/jobs/staff-trading/52884cdc-1ef9-47ab-bf4d-dabc488efc91
2665,test,https://dealls.com/loker/section-manager-of-production~pt-cs2-pola-sehat
2666,train,https://glints.com/id/opportunities/jobs/pramuniaga/5acd7505-31ae-43c8-8cee-2dddf78f0b56
2667,train,https://glints.com/id/opportunities/jobs/customer-service/3e8266b6-511b-4dad-a6e0-8ad03a2c8d40
2668,train,https://glints.com/id/opportunities/jobs/supervisor-klinik/aa27ffaf-57eb-4828-9100-8805d9f22b7e
2669,train,https://glints.com/id/opportunities/jobs/crew-produksi-kupang/a5c61dd7-4c54-4ef7-8d19-54e8414d5e57
2670,validation,https://glints.com/id/opportunities/jobs/supervisor/b5330443-a922-4744-9557-ea67226e6b96
2671,train,https://glints.com/id/opportunities/jobs/nail-technician/2f64dc3a-f227-431d-9396-0f26524ef8af
2672,train,https://glints.com/id/opportunities/jobs/sales-promotion-girl/a64181a1-c61e-4916-ba86-b55396d75138
2673,train,https://glints.com/id/opportunities/jobs/admin-e-commerce/0a424874-17c7-4d1c-8c54-9d0d1ad73ccd
2674,train,https://glints.com/id/opportunities/jobs/telemarketing/7c20bc56-bba2-4471-899d-4b577328d989
2675,train,https://dealls.com/loker/admin-affiliate-specialist~cv-cipta-sehat-anugrah
2676,train,https://glints.com/id/opportunities/jobs/sales-promotor-lapangan/1a91f48e-4d91-4f9a-a0a0-72967038c8fd
2677,train,https://dealls.com/loker/management-trainee-sales-operation-1~pt-indofood-1
2678,train,https://glints.com/id/opportunities/jobs/staf-logistik/f5909a0c-3637-42d7-8b4b-75580c366a7e
2679,train,https://glints.com/id/opportunities/jobs/operator-spbu/e5d4eb84-76df-481a-8f7d-2b5aa782f351
2680,train,https://dealls.com/loker/motion-designer-1~pt-bank-digital-bca-bca
2681,test,https://glints.com/id/opportunities/jobs/staff-r-and-d/f6a7ca0a-1189-422a-9898-735d93e7c05b
2682,train,https://glints.com/id/opportunities/jobs/customer-service/d4b6cf06-6cd1-405e-b793-0a1fe324a0e1
2683,train,https://glints.com/id/opportunities/jobs/operator-produksi/f6312227-b3ca-4809-ad62-26249b9fd1f0
2684,train,https://glints.com/id/opportunities/jobs/crew-outlet-daily-worker/d5c63869-4617-424e-8890-bad21dcf707e
2685,train,https://glints.com/id/opportunities/jobs/operator-mesin-rotogravure/bc75d8fe-7009-4346-8938-c750bde2badf
2686,train,https://glints.com/id/opportunities/jobs/admin-purchasing/61635ea4-f03a-4c65-b11d-cebf65c1fa4d
2687,train,https://glints.com/id/opportunities/jobs/head-of-marketing/41b26221-e764-4429-abd3-cd3c6e9df99a
2688,train,https://glints.com/id/opportunities/jobs/assistant-direktur-penjualan-mandarin-speaker/7daecbb6-530d-4e77-b4fc-5a6fb8bf96e2
2689,train,https://glints.com/id/opportunities/jobs/event-project-manager/5e24ef5f-f82a-42c3-99ef-fb29654fdbf3
2690,train,https://glints.com/id/opportunities/jobs/admin-gudang/2501f124-06ad-43fe-9a97-9f94c3a0005a
2691,train,https://glints.com/id/opportunities/jobs/graphic-designer/98d61935-6a84-4cd2-810a-17a4ed6fefe3
2692,train,https://glints.com/id/opportunities/jobs/content-creator/a17842cb-24c7-48e1-9522-2113e9d87f38
2693,validation,https://glints.com/id/opportunities/jobs/runner-checker/8f5a8078-e2f4-49ff-8ae0-ecf10db36020
2694,train,https://glints.com/id/opportunities/jobs/customer-service/d31394e0-7760-42f7-8bca-15d1b29f9471
2695,test,https://glints.com/id/opportunities/jobs/manajer-operasional/f1fd92e9-f064-4c8e-b558-498d4707c668
2696,train,https://glints.com/id/opportunities/jobs/store-staff/36ab9f73-41b2-49c1-be21-b4ed4cd9b915
2697,test,https://glints.com/id/opportunities/jobs/shop-attendant/6ddd2689-b67a-4e6d-82b1-f815a12fc8c8
2698,train,https://glints.com/id/opportunities/jobs/community-manager/d786e5d0-dadb-4fc0-8205-06736761928d
2699,train,https://glints.com/id/opportunities/jobs/karyawan-booth/d443fd0c-b32e-4be9-8a21-4ed007c80038
2700,validation,https://glints.com/id/opportunities/jobs/leader-rnd/c0f874c6-28c8-474c-a59b-f2f4f245a763
2701,train,https://glints.com/id/opportunities/jobs/graphic-designer/fbcc6618-55d4-41b3-8b83-2b241c972396
2702,train,https://glints.com/id/opportunities/jobs/illustrator-freelance/407ab715-5c96-4d0b-b304-539368b243b9
2703,train,https://glints.com/id/opportunities/jobs/admin-purchasing/36534ff8-beca-4e1a-9d6d-893dc8c949d1
2704,train,https://glints.com/id/opportunities/jobs/admin-gudang/06a9c8f8-e456-46b7-894a-89caa7c84b30
2705,train,https://glints.com/id/opportunities/jobs/driver-direksi/bc24d641-681e-42d6-b323-5c15e1550d05
2706,train,https://glints.com/id/opportunities/jobs/barista/cca93d97-bb5f-4b44-b0b1-d2335bd000d6
2707,train,https://glints.com/id/opportunities/jobs/pengembangan-komunitas-community-development-staff/a7f147c7-e476-4a30-aa89-7b9875d3ad03
2708,train,https://glints.com/id/opportunities/jobs/driver-pribadi/810767e4-c3b7-43b3-a199-56148f81e067
2709,train,https://glints.com/id/opportunities/jobs/pramuniaga/d48a72b6-4443-4df8-812e-c5c2246b4b7a
2710,train,https://glints.com/id/opportunities/jobs/project-manager-konstruksi/b41c9fea-bee9-45c6-a5e5-c7ea448abf76
2711,train,https://glints.com/id/opportunities/jobs/sales-development-representative/0b885909-3f52-4ae7-ab57-58f027cc2b89
2712,validation,https://glints.com/id/opportunities/jobs/tukang-kebun/835205c1-32be-49ff-a11d-098ae1470a4a
2713,train,https://glints.com/id/opportunities/jobs/finance-staff/648d3b27-4666-4c68-aefd-d2a573dcc086
2714,train,https://glints.com/id/opportunities/jobs/pekerja-harian-lepas/47680a38-a521-4adf-8b36-43db73f834c2
2715,test,https://glints.com/id/opportunities/jobs/store-admin/c6e1aa24-c727-4312-b4cf-d137aad3491c
2716,train,https://glints.com/id/opportunities/jobs/customer-service-pontianak/615cdf0f-4f92-4b09-8f57-00fe149a904f
2717,train,https://glints.com/id/opportunities/jobs/staff-administrasi/2581a835-2d20-405a-bb93-9789e038259e
2718,train,https://glints.com/id/opportunities/jobs/admin-sales/c491188d-31a7-4ceb-aab7-82eed6171800
2719,train,https://glints.com/id/opportunities/jobs/live-tiktok/9b9a8295-0b0a-4498-9ee1-6dac6a73e2e5
2720,train,https://glints.com/id/opportunities/jobs/content-creator/f172513b-3b44-455a-b964-a316c5b32377
2721,train,https://glints.com/id/opportunities/jobs/photographer/7304b39e-b648-4f25-9707-d187cc80003f
2722,test,https://glints.com/id/opportunities/jobs/general-affair/ef32ffde-f2ad-4a53-a6c1-a85520c6da82
2723,validation,https://glints.com/id/opportunities/jobs/it-business-analyst-freelance/c7407086-7832-4681-afb9-b408db561a7b
2724,train,https://glints.com/id/opportunities/jobs/hr-generalist/758bb01b-e917-4e18-a9b1-f329a8a6a7cb
2725,train,https://glints.com/id/opportunities/jobs/sales-retail-pemalang/f0b52576-1dc0-467e-b728-c5862e935ae8
2726,train,https://glints.com/id/opportunities/jobs/operational-leader/7be60ae4-e62b-4834-a6b9-d3c42e010853
2727,test,https://glints.com/id/opportunities/jobs/crew-cashier-balikpapan/feb93352-0e4e-4cdf-805e-313db8257e92
2728,train,https://glints.com/id/opportunities/jobs/telesales/ece6cfa5-b4f9-401d-911d-06255812d138
2729,train,https://glints.com/id/opportunities/jobs/area-sales-manager/75c57947-b745-4c54-a891-3c49f65d5cf1
2730,train,https://glints.com/id/opportunities/jobs/field-collection/1fc71816-7e3f-4c95-849b-01fb4ede92e1
2731,train,https://glints.com/id/opportunities/jobs/packer-snack/e7b0b7a1-aa2d-480a-a410-4a7a8ad08c9e
2732,train,https://glints.com/id/opportunities/jobs/brand-manager/0f53df38-efd6-45d5-a720-6619ef5e3a99
2733,train,https://glints.com/id/opportunities/jobs/arsitek-animator/cc605b19-5df8-4609-8bad-33da0526af96
2734,train,https://glints.com/id/opportunities/jobs/warehouse-staff/ba068356-76a7-4261-87b2-c59e2d61b806
2735,train,https://glints.com/id/opportunities/jobs/business-development/f24b5057-f254-4962-acb4-20265b448784
2736,train,https://glints.com/id/opportunities/jobs/customer-service/13f38f37-8cda-4051-a2d6-d2f3a3ba7c08
2737,train,https://glints.com/id/opportunities/jobs/sales-executive/0ce937e3-67eb-4110-9067-52cb2b786159
2738,train,https://glints.com/id/opportunities/jobs/admin-gudang/acee5dd3-9da9-4ec0-8092-a108cafcaa8f
2739,validation,https://glints.com/id/opportunities/jobs/personal-trainer/ee86f3e0-1663-463d-a2d5-56b036e0dd82
2740,train,https://glints.com/id/opportunities/jobs/kasir-laundry/0cf6e347-be02-49c4-819c-0c5fdfe583ca
2741,train,https://glints.com/id/opportunities/jobs/e-commerce-marketplace-coordinator/95603e03-dd80-408d-bb74-99ccf91c330b
2742,train,https://glints.com/id/opportunities/jobs/storeman/c9c6cd0c-5a30-4ae6-97ff-8349133a113f
2743,test,https://glints.com/id/opportunities/jobs/kepala-produksi/3dc4015d-af33-48a0-b85e-ea88f12311a2
2744,train,https://glints.com/id/opportunities/jobs/e-commerce-specialist/e1ca64c0-1779-4393-8d13-01e28cf0a658
2745,train,https://glints.com/id/opportunities/jobs/koordinator-agen/cbd9e87e-17cd-4eb3-a5a0-14ec5abd3a01
2746,train,https://glints.com/id/opportunities/jobs/social-media-specialist/1c7db12f-eeb1-44a4-927b-7a4dda40c7c4
2747,train,https://glints.com/id/opportunities/jobs/content-creator/e0dacfcb-2bec-4131-b238-7dbdda04a5ae
2748,train,https://glints.com/id/opportunities/jobs/management-trainee/a49befb4-2923-4b7a-ba66-19cb17d5fee8
2749,train,https://glints.com/id/opportunities/jobs/quality-control-inspector/36a8697e-ff44-4eda-819d-688a32ca5ca5
2750,test,https://glints.com/id/opportunities/jobs/kepala-gudang-warehouse-manager/227dc506-76fe-415e-9404-4b6992ed77f8
2751,train,https://glints.com/id/opportunities/jobs/accounting-manager/752e198a-be91-4b17-a28b-bae877e99691
2752,validation,https://glints.com/id/opportunities/jobs/staff-administrasi/622d6b61-abaf-489c-908a-1172d4658e5f
2753,validation,https://glints.com/id/opportunities/jobs/it-business-analyst/91dcfe91-ff40-476f-9cad-4581f94b6fe7
2754,train,https://glints.com/id/opportunities/jobs/tukang-bangunan/eea379bf-0c47-4077-9dca-cb7db5096db7
2755,validation,https://glints.com/id/opportunities/jobs/merchandiser-garment/a69b9c9e-4eb8-4b62-9366-da4771ab77c8
2756,train,https://glints.com/id/opportunities/jobs/admin-finance-and-accounting-warehouse-bandung/0e0adc68-bcd2-4ede-97a5-12bd515fdbd1
2757,train,https://glints.com/id/opportunities/jobs/kasir-restoran/ea6ddbb6-434b-474b-9e08-9612979d6264
2758,train,https://glints.com/id/opportunities/jobs/manager-restoran/34381b1b-506a-4e65-ab76-be089e3feaac
2759,train,https://glints.com/id/opportunities/jobs/graphic-designer/af727ab8-397e-4a19-abd7-134239ee2359
2760,train,https://glints.com/id/opportunities/jobs/maintenance-kediri/eca492c0-9533-44bf-a4d6-1ec6e336ecec
2761,train,https://glints.com/id/opportunities/jobs/instructional-designer/187ed59b-ebcb-42f1-bdba-2791ae3a20a2
2762,train,https://glints.com/id/opportunities/jobs/pengawas-projek-sipil-and-konstruksi/361b905e-1243-4bdc-8e6e-03a5b9cfed4a
2763,train,https://glints.com/id/opportunities/jobs/desk-collection-team-leader/84dec223-bfad-4c7d-a147-83412b43b225
2764,train,https://glints.com/id/opportunities/jobs/resepsionis/28f3fbe3-e3fd-48df-9283-6c53cf4c8008
2765,validation,https://glints.com/id/opportunities/jobs/social-media-specialist/a2fbd9fa-07e8-4033-8412-9d0a77f8e2ba
2766,train,https://dealls.com/loker/teknisi-hvac-rumah-sakit~tpm-group-1
2767,train,https://glints.com/id/opportunities/jobs/admin-produksi/dd05f07f-c4ed-4ab8-b9d2-a66f6bf43b08
2768,train,https://dealls.com/loker/warehouse-officer-admin~pt-cma
2769,train,https://glints.com/id/opportunities/jobs/it-support/d1d2d432-2dda-4654-9071-0554ec2ac374
2770,train,https://glints.com/id/opportunities/jobs/staff-ga/708c9f57-9b71-48cc-8037-b5b17ac98bbf
2771,train,https://glints.com/id/opportunities/jobs/supervisor-food-and-beverage-f-and-b/fa56744e-91d6-437b-b50b-648ce4eaa29f
2772,test,https://glints.com/id/opportunities/jobs/store-specialist/b602f3ec-3074-4432-9b72-4d5ec9b1a7a2
2773,validation,https://glints.com/id/opportunities/jobs/management-trainee/2ea926df-d4d3-41f1-b5cc-919df1166a16
2774,train,https://glints.com/id/opportunities/jobs/captain-service/50e2d8de-ae68-4bfa-a7a5-c63021e415de
2775,train,https://dealls.com/loker/sales-taking-order-jabodetabek~pt-amerta-indah-otsuka
2776,test,https://dealls.com/loker/sales-lapangan-1~pt-prima-bajaindo-sukses
2777,train,https://glints.com/id/opportunities/jobs/floor-leader-kab-tanah-laut-balirejo/15ca174b-1438-4808-83a4-a11bf48c2e9b
2778,train,https://glints.com/id/opportunities/jobs/admin/1c8ac09a-a132-4049-9959-e9296fadf8be
2779,train,https://glints.com/id/opportunities/jobs/walk-in-interview-footwear-and-fashion-designer/18083f1b-e902-4bd8-9b9c-dd639d066fad
2780,train,https://glints.com/id/opportunities/jobs/telemarketing/1f6db753-1124-4076-9a1c-c1a76782acb7
2781,train,https://dealls.com/loker/head-of-waste-hub-tangerang~rekosistem
2782,train,https://glints.com/id/opportunities/jobs/sales-wifi-my-republic-bekasi/7e291de8-6593-4a61-a54d-e0f9a035e703
2783,train,https://glints.com/id/opportunities/jobs/part-time-kru-store/8107cdb7-6aef-4130-a63a-c20785fc7ded
2784,train,https://glints.com/id/opportunities/jobs/medical-reviewer-penulis-and-reviewer-konten-medis/f3936f70-b831-4abf-982d-eb9a23171797
2785,train,https://glints.com/id/opportunities/jobs/operator-live-streaming/75cee824-1651-473d-9a1c-eb6c8de6a5bf
2786,train,https://glints.com/id/opportunities/jobs/ba-event-medan/e2fe5ec9-107b-4d3f-8f1e-bd1175e25f8f
2787,train,https://glints.com/id/opportunities/jobs/host-live/2c34c71a-5259-4741-a1dd-319f3d8fce4c
2788,test,https://glints.com/id/opportunities/jobs/admin-gudang/60802c6b-0be1-49b9-96a7-e0b79371e597
2789,train,https://glints.com/id/opportunities/jobs/management-trainee/e99c5338-2aa6-4ff6-ad6a-c29243987822
2790,test,https://dealls.com/loker/salesman-lubuk-linggau-1~ptenseval-putera-megatrading-tbk
2791,train,https://glints.com/id/opportunities/jobs/operator-pengawas-cctv/cbf650eb-102f-4230-8733-030d3471c23a
2792,train,https://dealls.com/loker/live-streaming-host-tiktok-and-1~beauty-of-angel
2793,test,https://dealls.com/loker/sales-admin-22~libby-baby
2794,train,https://glints.com/id/opportunities/jobs/operator-mesin-mesin-sormz-dry-off-operator-mesin-die-cut/aedc9200-ec6d-4492-b536-102c83523611
2795,train,https://glints.com/id/opportunities/jobs/operator-produksi/c2b2c409-d166-43f7-b538-213e02094c88
2796,train,https://glints.com/id/opportunities/jobs/direct-and-indirect-sales-padang-lengayang-painan-tapan/53f277c3-5292-4332-a8c4-af2948a923e5
2797,validation,https://glints.com/id/opportunities/jobs/production-staff-factory-in-cikarang/e95f7e94-a29b-448e-9285-911137a8b8cf
2798,validation,https://glints.com/id/opportunities/jobs/account-manager/975ce43e-bf75-447b-842e-8fe39fb626fd
2799,train,https://glints.com/id/opportunities/jobs/host-live-and-talent/7f7e0318-665d-4bc6-9a97-2902ae4a8e21
2800,train,https://glints.com/id/opportunities/jobs/graphic-designer/e47568a9-2eca-43ad-b3fa-22ff27b3accc
2801,train,https://glints.com/id/opportunities/jobs/sales/da6973d0-68ab-4da1-a266-474ec2a6aea6
2802,train,https://glints.com/id/opportunities/jobs/social-media-specialist/865cd43f-a04a-4742-8c23-13d6c397a992
2803,train,https://glints.com/id/opportunities/jobs/pic-toko/cabc16dd-c8e9-4b30-904f-6fed33e4324e
2804,train,https://glints.com/id/opportunities/jobs/ob-kantor-and-rumah/6ab309b7-c04c-4079-89dd-0071a69ef72c
2805,train,https://glints.com/id/opportunities/jobs/staff-maintenance/e57dad76-7e30-4894-b511-f8e94df73ad3
2806,test,https://glints.com/id/opportunities/jobs/content-creator/267bfe44-1eaa-4098-96da-177dd7eeb150
2807,train,https://glints.com/id/opportunities/jobs/admin-purchasing/75d2534a-6a02-4b36-b299-eab2541363f9
2808,train,https://glints.com/id/opportunities/jobs/supervisor-marketing-pembiayaan-multiguna-m2w-cab-martapura/7c67454f-1589-49b7-87b9-f47e77fe33c3
2809,train,https://dealls.com/loker/general-affair-staff-11~kharisma-potensia-indonesia
2810,test,https://glints.com/id/opportunities/jobs/service-crew-restaurant/daba9b55-cf71-47a1-9055-b3853a9a64f5
2811,train,https://dealls.com/loker/agronomist-2~pt-mergonoto-investama
2812,train,https://glints.com/id/opportunities/jobs/internship-human-resources/c2b4b74c-d786-4cab-a8d6-66b968d011dd
2813,train,https://glints.com/id/opportunities/jobs/server/a0b3a681-b199-4310-8029-ce6e3c7d1b81
2814,test,https://glints.com/id/opportunities/jobs/pramuniaga/a127f35e-4f0d-40be-964b-4a2b20745a8c
2815,train,https://glints.com/id/opportunities/jobs/operator-produksi/3316634c-b7fe-4574-9b92-a45fd20f9981
2816,test,https://glints.com/id/opportunities/jobs/kepala-produksi/13ca4a53-679f-42fa-944c-751499eed54c
2817,train,https://glints.com/id/opportunities/jobs/graphic-designer/38d7b695-92b1-4ec1-a758-10dc19e9f49a
2818,train,https://dealls.com/loker/icofr-internal-control-over-financial~pt-bank-digital-bca-bca
2819,train,https://glints.com/id/opportunities/jobs/sales-area-lampung/1f266ca3-ea63-4fe6-ba02-a2bf43f64638
2820,train,https://glints.com/id/opportunities/jobs/crm-specialist/8965dd53-a183-4833-bb43-c18fbdf3fdb9
2821,train,https://glints.com/id/opportunities/jobs/it-support/89d8a950-729c-4007-af41-98665a605cfc
2822,validation,https://glints.com/id/opportunities/jobs/customer-service/6dd34640-52c9-4bf0-924a-9263d14872db
2823,test,https://glints.com/id/opportunities/jobs/ahli-gizi/7fead2f7-4c4c-453a-9cd5-3502276e98cf
2824,train,https://glints.com/id/opportunities/jobs/admin-logistik/f14bfeeb-0e5f-40a3-8f83-13ce58265323
2825,train,https://glints.com/id/opportunities/jobs/administrasi/c62e14c7-c804-4847-80f6-55db0fc57694
2826,test,https://glints.com/id/opportunities/jobs/sales-promotor/db4a95cb-79ef-4273-bb36-727483f88336
2827,train,https://glints.com/id/opportunities/jobs/sales-promotion-girl-spg-rita-supermall-purwokerto/7f297c5a-0806-45a9-ab0a-c752dbf947da
2828,test,https://glints.com/id/opportunities/jobs/checker-gudang/1129baff-b7b3-48ce-ac74-6d25d6be544f
2829,train,https://glints.com/id/opportunities/jobs/driver-bus-penempatan-cilegon/8d8ea4a0-2193-4954-85f5-76e0d8561869
2830,train,https://glints.com/id/opportunities/jobs/staff-gudang/e511a815-780e-46b3-9207-465e0a3148c2
2831,train,https://glints.com/id/opportunities/jobs/jaga-stand-sidoarjo/8076d5a7-990a-4284-ab97-828e817fded9
2832,train,https://glints.com/id/opportunities/jobs/quality-assurance/d6e84412-51c7-42fb-a734-9ce45919427a
2833,train,https://dealls.com/loker/digital-web-support-staff~dexa-group
2834,train,https://glints.com/id/opportunities/jobs/part-time-matcharista/b185ca7e-a0cb-4ca9-9a5d-003fc4204b9c
2835,validation,https://dealls.com/loker/junior-finance-officer~cicilcoid
2836,train,https://glints.com/id/opportunities/jobs/host-live-streaming-tiktok/a0a0f1b1-b5cf-4df6-8c40-f05ad562d340
2837,train,https://dealls.com/loker/asst-delivery-delivery~pt-amerta-indah-otsuka
2838,test,https://glints.com/id/opportunities/jobs/hr-trainer/18474523-69e5-4f9e-8115-759770c99b46
2839,train,https://dealls.com/loker/staf-randd~pt-ace-wija-internasional
2840,train,https://glints.com/id/opportunities/jobs/security/afbc9f87-a22a-4425-aa81-f66871704735
2841,train,https://dealls.com/loker/magang-berdampak-ai-content-insight~vidiodotcom
2842,train,https://glints.com/id/opportunities/jobs/manager-operasional-restoran/e1bab032-936c-483d-a333-15fb63da0beb
2843,test,https://glints.com/id/opportunities/jobs/utility-technician/9e87f27a-8c34-426d-942c-741bad6b4620
2844,train,https://dealls.com/loker/it-officer-kotabumi-lampung~wings-group-indonesia-sayap-mas-utama
2845,train,https://glints.com/id/opportunities/jobs/supervisor-teknisi/417ec251-a7ca-4161-a1da-3147e9d1d243
2846,test,https://glints.com/id/opportunities/jobs/site-manager/5d383e11-6397-4f09-9223-eb669b91155a
2847,train,https://dealls.com/loker/kepala-cabang-jabodetabek~pt-bintang-pelajar
2848,train,https://glints.com/id/opportunities/jobs/marketing-operational-female/d920abde-22ba-475d-b2ab-68d8d2d74246
2849,train,https://dealls.com/loker/host-live-streaming-skincare~pt-fcl-internasional-indonesia
2850,train,https://dealls.com/loker/quality-assurance-support~anteraja
2851,train,https://dealls.com/loker/qc-staff~pt-leon-boga-sentosa
2852,train,https://glints.com/id/opportunities/jobs/staff-administrasi-coorporation/826e10ff-f0c1-492e-9ea6-7451858d53e5
2853,train,https://dealls.com/loker/sales-packaging~pt-tengen-industrial-group-indonesia
2854,train,https://dealls.com/loker/project-planner~pt-global-service-indonesia
2855,train,https://dealls.com/loker/marketing-executive-staff-1~rumah-sakit-pondok-indah-group
2856,train,https://dealls.com/loker/administrasi-5~cv-loca-rasa-nusantara
2857,validation,https://dealls.com/loker/purchasing-staff-14~rumah-sakit-pondok-indah-group
2858,train,https://glints.com/id/opportunities/jobs/waiter-waitress/665fe7a6-8797-484f-abac-d6b9f4521be5
2859,train,https://glints.com/id/opportunities/jobs/perawat/d19f4953-58b8-4927-8493-92bde1f9621d
2860,train,https://dealls.com/loker/supervisor-of-production-jakarta~pt-cs2-pola-sehat
2861,train,https://glints.com/id/opportunities/jobs/it-support/079f6cd1-6ebe-419f-a54b-fa362d921ec6
2862,train,https://glints.com/id/opportunities/jobs/quality-assurance-quality-control/dcfdd8b0-a103-4ae7-80a3-7627e780fdf3
2863,test,https://glints.com/id/opportunities/jobs/customer-service/a7b745df-e87c-47c7-abf7-db3cb7fa15e1
2864,train,https://glints.com/id/opportunities/jobs/receptionist/81f44e34-d250-4d2c-8e88-46e39e5756cd
2865,train,https://dealls.com/loker/data-analyst-intern-10~pt-cs2-pola-sehat
2866,validation,https://glints.com/id/opportunities/jobs/konsultan-pendidikan/5ade767f-96e2-47aa-8ca4-2cf164c515a5
2867,train,https://glints.com/id/opportunities/jobs/caring-territory-base-ctb-indihome/4061e87d-dd96-4368-829f-2fb3a3aed4e1
2868,validation,https://glints.com/id/opportunities/jobs/sales-representative/3aff08e2-525f-43d8-9a98-3c1f11507424
2869,train,https://dealls.com/loker/stagging-store-leader-samarinda~anteraja
2870,train,https://glints.com/id/opportunities/jobs/host-live-streamer-tiktok/25ecb5f3-33b9-44da-9f83-e3b64c8089ee
2871,train,https://dealls.com/loker/kurir-motoris~pt-kirei-wawasan-binatu
2872,train,https://glints.com/id/opportunities/jobs/social-media-specialist/3b5df7ef-5029-4f75-80c3-1254f5432415
2873,train,https://dealls.com/loker/admin-finance-staff-1~pt-qtera-mandiri
2874,train,https://dealls.com/loker/guru-2~sempoa-sip-group
2875,validation,https://glints.com/id/opportunities/jobs/crm-specialist/dad5d525-81fa-4d49-907b-7b72251beda4
2876,train,https://dealls.com/loker/sales-motoris-produk-minuman~pt-sentra-solusi-bangsa-1
2877,train,https://glints.com/id/opportunities/jobs/lowongan-kerja-guru-bahasa-jepang/42911377-3d66-472f-ab10-366fb53ee17b
2878,validation,https://glints.com/id/opportunities/jobs/crew-outlet-roti-gembung-panglima/27d2eea4-04b3-4781-988a-9019eb333756
2879,train,https://dealls.com/loker/sales-21~schoters
2880,train,https://dealls.com/loker/sr-product-development-manager~fandb-indonesia
2881,train,https://glints.com/id/opportunities/jobs/admin-officer/cb13ffae-ff8c-45b9-be78-313339c42b32
2882,train,https://dealls.com/loker/sales-representative-alkes~pt-inisiatif-semua-bisa
2883,train,https://dealls.com/loker/senior-digital-marketing-and-seo~cv-cipta-sehat-anugrah
2884,train,https://dealls.com/loker/field-credit-analyst-bandung~infinid-indonesia
2885,train,https://glints.com/id/opportunities/jobs/administrasi/25f4488c-6d46-444a-90ba-cf27e0dff21b
2886,train,https://glints.com/id/opportunities/jobs/administration-staff/3fa9dd5c-d478-4bca-aa1c-2e4981d5822c
2887,validation,https://dealls.com/loker/internship-back-end-golang-programmer~pt-qtera-mandiri
2888,train,https://glints.com/id/opportunities/jobs/content-creator/6221e5a6-e258-4d15-8345-b2bc8ee4413a
2889,train,https://dealls.com/loker/head-of-sales-and-marketing-2~bpconsultinggroup
2890,train,https://dealls.com/loker/kasir-toko-handphone-kota-manado~kharisma-potensia-indonesia
2891,train,https://glints.com/id/opportunities/jobs/penerjemah-bahasa-korea/aa16aaad-4069-45dd-9921-08722165fe6f
2892,train,https://dealls.com/loker/mobile-developer-16~pt-global-service-indonesia
2893,test,https://glints.com/id/opportunities/jobs/manager-produksi-jakarta-selatan/8b801c1a-2545-4c93-b4d3-cacb434a89ee
2894,test,https://glints.com/id/opportunities/jobs/mekanik-mesin/d976618d-f31b-40b9-9dd4-06c713b78f05
2895,validation,https://dealls.com/loker/magang-berdampak-content-partnership-intern~vidiodotcom
2896,train,https://glints.com/id/opportunities/jobs/admin/a4b92ff0-5ddc-4afc-87b7-34f1a52a5fd6
2897,train,https://glints.com/id/opportunities/jobs/quality-assurance-staff/799605d2-7cc2-43d9-9e40-50553c05bd2d
2898,validation,https://dealls.com/loker/magang-berdampak-vidio-originals-series~vidiodotcom
2899,train,https://glints.com/id/opportunities/jobs/admin-finance/42215975-e056-4ce9-a5a6-c4d11e8a73a0
2900,train,https://glints.com/id/opportunities/jobs/penjaga-toko-penempatan-di-brunei-darussalam/26a49946-3430-4c0f-bce6-001e50d635c0
2901,test,https://glints.com/id/opportunities/jobs/business-development-staff/34130c1c-3f23-4b74-975c-a405060aa257
2902,train,https://glints.com/id/opportunities/jobs/customer-service/437b81ae-5fc9-44fb-ac5c-23966834be10
2903,train,https://glints.com/id/opportunities/jobs/front-desk-receptionist/a843b9d8-786a-4df2-bacc-69078419b279
2904,train,https://dealls.com/loker/daily-worker-lobby-ambassador-hotel~kharisma-potensia-indonesia
2905,validation,https://dealls.com/loker/administration-6~pt-multicipta-persada-rekasatya
2906,train,https://glints.com/id/opportunities/jobs/sales-pakaian-dalam-makassar/2a2a6f8c-6eb6-4732-a953-fddef97e35c1
2907,train,https://glints.com/id/opportunities/jobs/host-live-streaming/1757e31d-ed05-4bbd-88ef-f763d06c4bd4
2908,test,https://glints.com/id/opportunities/jobs/crew-produksi/aeaf8f49-9045-4c6c-b037-76a3f761810b
2909,train,https://glints.com/id/opportunities/jobs/civil-engineer/638c80f2-224c-405f-a546-7c6ae308ef52
2910,train,https://glints.com/id/opportunities/jobs/operator-mesin/407359e5-79f5-4fb0-9fa8-a4ed82b45ec7
2911,train,https://glints.com/id/opportunities/jobs/admin-customer-service-cs/7da003c7-bd08-4b7f-95ea-ef3330bc5377
2912,train,https://glints.com/id/opportunities/jobs/staf-produksi/3d9d43e6-e85b-491b-a02b-87479076e5b1
2913,train,https://glints.com/id/opportunities/jobs/front-office/9e9e2381-0fbe-4afc-9572-8030f2f9c554
2914,train,https://glints.com/id/opportunities/jobs/project-manager/f8eb2bc6-03a3-4f71-a933-346009197bed
2915,train,https://glints.com/id/opportunities/jobs/crew-outlet/1111ebe6-6e2d-47c8-9ee1-2a4b713db84c
2916,train,https://dealls.com/loker/assessment-specialist-1~pt-cs2-pola-sehat
2917,test,https://glints.com/id/opportunities/jobs/assistent-designer-scarf-and-khimar/3ac29f86-5866-4681-8d41-f76c4fab7b86
2918,train,https://glints.com/id/opportunities/jobs/content-creator/ca38525e-0b51-4763-a9ef-7e4b11b803ac
2919,train,https://dealls.com/loker/admin-qc-intern~brik
2920,train,https://glints.com/id/opportunities/jobs/admin/d91ae109-6484-4422-8e21-f41142c967f5
2921,train,https://glints.com/id/opportunities/jobs/training-and-development-staff/6c80bda4-d47a-4f6c-a12c-38d7d6090f2d
2922,test,https://glints.com/id/opportunities/jobs/host-live/910ffa9d-c48b-443c-9cd3-c70d81b50df2
2923,test,https://dealls.com/loker/relationship-officer-semarang-temanggung-magelang~pt-modal-ventura-ycab
2924,train,https://glints.com/id/opportunities/jobs/checker-gudang/552307e7-f85f-404c-b38f-82dc2ffced07
2925,train,https://glints.com/id/opportunities/jobs/key-account-eksekutif/995c7fd5-17b2-4db9-8fcf-30f7e088c40f
2926,train,https://glints.com/id/opportunities/jobs/pramuniaga/295ad0e5-dcb3-4cc4-b8ac-69e21a4a6f46
2927,train,https://glints.com/id/opportunities/jobs/teknisi-alat-kesehatan-usg/c33ef679-d87c-4b88-902c-4c143a1089ff
2928,test,https://glints.com/id/opportunities/jobs/operator-sewing/4c5e9ab1-5d89-40b3-93df-e500e23e38bf
2929,train,https://glints.com/id/opportunities/jobs/admin/9400e5d7-0228-4d66-a63f-87c006344bbd
2930,test,https://dealls.com/loker/creative-media-officer-1~cfactoryco
2931,train,https://glints.com/id/opportunities/jobs/sales-manager/c797dd1f-ded7-422b-af37-f4043126a8ad
2932,train,https://glints.com/id/opportunities/jobs/barista-momoyo-plered/f1467c11-008d-4014-8ce5-301eda7b6f2e
2933,train,https://glints.com/id/opportunities/jobs/pelayan-restoran/a47fb193-b4bb-419c-8fa8-0b05342e2308
2934,train,https://glints.com/id/opportunities/jobs/koordinator-sales-motoris/8274cf9c-5c36-4f23-b98b-2daa3d77b0b2
2935,train,https://glints.com/id/opportunities/jobs/server/a3688d4f-af09-4c2d-b501-b3493cb3a329
2936,train,https://glints.com/id/opportunities/jobs/pengajar-bahasa-korea/908631db-e534-4251-87d0-e56a1477208c
2937,train,https://dealls.com/loker/human-resources-staff-1~pt-ultra-sakti-1
2938,train,https://dealls.com/loker/maintenance-technician-1~pt-trifita-perkasa-mining-services
2939,train,https://glints.com/id/opportunities/jobs/legal-officer/c6f6bcc2-3cb8-433f-9be1-5c2215213872
2940,test,https://glints.com/id/opportunities/jobs/perawat/9fe31316-68ee-4afb-9b2f-03f93f047828
2941,train,https://glints.com/id/opportunities/jobs/web-programmer-jr-mid/68ed615a-729e-48c3-8e78-afc9205aa9f1
2942,train,https://glints.com/id/opportunities/jobs/staff-administrasi/a8bf5e94-b2cd-4cc9-b08d-27f1c0958852
2943,test,https://glints.com/id/opportunities/jobs/personal-assistant-for-director-non-hijab/10131526-75e5-48f9-a877-05548d79e430
2944,test,https://glints.com/id/opportunities/jobs/data-analyst/380421d2-b715-4666-a4c9-2a83bff4fe10
2945,test,https://glints.com/id/opportunities/jobs/asisten-rumah-tangga-baby-sitter-perawat-lansia/3400283e-71ef-4770-b178-3bd60c49637d
2946,train,https://glints.com/id/opportunities/jobs/junior-it-support/e5878e7b-aa1b-4c9c-8891-6641b253cf0c
2947,train,https://glints.com/id/opportunities/jobs/seo-specialist/241ff1b0-d60f-4d18-8206-8d72180bfd1a
2948,train,https://glints.com/id/opportunities/jobs/kepala-dapur/80be3b47-998a-46c6-b260-8d9852660cb8
2949,test,https://glints.com/id/opportunities/jobs/kol-specialist/179183bc-6a3c-41b3-96a3-b34e98dea808
2950,train,https://glints.com/id/opportunities/jobs/telesales/ee186d77-ec24-44dc-83c4-c363fb0c79e2
2951,train,https://dealls.com/loker/sales-agent-2~kharisma-potensia-indonesia
2952,test,https://glints.com/id/opportunities/jobs/team-leader/0dfbd4ea-c49a-4260-b1da-3d3b7d195444
2953,validation,https://glints.com/id/opportunities/jobs/customer-service/cf33589f-b226-440a-9b0f-4a7b41de1c2a
2954,validation,https://glints.com/id/opportunities/jobs/sales-advisor-samarinda/8137b218-46b6-485d-8d48-2af383b0f927
2955,test,https://glints.com/id/opportunities/jobs/warehouse-helper/267284d1-4c34-454b-9476-523cec2a1768
2956,train,https://dealls.com/loker/warehouse-section-head~pt-indofood-1
2957,train,https://glints.com/id/opportunities/jobs/maintenance/3da587f6-79a3-4781-bd50-e685d0fcc825
2958,test,https://glints.com/id/opportunities/jobs/contact-center-agent/5c201368-3f57-4e3f-8de5-0a7e6c8c2367
2959,validation,https://glints.com/id/opportunities/jobs/staff-operasional/6450b10b-05c3-485a-b3a7-3f85d2899537
2960,validation,https://glints.com/id/opportunities/jobs/admin-gudang/2e51d57d-1b14-42f9-8f5b-46ac4d40902f
2961,train,https://glints.com/id/opportunities/jobs/admin-staff/b931a14b-257c-44fc-947c-d5b39c79a064
2962,validation,https://glints.com/id/opportunities/jobs/sales-executive/fc19c014-a2b6-41d5-aadc-df1a113c185b
2963,train,https://dealls.com/loker/magang-berdampak-sports-curation-and~vidiodotcom
2964,train,https://glints.com/id/opportunities/jobs/storeman/3d0fb2cf-1fc0-4d10-b760-236770ad3eef
2965,train,https://glints.com/id/opportunities/jobs/kol-specialist/0de1efa9-3666-4b8a-9ef5-5c97adbaee25
2966,train,https://glints.com/id/opportunities/jobs/desk-collection/e13869cf-00ea-4648-ba26-9a6716363221
2967,train,https://glints.com/id/opportunities/jobs/admin-fakturis/e5d512fc-1819-4f77-86e4-3f9610c49f51
2968,validation,https://glints.com/id/opportunities/jobs/general-admin/1c9ef8f2-fc16-4d2b-af10-afdeeac063aa
2969,train,https://glints.com/id/opportunities/jobs/production-staff/a4a406fe-9e6c-42c8-9a20-2b20bbadc445
2970,train,https://glints.com/id/opportunities/jobs/staff-security/a56e0e9a-7ef5-40fd-be8a-aa20c9fe00bd
2971,train,https://glints.com/id/opportunities/jobs/drafter-3d/bed8ca5b-5f04-41aa-9003-b48490ae5ddf
2972,train,https://glints.com/id/opportunities/jobs/sales-consultant/e8766e5d-cea1-4378-9ff7-7cacced94f52
2973,train,https://glints.com/id/opportunities/jobs/cs-marketplace/8dad3a3c-decf-4a6a-b556-398f4e941f18
2974,train,https://glints.com/id/opportunities/jobs/bar-helper/299a4a64-640c-4123-a4c2-fda840853c94
2975,validation,https://glints.com/id/opportunities/jobs/security-officer/e5b9fe9c-0147-4dc9-b3f7-a8cb5bedabdd
2976,train,https://dealls.com/loker/dosen-pariwisata-culinary-major-1~universitas-ciputra-surabaya
2977,train,https://glints.com/id/opportunities/jobs/kasir-and-waiter/bd7d87b5-c261-4757-a6f9-d4ef4a02e463
2978,test,https://glints.com/id/opportunities/jobs/sales-online-iphone/555fa9b3-74ed-4d2c-963c-4a1191152e11
2979,test,https://glints.com/id/opportunities/jobs/video-production-staff/9c1a5c7d-c9a7-4b0b-92bd-7d1280edb642
2980,validation,https://glints.com/id/opportunities/jobs/staff-toko-kacamata-asro/eb0e512f-2930-4899-95ef-ee11f579ab0e
2981,test,https://glints.com/id/opportunities/jobs/admin-pod-exim/b34f5c05-6da6-4ae3-bcb6-0635000edb3d
2982,train,https://glints.com/id/opportunities/jobs/kepala-pool/1727388d-c6a5-4351-9fa7-d5fafa96d511
2983,validation,https://glints.com/id/opportunities/jobs/cashier-store/3a5bf18c-3602-4845-bde9-29069bd7218a
2984,train,https://glints.com/id/opportunities/jobs/operasional-support/6cf0f69b-b17f-44aa-ae90-fe2c029388bc
2985,validation,https://glints.com/id/opportunities/jobs/social-media-specialist/6e09ad65-6968-4781-9c67-14c45a26b1ce
2986,validation,https://glints.com/id/opportunities/jobs/digital-marketing/7a5303ab-7628-4c36-aa24-1dd8371eedcf
2987,train,https://glints.com/id/opportunities/jobs/resepsionis/69a954ca-23ca-4cbd-8f62-27fe809ea0b2
2988,test,https://glints.com/id/opportunities/jobs/marketplace/02d0a555-f1aa-475c-9386-8f1204634eb4
2989,train,https://glints.com/id/opportunities/jobs/remedial-collection-officer-cab-bandar-lampung/e305b8f2-3e29-49bd-b6f1-9855b7b443ad
2990,train,https://glints.com/id/opportunities/jobs/customer-service/637d23c3-b438-4d9f-9436-9608c13a678a
2991,test,https://glints.com/id/opportunities/jobs/staff-audit/5b75e447-1f0e-4e14-9180-cbccafc93a4c
2992,train,https://dealls.com/loker/sales-executive-corrugated-carton-jabodetabek~pt-cs2-pola-sehat
2993,train,https://glints.com/id/opportunities/jobs/design-jersey-sublimasi/ad9bd3a4-ef0d-4852-85c5-54f787574e0e
2994,train,https://glints.com/id/opportunities/jobs/operator-produksi/6f09ea51-a608-43ab-80ed-5ed968635a96
2995,train,https://dealls.com/loker/community-officer-lampung-one-day~btpn-syariah
2996,train,https://glints.com/id/opportunities/jobs/general-manager/d18d8916-b28e-44b4-a6e8-860dbee460fc
2997,train,https://glints.com/id/opportunities/jobs/kepala-divisi-kasir/8fc3489b-07f0-47f1-bd2d-f0a266ac80a3
2998,train,https://glints.com/id/opportunities/jobs/staff-ga/701045d5-25e5-461b-ba44-49ede6190e77
2999,train,https://dealls.com/loker/housekeeping-hotel-area-jakarta~kharisma-potensia-indonesia
3000,train,https://glints.com/id/opportunities/jobs/host-live-streaming/8982d12a-d9a1-40fe-a5e5-045e4336008e
3001,validation,https://glints.com/id/opportunities/jobs/supervisor-admin/88cba52a-5595-40ca-85ab-072fcc3c8c57
3002,train,https://dealls.com/loker/accounting-analyst-4~astra-international
3003,train,https://glints.com/id/opportunities/jobs/business-development/9fc9f414-fe2d-4fe5-8fe7-2371435ed685
3004,train,https://glints.com/id/opportunities/jobs/host-live-streaming/738cdc63-a9d5-4ec8-b761-60cbc7f85d71
3005,train,https://glints.com/id/opportunities/jobs/ppic-staff-production-planning-and-inventory-control/4796f8f1-0dc5-4e40-a5b8-f4deb1d80ae1
3006,train,https://glints.com/id/opportunities/jobs/kepala-divisi-kasir/d00c369d-a5fb-44cc-9224-f10355f52c3a
3007,train,https://glints.com/id/opportunities/jobs/dosen-farmasi/8407ca8b-66bb-4e09-8c66-38984cdc1a79
3008,test,https://glints.com/id/opportunities/jobs/salesman/5e0d4ffa-f6fd-40ab-955c-8a30f47b25a6
3009,train,https://dealls.com/loker/formulator-2~pt-global-jaya-ultime
3010,train,https://glints.com/id/opportunities/jobs/admin-sales/ba8f1129-a71c-43fc-817a-e337016f25ba
3011,train,https://glints.com/id/opportunities/jobs/cost-estimator/038fc241-e418-45b1-9cd8-8c05c8d2105a
3012,test,https://glints.com/id/opportunities/jobs/tenant-relation-staff/9d472689-9bf4-43e7-8cc1-4f245bea002f
3013,test,https://dealls.com/loker/l2-support-engineer-1~bringin-inti-teknologi
3014,train,https://glints.com/id/opportunities/jobs/staff-produksi-and-engraving/45f238d8-c632-4251-ae00-846c72db8cf9
3015,train,https://glints.com/id/opportunities/jobs/produksi/c0127067-7384-4aac-be18-39efd977802d
3016,train,https://glints.com/id/opportunities/jobs/freelance-business-data-analyst/3779574e-4e23-40ee-9b44-9a5ee1b99bb0
3017,train,https://glints.com/id/opportunities/jobs/telemarketing/1918835b-f8a3-4ab5-9b19-1f923578ec51
3018,validation,https://glints.com/id/opportunities/jobs/ibu-asrama/045cfa5e-8a2f-4643-8be4-4021a996d83e
3019,train,https://glints.com/id/opportunities/jobs/office-boy-and-helper-warehouse/5651b684-4f7a-4a0b-91a2-f9586d33e98e
3020,train,https://glints.com/id/opportunities/jobs/staff-produksi-provider/34503c9b-4df5-49f0-9191-13e7ce15f53a
3021,train,https://glints.com/id/opportunities/jobs/karyawati-outlet/849e54b7-d9dd-4ba7-9a32-45d15c84bc57
3022,train,https://glints.com/id/opportunities/jobs/teknisi-fiber-optic/f5beac1a-66fd-470e-b565-49d72c6bc727
3023,train,https://glints.com/id/opportunities/jobs/mechanical-engineering-and-plumbing/759e205f-d197-4a34-988f-cb5d79d6ad9c
3024,train,https://glints.com/id/opportunities/jobs/teknisi-handphone/34ce0de5-52dd-49fe-bfaf-5f0fe085eb84
3025,train,https://glints.com/id/opportunities/jobs/host-live-streaming/4611bcc9-d870-48ce-881d-456d35754c35
3026,train,https://glints.com/id/opportunities/jobs/teller-junior/3317493c-2637-4acd-9c67-31f5c72bf3dc
3027,train,https://glints.com/id/opportunities/jobs/petugas-kebersihan-cleaning-service/2864f050-5f29-4753-b199-c44b6e76ee9e
3028,train,https://glints.com/id/opportunities/jobs/production-staff/704a1134-d74f-440f-bf91-06c67dce535b
3029,train,https://dealls.com/loker/chief-security~tpm-group-1
3030,train,https://dealls.com/loker/production-management-staff-utpe~pt-united-tractors-pandu-engineering
3031,train,https://glints.com/id/opportunities/jobs/teknisi-komputer/af88c04e-dc77-4ae7-8abe-66fab9e53704
3032,train,https://dealls.com/loker/procurement-staff-16~biznet-pt-supra-primatama-nusantara
3033,train,https://glints.com/id/opportunities/jobs/operator-produksi/d4d328a2-84ae-4ef4-8f43-1f01e0a3b73c
3034,train,https://glints.com/id/opportunities/jobs/sablon-dan-printing/8a099c00-62b4-4970-a7d8-91cf25db8de9
3035,test,https://glints.com/id/opportunities/jobs/manager-finance-and-tax/997315bb-a55c-4e89-9dd4-eb3238f34808
3036,train,https://glints.com/id/opportunities/jobs/video-content-creator/9a41bc94-589c-4710-8ba2-4ae7cbd5d128
3037,train,https://glints.com/id/opportunities/jobs/seo-specialist/e3d60be3-1379-421e-9fe0-7796cb82d567
3038,train,https://glints.com/id/opportunities/jobs/system-analyst/dd818e0d-27a7-499a-a000-8ab9bdef86bc
3039,train,https://glints.com/id/opportunities/jobs/operator-forklift-reach-truck/c6fe55d1-bdce-4705-988a-f9ef078d31bf
3040,validation,https://glints.com/id/opportunities/jobs/staff-outlet-pang-waffle-cabang-living-plaza-jababeka/10b6f77d-f85e-416b-a9af-483ae90c1183
3041,train,https://glints.com/id/opportunities/jobs/staff-event/142e5f45-8430-4751-acb6-eed8c186f23f
3042,train,https://glints.com/id/opportunities/jobs/crew-store/bf74e230-2ccf-4c70-afb4-f3cff9f21960
3043,validation,https://glints.com/id/opportunities/jobs/finance-and-accounting/d5685801-361d-4439-a263-bab6139548cc
3044,train,https://glints.com/id/opportunities/jobs/digital-marketing-staff/d65926a3-9721-4bea-89c4-9150829d6da7
3045,test,https://glints.com/id/opportunities/jobs/admin/45428e31-f22b-4538-960f-5b833390fbb8
3046,train,https://glints.com/id/opportunities/jobs/staff-pembelian/6ebc8cd1-1173-478f-9513-55cb513f9343
3047,test,https://glints.com/id/opportunities/jobs/team-leader/0bf23f19-4b8b-489e-91ca-e72984b76cd4
3048,train,https://glints.com/id/opportunities/jobs/desk-collection/ccbd696e-7b3c-40ca-a408-4bb4b72c3e8f
3049,train,https://glints.com/id/opportunities/jobs/technical-support-sungai-penuh/f6c360c5-cee5-42cb-86a6-95fc7bdda855
3050,train,https://glints.com/id/opportunities/jobs/content-creator/aca93d33-865f-4461-92b4-3d7eda8b942d
3051,test,https://glints.com/id/opportunities/jobs/driver/88b226ad-20fa-4ba0-9bda-ed3b6ba6f7e6
3052,train,https://glints.com/id/opportunities/jobs/telesales/9ada5ada-34ad-40ad-b2c1-0f9a0de60cfd
3053,train,https://glints.com/id/opportunities/jobs/content-creator/55a84550-3923-4ddf-b5e6-36460cfd3959
3054,train,https://glints.com/id/opportunities/jobs/staff-accounting-and-tax/4d09e78a-ec57-4a55-bb08-d8209899cdaa
3055,train,https://glints.com/id/opportunities/jobs/pramuniaga/16d319c6-5627-44f7-99df-9c4f9cc6d919
3056,train,https://glints.com/id/opportunities/jobs/sales-executive/2c203605-ed85-4b96-b485-ab52d7a2e655
3057,train,https://glints.com/id/opportunities/jobs/crew-store-sushikun-tuban/0a289c13-da2f-4733-aa56-4b099217e01f
3058,train,https://glints.com/id/opportunities/jobs/barista/dd7759e7-5f2f-47b1-82c6-890cb5891855
3059,train,https://glints.com/id/opportunities/jobs/admin-it/aefe5d4c-f266-40cf-be0b-bdf1f8e09dec
3060,train,https://glints.com/id/opportunities/jobs/marketing-project/9dd9f3cc-7b3a-48b7-aed4-aed3b79f0e58
3061,train,https://glints.com/id/opportunities/jobs/data-engineer/f8594970-c233-4873-9c68-73357c53f569
3062,validation,https://glints.com/id/opportunities/jobs/make-up-artist-mua-selebriti/5b23fbd8-9204-4172-84be-c8fab77240d7
3063,test,https://glints.com/id/opportunities/jobs/cleaning-service-part-time/5727717a-c374-4af2-83d0-c8037ea98235
3064,train,https://glints.com/id/opportunities/jobs/project-manager/24155150-9775-4102-a9f9-b9919cf2e9e7
3065,test,https://glints.com/id/opportunities/jobs/staff-r-and-d/a4a918ca-c3a5-4e5a-81c0-0ce946d3e4d6
3066,train,https://glints.com/id/opportunities/jobs/editor/fa1bcb39-0b45-49e1-9b15-175b62f5468a
3067,train,https://glints.com/id/opportunities/jobs/ppic-staff/7ccdf144-f3ee-4526-ac42-0da902d3f468
3068,train,https://glints.com/id/opportunities/jobs/kepala-produksi/809bb028-fce5-447e-97c8-a88114f1c107
3069,train,https://glints.com/id/opportunities/jobs/admin-online-shop/741c76ba-e0b4-4111-844f-2e3eaa45d026
3070,train,https://glints.com/id/opportunities/jobs/telemarketing/7e91c48e-74da-472f-ab12-dcdeb02769c7
3071,train,https://glints.com/id/opportunities/jobs/cafe-and-cuci-motor/f81aee62-4f07-42c3-b780-9245fe90641f
3072,validation,https://glints.com/id/opportunities/jobs/finance-staff/451dd7b3-40dc-483c-b797-16650ea4d110
3073,validation,https://glints.com/id/opportunities/jobs/customer-service/abaec03f-c09b-43d2-9570-a445565ce781
3074,train,https://glints.com/id/opportunities/jobs/operator-produksi/7693021f-c6e0-4173-9a62-2db28c24fe97
3075,train,https://glints.com/id/opportunities/jobs/kasir/683d7b77-c815-47ed-8298-f9174fbd4b59
3076,train,https://glints.com/id/opportunities/jobs/content-creator/a8e95feb-c054-4036-9c5e-800b3fb3ba25
3077,train,https://glints.com/id/opportunities/jobs/staff-quality-control/b7552f33-84cb-476a-a267-466378e6e74d
3078,validation,https://glints.com/id/opportunities/jobs/spesialis-payroll/e2a382fa-c14a-4422-85da-799bee09f400
3079,train,https://glints.com/id/opportunities/jobs/operator-industrial-engineering/bc57877e-28a8-40c0-9614-f6c4edc67dd1
3080,validation,https://glints.com/id/opportunities/jobs/teknisi-bangunan/f2cf9341-1ebf-42ee-a17e-428dc121456b
3081,train,https://glints.com/id/opportunities/jobs/dispatcher/2a4e1a65-66a7-4e70-8bc6-84ef37183ba1
3082,train,https://glints.com/id/opportunities/jobs/crew-store/cedd9416-34f1-4f9e-b5c4-19798cff880f
3083,train,https://glints.com/id/opportunities/jobs/telemarketing/dfd8210d-2498-4b9c-b93f-9185db0cdc33
3084,train,https://glints.com/id/opportunities/jobs/fisioterapis/de548c33-0713-4ee0-9fe4-8892ae0077b3
3085,test,https://glints.com/id/opportunities/jobs/graphic-designer/3ecf49bb-4f2e-49c7-9bea-4b57c9403b76
3086,train,https://glints.com/id/opportunities/jobs/social-media-specialist/9ab4ae18-0cee-4bf4-a571-954eee6cc7c1
3087,train,https://glints.com/id/opportunities/jobs/it-developer-and-programmer/ea8c4320-a177-4665-8bf3-05afa1a48363
3088,train,https://glints.com/id/opportunities/jobs/life-streaming/2276cf58-14db-4e58-b88e-e4fc1512a96c
3089,train,https://glints.com/id/opportunities/jobs/admin/7b8061ee-5171-45e9-8e29-c6b2d6addcfc
3090,train,https://glints.com/id/opportunities/jobs/product-designer/b098682c-c2ed-4c5b-90e3-43b8bcb3db15
3091,test,https://glints.com/id/opportunities/jobs/r-and-d-staff/b9fc6ef6-59b2-46c8-822b-b082c6235ab6
3092,train,https://glints.com/id/opportunities/jobs/sosial-media-spesialis/8c32ec5f-40c2-42e7-8c2c-2d7a7d5c7c35
3093,train,https://glints.com/id/opportunities/jobs/marketing-communication-manager/c73f544d-e739-4f51-92b1-09eb1a30c950
3094,train,https://glints.com/id/opportunities/jobs/general-affair-supervisor/32f5353b-4d91-4d66-a50e-60c093a67c78
3095,train,https://glints.com/id/opportunities/jobs/admin-monitoring/9fb0457e-2abd-4c61-9f17-88939f3ba522
3096,train,https://glints.com/id/opportunities/jobs/it-software-development-staff/fc5a0d68-5b87-4deb-a891-3dafa5b6d099
3097,train,https://glints.com/id/opportunities/jobs/sales-promotor/cd968caf-ce5f-48e6-b911-171448b02c36
3098,test,https://glints.com/id/opportunities/jobs/pramuniaga/5bb7bb5b-c383-49a0-bddf-ea097b747f91
3099,train,https://glints.com/id/opportunities/jobs/drafter-arsitektur/1552386a-e174-41ca-96f1-ec984aa222a5
3100,train,https://glints.com/id/opportunities/jobs/staff-produksi-souvenir-wanita-shift-malam/cf9079b8-af20-43cb-a42a-d7c3587aba09
3101,train,https://glints.com/id/opportunities/jobs/account-executive/12927dfc-33e6-4cce-893e-9ccdbae4346e
3102,train,https://glints.com/id/opportunities/jobs/multimedia/b0faf95a-07c6-4b1c-877d-17dea424ec2e
3103,train,https://glints.com/id/opportunities/jobs/field-collection/a9267f51-ccae-47ff-a08c-ac9cfd54a02c
3104,train,https://glints.com/id/opportunities/jobs/event-marketing-specialist/0ce9720b-db0e-4cdf-abbd-be75ad5c3111
3105,train,https://glints.com/id/opportunities/jobs/graphic-designer/ff009de0-14fc-4860-80cf-54f80093b532
3106,validation,https://glints.com/id/opportunities/jobs/follow-up-staff/44b4795a-b016-4b8d-9cd8-85b1c2f91ab5
3107,test,https://dealls.com/loker/customer-service-50~papandayan-cargo
3108,train,https://glints.com/id/opportunities/jobs/f-and-b-manager/c192f44a-8dfb-4d82-b265-3b5a6b462835
3109,train,https://glints.com/id/opportunities/jobs/pengajar-kedinasan-domisili-lombok-tengah/68f66ab5-9fd4-49a6-bcc4-8920ec83e0ca
3110,train,https://glints.com/id/opportunities/jobs/sales-promotor/76bc4161-081c-4934-a886-8fdd23a91212
3111,train,https://glints.com/id/opportunities/jobs/product-owner/86e19bba-29e5-4b7b-95e3-8e256030b77d
3112,validation,https://dealls.com/loker/business-development-manager-35~pt-onda-mega-integra
3113,train,https://dealls.com/loker/manajer-pendidikan~iblam-school-of-law%26hl%3Den%26sl%3Did%26tl%3Den%26client%3Dsearch
3114,test,https://glints.com/id/opportunities/jobs/customer-service/8a5d9bc4-78d2-4f49-937f-10b8eef22328
3115,train,https://dealls.com/loker/shift-lead~pt-nusantara-ekpres-kilat
3116,train,https://glints.com/id/opportunities/jobs/operator-cnc/6e126c62-dc1f-4b50-98c8-716c5fc5eafe
3117,validation,https://glints.com/id/opportunities/jobs/management-trainee/2f9341ca-2476-454f-ba1a-dd7ccecaa768
3118,train,https://dealls.com/loker/driver-13~pt-communication-cable-systems-indonesia
3119,train,https://glints.com/id/opportunities/jobs/sales-agent/e6414c14-79ad-4d87-958f-48999abc60ae
3120,train,https://glints.com/id/opportunities/jobs/marketing-operational-female/83fb776a-c0e4-4c80-8519-47d3c195fb98
3121,train,https://glints.com/id/opportunities/jobs/public-relations/83c21318-55d0-44f6-bcec-936fca147d26
3122,train,https://glints.com/id/opportunities/jobs/operator-produksi/e380a772-e4ae-421d-8e20-ed982c7aa072
3123,train,https://dealls.com/loker/shift-leader-of-production-lamination~pt-cs2-pola-sehat
3124,test,https://dealls.com/loker/collaboration-and-global-engagement-officer~universitas-ciputra-surabaya
3125,train,https://glints.com/id/opportunities/jobs/driver-truck-mixer/1aa2bf7c-51da-403a-968a-d26e18b5e1cd
3126,train,https://glints.com/id/opportunities/jobs/driver-loper-motor-dan-mobil-perbantuan-puasa/39051b4e-9e52-4c2d-94e4-736a83e08b1b
3127,train,https://dealls.com/loker/driver-green-sm-jabodetabek~pt-inisiatif-semua-bisa
3128,train,https://glints.com/id/opportunities/jobs/sales-promotor/b1d35874-dae3-47a5-9b0a-56699c2fb070
3129,train,https://glints.com/id/opportunities/jobs/multimedia/96b2ced8-ad79-4d38-8cd0-bd3602d28dce
3130,train,https://glints.com/id/opportunities/jobs/kasir/3c1b2642-12f2-48f1-8ea3-44974c286eaf
3131,train,https://dealls.com/loker/host-live-inhouse-full-time-1~momelca
3132,train,https://dealls.com/loker/finance-manager-23~anugrah-konsultasi-bisnis-indonesia
3133,test,https://glints.com/id/opportunities/jobs/admin-gudang/39085135-bdd0-42c3-882b-7ca45d1a9511
3134,train,https://glints.com/id/opportunities/jobs/staff-produksi/f9a38214-31a0-4b06-9e59-7288d653d974
3135,train,https://glints.com/id/opportunities/jobs/management-trainee/bfbd7cf1-aae5-4a40-a598-86d838f8d514
3136,train,https://dealls.com/loker/accounting-37~rs-islam-sari-asih%26hl%3Den%26sl%3Did%26tl%3Den%26client%3Dsearch
3137,validation,https://glints.com/id/opportunities/jobs/receptionist-hotel/daee2c5c-a6a4-4ace-8578-168fc58e124c
3138,validation,https://glints.com/id/opportunities/jobs/staff-pramuniaga-floor/0eb8063a-6ca8-40a7-826d-d13e6ad48a01
3139,train,https://glints.com/id/opportunities/jobs/kasir/bc68bf40-ebf1-4120-b664-1761358ce56f
3140,train,https://glints.com/id/opportunities/jobs/asisten-chef/9d22b291-d382-4bfa-a58f-a13c98b83701
3141,train,https://glints.com/id/opportunities/jobs/ppic-production-planner/dadc40e4-99b7-4590-b669-8ce8582ec060
3142,train,https://glints.com/id/opportunities/jobs/e-commerce-specialist/1e5e0314-55d5-44a3-89a9-ea9a6494d4f4
3143,train,https://glints.com/id/opportunities/jobs/admin-sosial-media-dan-e-commerce/4d896b94-68d6-453d-bc3b-fd23d149d902
3144,train,https://glints.com/id/opportunities/jobs/admin-operasional/e8727dad-28a4-4bc7-bfb9-074a0ae4ec26
3145,train,https://glints.com/id/opportunities/jobs/kol-specialist/72fc0150-ff2e-416d-b2e1-0ef881f1fcb7
3146,test,https://glints.com/id/opportunities/jobs/admin-domisili-bali/ecc97ca6-59cb-4a8a-ae79-3920d4b40263
3147,train,https://glints.com/id/opportunities/jobs/sales-manager-horeca/5cad53ff-cb80-4c0e-a050-cad1b32083ec
3148,validation,https://dealls.com/loker/admin-intern-5~pt-onda-mega-integra
3149,train,https://glints.com/id/opportunities/jobs/safety-officer/7ee7431f-f9e3-4096-943e-6a501ab2f32a
3150,train,https://glints.com/id/opportunities/jobs/fashion-designer/03db837b-3daf-4355-b8e2-ba96ce6922d4
3151,train,https://glints.com/id/opportunities/jobs/staf-accounts-representative/3a840ef0-a5f7-453f-9751-1f970c61a99c
3152,train,https://dealls.com/loker/sales-24~pt-plaza-auto-prima
3153,train,https://dealls.com/loker/digital-marketing-and-growth~assistx
3154,train,https://glints.com/id/opportunities/jobs/accounting-supervisor/8da1228a-06b7-4de1-8768-2c993f446c3e
3155,train,https://glints.com/id/opportunities/jobs/sales-noo-area-malang/7967b483-8a12-4db9-9802-603fbb645459
3156,train,https://glints.com/id/opportunities/jobs/content-creator/054932ce-eb46-44c2-b289-3bd30ec5176c
3157,train,https://glints.com/id/opportunities/jobs/estimator/5a7cf268-e5d8-457a-8a19-9daa6b79ba0f
3158,train,https://glints.com/id/opportunities/jobs/operator-cnc/ae816b6c-332a-4aae-ba6c-a4cd1ffec4ac
3159,train,https://glints.com/id/opportunities/jobs/administrasi/c41d2e9c-3cc9-4d1d-9757-75850ec4b98d
3160,train,https://dealls.com/loker/qa-engineer-staff~pt-cs2-pola-sehat
3161,validation,https://glints.com/id/opportunities/jobs/it-and-system-staff/6ba3cec9-fd37-4682-9694-e75ea247b3fb
3162,test,https://glints.com/id/opportunities/jobs/teknisi-mesin-edc/1a228444-72e7-4cd5-b7bc-a2fae1760e28
3163,test,https://glints.com/id/opportunities/jobs/medical-representative/1e2da14f-8bb7-4300-9ca5-0b254bea2a89
3164,train,https://glints.com/id/opportunities/jobs/wordpress-developer/2b5704f0-f99c-4f93-9a30-b79393b2f467
3165,train,https://glints.com/id/opportunities/jobs/research-and-development-supervisor/5954a943-b891-4601-b222-056bbda8032a
3166,train,https://glints.com/id/opportunities/jobs/customer-service/c48afc21-af04-44db-903b-df2279d2fa4e
3167,train,https://glints.com/id/opportunities/jobs/quality-assurance/adc13b16-75d4-4ad7-a9f5-64a5685637ba
3168,train,https://glints.com/id/opportunities/jobs/digital-marketing-specialist/9b0c02d9-09d7-4932-b042-3eccc37dcad8
3169,validation,https://glints.com/id/opportunities/jobs/customer-service/2e90b7b6-6c47-429f-9c9f-62676c507829
3170,validation,https://glints.com/id/opportunities/jobs/admin-operasional/197bc73e-b38f-45e7-a79d-d6b3b6e88996
3171,validation,https://glints.com/id/opportunities/jobs/kurir-motor-astro/90404af1-8b98-4b66-97c0-9901a5c1b5d1
3172,train,https://dealls.com/loker/validation-officer~dexa-group
3173,test,https://glints.com/id/opportunities/jobs/finishing/337c09bc-3419-469a-bb00-b3177e2d3ca4
3174,train,https://glints.com/id/opportunities/jobs/guru-tk/353dd9c1-b502-49df-9983-d855399d7791
3175,train,https://glints.com/id/opportunities/jobs/admin-warehouse/a06ba8c4-2d5f-4a43-95f7-7b6ab3faddd3
3176,train,https://glints.com/id/opportunities/jobs/helper-mekanik/5e31de74-076d-4090-a860-99e6a3979523
3177,validation,https://glints.com/id/opportunities/jobs/general-affair-staff/307961d0-63c0-4f08-acec-943168cecebc
3178,train,https://glints.com/id/opportunities/jobs/admin-packing/e22db067-4975-4a9b-b814-c01c186e8357
3179,train,https://glints.com/id/opportunities/jobs/spg-spb-toko-mall-jakarta/413ecc67-71c9-4df5-b5a1-69ba645c9647
3180,validation,https://glints.com/id/opportunities/jobs/manager-accounting/354ad292-1ba4-4f01-b176-1bb08eb07ed4
3181,train,https://glints.com/id/opportunities/jobs/surveyor-gedung/214a49f9-2a8f-4918-837f-cdeb774f300e
3182,train,https://glints.com/id/opportunities/jobs/general-cashier/c91a5b5e-d5f1-4ddf-84a7-b959c5c477bd
3183,train,https://dealls.com/loker/desk-collection-8~pt-mitra-pelita-terangi-bangsa%26hl%3Den%26sl%3Did%26tl%3Den%26client%3Dsearch
3184,validation,https://glints.com/id/opportunities/jobs/crew-warehouse/af638830-c885-4d39-8459-a43c5a47a869
3185,train,https://dealls.com/loker/docter-spesialis-anak~rs-islam-sari-asih
3186,train,https://glints.com/id/opportunities/jobs/operator-gudang/ea9922ef-28c5-4ed8-8399-bc3929053da0
3187,train,https://glints.com/id/opportunities/jobs/operator-mesin-printing-wajib-bisa-corel/73504042-ec2d-4750-88a6-db98452a272b
3188,train,https://glints.com/id/opportunities/jobs/account-executive/5f86e28b-4950-4271-aea3-c6c55e0e1fe2
3189,train,https://glints.com/id/opportunities/jobs/chef/ce56eeed-8baf-42f3-93bc-855eb07c0151
3190,test,https://glints.com/id/opportunities/jobs/business-development/7cbaf706-9db8-4433-860a-018de2761c5e
3191,train,https://glints.com/id/opportunities/jobs/staff-accounting/a0162a67-16a3-4c0b-b1f0-b699af88c550
3192,train,https://glints.com/id/opportunities/jobs/car-driver-freelance-trac-indorent/930eaf5d-e915-417f-a59f-179c060afdbb
3193,train,https://glints.com/id/opportunities/jobs/kepala-depo/04029568-f3f5-4a47-ad36-96fa248e988b
3194,train,https://glints.com/id/opportunities/jobs/brand-manager/a04cc7e8-44a9-474a-8fb1-0a9578dfb8f3
3195,test,https://glints.com/id/opportunities/jobs/desk-collection/d56f1117-d4ab-4cc5-9c9b-69fda3e0a751
3196,train,https://glints.com/id/opportunities/jobs/operator-produksi/dd09a842-e60d-45db-8f26-9267296e83aa
3197,test,https://glints.com/id/opportunities/jobs/admin-maintenance/65151f82-5614-4e22-a56a-0a72d46d0b65
3198,train,https://glints.com/id/opportunities/jobs/bar-staff/c466ca5d-4773-44e1-90d2-88f467973e74
3199,train,https://glints.com/id/opportunities/jobs/bidan-profesi/ee977f15-06be-40ff-aae0-32027ff04c86
3200,test,https://glints.com/id/opportunities/jobs/supir-angkutan-umum/1d048175-c707-4c56-9a69-b8ff41a81d94
3201,validation,https://dealls.com/loker/affiliate-expert~cv-cipta-sehat-anugrah
3202,train,https://glints.com/id/opportunities/jobs/software-developer/7f2f1543-f9d5-4dd9-8ac6-fc180ed8a679
3203,validation,https://glints.com/id/opportunities/jobs/quality-control/3e92aa2f-5374-46aa-be01-745297656f7a
3204,train,https://glints.com/id/opportunities/jobs/product-graphic-designer/fb070c35-43f6-4213-803a-9c3b5e79b21c
3205,train,https://glints.com/id/opportunities/jobs/casual/1d4a94f9-31e3-4d25-94f4-08f6ed92f2fb
3206,train,https://dealls.com/loker/collection-intern-1~anteraja
3207,test,https://dealls.com/loker/desain-grafis-3~pt-braga-jaya-konstruksindo-1
3208,validation,https://glints.com/id/opportunities/jobs/staff-selection-recruitment-staff/6c05182f-87d5-47f2-90c9-a8fde57835d1
3209,train,https://glints.com/id/opportunities/jobs/pest-control/8403b612-eba8-4973-9f18-d544dbea603b
3210,train,https://glints.com/id/opportunities/jobs/desk-collection/36bec49c-a858-46e5-93d4-bdf3fdb6c02a
3211,validation,https://glints.com/id/opportunities/jobs/promotor-provider-xlsmart-area-lumajang/5b953200-97f8-427a-8a07-86c8a98d3fdc
3212,train,https://dealls.com/loker/community-and-event-development-intern-1~adira-finance
3213,train,https://glints.com/id/opportunities/jobs/sales-canvaser-lpi-depok/b2ac23d7-1fbf-430b-b6a1-60956cbc5991
3214,train,https://glints.com/id/opportunities/jobs/operator-mixing/d5bcd1d7-d040-4fdd-8e23-0e751c00c5f5
3215,validation,https://glints.com/id/opportunities/jobs/desk-collection/cdd8087f-bf56-468d-9bf0-0e3508ba0a65
3216,train,https://glints.com/id/opportunities/jobs/social-media-specialist/d5757c00-b20b-471a-afa5-e166b0a9d506
3217,train,https://glints.com/id/opportunities/jobs/mandor-supervisor-pengawas-dumptruck-alat-berat/6fe0555e-b626-416e-8aac-1159bbe88bb1
3218,train,https://glints.com/id/opportunities/jobs/operator-produksi/0fb16b25-a3df-47ee-a16f-e0bba362ad69
3219,train,https://glints.com/id/opportunities/jobs/supervisor-qa/09f2e216-845e-4db1-b8f6-adfffd1d9eff
3220,train,https://glints.com/id/opportunities/jobs/operator-sewing/81757de2-09a4-4548-8456-0e24acdc5103
3221,train,https://glints.com/id/opportunities/jobs/process-engineer/2c08000d-58d7-4cd0-a999-7fa4ec300328
3222,train,https://glints.com/id/opportunities/jobs/operator-produksi-kemasan-makanan/3f93316f-1ae5-4bb1-9b07-aca4aabae9e4
3223,train,https://dealls.com/loker/operations-support-2~lintek-indonesia
3224,train,https://glints.com/id/opportunities/jobs/supervisor/1879e767-bc52-4009-ae87-3c267d122144
3225,train,https://dealls.com/loker/operational-executive-fandb~pt-nanyang-group-indonesia
3226,train,https://dealls.com/loker/kol-specialist-67~demar-group
3227,validation,https://glints.com/id/opportunities/jobs/operator-produksi/2c6cab1d-070c-43c1-a31a-3cf4582204b0
3228,train,https://glints.com/id/opportunities/jobs/kepala-operasional-ekspedisi/89eae1fe-f744-4d6f-b88e-310bd5b299cc
3229,train,https://glints.com/id/opportunities/jobs/crew-store/901bc5cb-733c-4a10-8652-0ee0ada2c545
3230,train,https://glints.com/id/opportunities/jobs/operator-mesin/e8bc2866-a5e6-4b5f-aaa2-d3c52d0f8313
3231,train,https://glints.com/id/opportunities/jobs/driver/b17a2d63-cdd1-4742-9345-215a8d4e06a2
3232,train,https://glints.com/id/opportunities/jobs/admin-pembelian/40fd9aea-b9e4-48e2-bd30-7b7eb33bde62
3233,train,https://glints.com/id/opportunities/jobs/resepsionis/92f36e0a-b656-4b21-b257-bcaf2cb64367
3234,train,https://glints.com/id/opportunities/jobs/kol-specialist/1c8e1f5e-a1df-4318-9293-20919a5714cc
3235,train,https://glints.com/id/opportunities/jobs/teknisi-kusen-aluminium/179a90ca-d743-4804-99a7-bce51716dc95
3236,validation,https://glints.com/id/opportunities/jobs/staff-lapangan-o-and-m-water-waste-treatment-plant-wwtp/68002d1f-2fb5-45df-952e-293a575fd34c
3237,validation,https://glints.com/id/opportunities/jobs/beauty-advisor/cb2be435-afd7-4b62-924f-931c4176ead9
3238,train,https://glints.com/id/opportunities/jobs/driver/375dfd1e-d7ff-45f7-b460-2e99d198d730
3239,train,https://glints.com/id/opportunities/jobs/freelance-driver/c56a2cc1-7ec5-4ea3-920f-b10110ef5ebf
3240,train,https://glints.com/id/opportunities/jobs/driver-expatriate/57545451-5b54-4588-8aba-ea3a1be04f84
3241,validation,https://glints.com/id/opportunities/jobs/general-affair-staff/92140bbd-89d8-4369-be8a-b8446909f51c
3242,train,https://glints.com/id/opportunities/jobs/server-billiard/ae1fe025-7c4f-472c-94ac-e8ccdf0ccdbe
3243,train,https://glints.com/id/opportunities/jobs/teknisi-sepeda-listrik/9aea9b85-6ef6-42b5-aaa6-9056a4b2fb42
3244,train,https://glints.com/id/opportunities/jobs/staff-produksi/e4e1750e-5931-4812-9aed-f2c922e55f4c
3245,test,https://glints.com/id/opportunities/jobs/personal-assistant/7f51d90b-2d36-4fb0-a794-572ee5bb643b
3246,train,https://glints.com/id/opportunities/jobs/kol-specialist/d9ee649a-d0c3-4aa2-9892-f247b81e699a
3247,train,https://glints.com/id/opportunities/jobs/seo-specialist/0981cc81-ca21-4275-9804-650b5a2cbb6e
3248,train,https://glints.com/id/opportunities/jobs/guru-les-privat-ekonomi/3e3b317e-7d76-4239-9003-72d93b600802
3249,train,https://glints.com/id/opportunities/jobs/editor-video/85c3151c-e6bc-4e33-a5e2-e68928366957
3250,train,https://glints.com/id/opportunities/jobs/telesales/ae421a54-df0e-48df-baf0-5af18e235f00
3251,test,https://glints.com/id/opportunities/jobs/produksi-dan-pengawas-lapangan/033807fc-0526-4d84-a81e-74ecf0afd57d
3252,train,https://dealls.com/loker/qms-pekalongan-factory~pou-chen-group-indonesia
3253,test,https://dealls.com/loker/financial-advisor-syariah-1~firman-advisory
3254,train,https://dealls.com/loker/digital-graphic-intern~pt-cs2-pola-sehat
3255,test,https://glints.com/id/opportunities/jobs/operator-produksi/e02f5b49-d90e-4e40-adab-fd30b6ac5846
3256,train,https://glints.com/id/opportunities/jobs/staf-finance-and-accounting/df0d6606-fa04-4118-a2aa-37423c677ee1
3257,validation,https://glints.com/id/opportunities/jobs/content-creator/34633d88-c4af-418c-bd7e-8c51126f27b9
3258,train,https://dealls.com/loker/mandarin-translator-jawa-timur~pt-goday-indonesia-food
3259,train,https://glints.com/id/opportunities/jobs/packing-and-finishing-garment/63753381-eab7-4ddb-9631-fd292a1bf112
3260,train,https://dealls.com/loker/accounting-and-operational-admin~pt-shure-karya-indonesia-1
3261,train,https://glints.com/id/opportunities/jobs/spg-semarang/d50bb7b6-aba5-42c2-a48b-93e686ded8d8
3262,train,https://glints.com/id/opportunities/jobs/pramuniaga/e7e3fbe5-6b42-4ed9-9cc8-dd9db5ebc1cf
3263,train,https://glints.com/id/opportunities/jobs/it-officer/3b3dccdb-9677-47f0-b639-593a2c38ec81
3264,train,https://dealls.com/loker/business-consultant-6~pt-didimax-berjangka
3265,train,https://glints.com/id/opportunities/jobs/retail-assistant/7b0ea655-dd99-42a8-8076-ab66c2e09bb3
3266,train,https://dealls.com/loker/packaging-development-supervisor-1~pt-lapi-laboratories
3267,validation,https://glints.com/id/opportunities/jobs/admin-gudang/b43d8657-2eaa-4d06-905f-05c0a2e6944d
3268,validation,https://dealls.com/loker/mess-dan-bungalow-staff~pou-chen-group-indonesia
3269,train,https://glints.com/id/opportunities/jobs/staff-promotion/44b49e72-f87d-459a-b496-c8d1856fa93d
3270,train,https://dealls.com/loker/social-media-specialist-151~cots-and-cuddles
3271,train,https://dealls.com/loker/public-relation~ptinternet-mulia-untuk-negeri
3272,train,https://glints.com/id/opportunities/jobs/business-development/ec6f8f24-ea2c-49f4-bce7-54b7353ec9cc
3273,train,https://dealls.com/loker/maintenance-electrical~pt-sum-hing-indonesia
3274,test,https://glints.com/id/opportunities/jobs/staff-ga/1d2e190e-bbce-4210-b4f4-10cf5b23d991
3275,train,https://glints.com/id/opportunities/jobs/admin-sales/30dc0b98-e3be-4345-8bcc-2477fbcf0bc5
3276,train,https://glints.com/id/opportunities/jobs/quality-control/f176e805-a195-4935-87ac-f6846050ec25
3277,test,https://glints.com/id/opportunities/jobs/perawat-kuda/6e31220c-8b9f-4810-bb7e-73dd3336784b
3278,test,https://dealls.com/loker/kantin-tka-staf-penempatan-sukabumi~pou-chen-group-indonesia
3279,train,https://glints.com/id/opportunities/jobs/office-boy-and-messenger/7b0e4d20-3772-40e9-b394-c2cd191a34eb
3280,validation,https://glints.com/id/opportunities/jobs/store-crew/3b2ccec0-631b-4230-822d-d8ad912f32f6
3281,train,https://glints.com/id/opportunities/jobs/supervisor-landscape/98ed5d5b-db67-4517-a66b-891c80a84bbf
3282,train,https://dealls.com/loker/pengawas-tl-team-leader-stockfit~pou-chen-group-indonesia
3283,test,https://glints.com/id/opportunities/jobs/sales-merchandiser-smd/2398f458-82cb-4b0a-975a-52c272e6a909
3284,train,https://dealls.com/loker/sd-staff~pou-chen-group-indonesia
3285,train,https://glints.com/id/opportunities/jobs/office-boy-girl/511ee539-5431-408e-8ec8-a97d10dae133
3286,train,https://glints.com/id/opportunities/jobs/general-manager/29997fb4-4bf0-442d-8fe7-09972ad743d7
3287,test,https://dealls.com/loker/continuous-improvement-officer-1~pt-santos-jaya-abadi-kapal-api-global
3288,train,https://glints.com/id/opportunities/jobs/operator-produksi/87e5ca05-cf73-46c7-b1fb-7d691a3114a8
3289,test,https://glints.com/id/opportunities/jobs/desk-collection/f54fef61-6db0-49a0-8c0f-f8cd2b00f765
3290,validation,https://glints.com/id/opportunities/jobs/call-center-agent/0463be13-c518-4d75-8beb-40ce26fb2e4b
3291,test,https://glints.com/id/opportunities/jobs/host-live-streaming/83619ad2-f41a-4059-97d4-e080ba3dc5f4
3292,train,https://glints.com/id/opportunities/jobs/ppic-staff-central-prodcution-futago/a7c92b6a-5fea-4800-b24e-44abebcf8a20
3293,train,https://dealls.com/loker/dokter-spesialis-bedah~rs-dokter-adam-talib
3294,train,https://glints.com/id/opportunities/jobs/customer-relation-officer-cro/59512c7f-eb17-46aa-bba5-6be036732a83
3295,train,https://glints.com/id/opportunities/jobs/project-engineer/70e60073-2c43-41e7-8acc-9a0d50d5d643
3296,train,https://glints.com/id/opportunities/jobs/operator-produksi/aff85105-fe81-41ac-b467-2717d260a821
3297,train,https://glints.com/id/opportunities/jobs/supervisor-qc/9379f92c-3777-4281-a363-a04f4be98b18
3298,train,https://glints.com/id/opportunities/jobs/teknisi-mekanik-mesin-industri/a90c5ca2-4a4b-4913-8936-db788eab3997
3299,validation,https://glints.com/id/opportunities/jobs/mitra-teknisi-edc/a89d6315-de20-474f-9788-0e1d3a281f9d
3300,train,https://glints.com/id/opportunities/jobs/daily-worker-packing-crew/5d5d5e9b-4e67-485b-b570-583c23ae732d
3301,train,https://glints.com/id/opportunities/jobs/crew-sales-store-associate/77d4ab89-1793-4a44-b264-2629dc844f95
3302,train,https://glints.com/id/opportunities/jobs/account-executive/3d8e5722-5b9e-4969-8656-eba53e273acd
3303,train,https://glints.com/id/opportunities/jobs/pencuci-piring/95b74020-f6ff-474d-9990-d563368bd989
3304,test,https://dealls.com/loker/compensation-and-benefit-officer-hris~better-tomorrow-at-trive
3305,train,https://dealls.com/loker/account-officer-waste-management-yogyakarta~rekosistem
3306,train,https://glints.com/id/opportunities/jobs/admin/3620d7db-f995-4e55-8a83-fd0619b47b70
3307,validation,https://glints.com/id/opportunities/jobs/staff-produksi/12b5b2d4-dd38-40fe-afcf-0a26a65ba2d7
3308,validation,https://glints.com/id/opportunities/jobs/frontend-developer/786d4c0e-4a0f-44b6-b13a-b0ab781ba140
3309,train,https://glints.com/id/opportunities/jobs/bussniess-development-property/d960a1eb-dadd-47c8-996d-8b5a6c93fc84
3310,train,https://glints.com/id/opportunities/jobs/social-media-specialist/1cd0cad8-58ef-47e4-972f-d27af77d161f
3311,train,https://glints.com/id/opportunities/jobs/customer-service/928254fd-cf10-4dcc-9772-bebb00f8de2f
3312,train,https://glints.com/id/opportunities/jobs/quality-assurance-tester/2618c7dd-b519-4cc1-a700-56e72bf01dee
3313,validation,https://dealls.com/loker/sales-consultant-coordinator-semarang~modena
3314,test,https://glints.com/id/opportunities/jobs/regional-manager/7d585456-f474-43d1-9c54-e1cbfd3efbbb
3315,validation,https://glints.com/id/opportunities/jobs/it-staff-spesialis-cctv-and-infrastruktur-kantor/690e1f9c-76bd-4cb0-8467-19d4a4a9d82b
3316,train,https://glints.com/id/opportunities/jobs/host-presenter-inilahcom/bf284e9d-f9fa-4b8e-a1aa-27403dd35ef5
3317,test,https://glints.com/id/opportunities/jobs/desk-collection/5413c658-ad2b-474a-a32d-30e55b55b1ae
3318,train,https://glints.com/id/opportunities/jobs/admin/020fc23f-250a-43f0-b14c-7374504e5126
3319,test,https://glints.com/id/opportunities/jobs/customer-service/9eabe49f-74d0-44bb-865a-30972da44648
3320,train,https://glints.com/id/opportunities/jobs/customer-service/18bc1f71-37cc-4dfc-b295-ed8567236981
3321,validation,https://glints.com/id/opportunities/jobs/staff-ticketing/1c37918d-cc48-4438-89a3-cb63fe0fa47d
3322,train,https://dealls.com/loker/corporate-secretary-internship-1~adira-finance
3323,validation,https://dealls.com/loker/videographer-10~pt-global-jaya-ultime
3324,train,https://glints.com/id/opportunities/jobs/content-creator/49303142-547c-4f63-a4b1-98a627c9d43b
3325,train,https://glints.com/id/opportunities/jobs/customer-service/fcc97a04-0650-4dba-ab59-368affd06a67
3326,train,https://glints.com/id/opportunities/jobs/sales-promotor-indodana/66e2a501-9482-441e-ac32-965a718ebc84
3327,train,https://dealls.com/loker/pimda-otc-jawa-timur-1~dexa-group
3328,train,https://glints.com/id/opportunities/jobs/freelance-agent-collection-penempatan-bandung/a46fe572-52d9-4446-a82d-8a60f59cae17
3329,train,https://glints.com/id/opportunities/jobs/admin-online-shop/07bef580-ac75-41b4-963f-5cacf9c8d50a
3330,train,https://glints.com/id/opportunities/jobs/kepala-produksi/6e5e8a98-049c-4f1d-bd79-11e56326db9a
3331,train,https://glints.com/id/opportunities/jobs/admin-gudang/c88ff606-b75b-4d7f-9d5c-e5d7d5a45911
3332,train,https://glints.com/id/opportunities/jobs/product-executive/61d9db12-9e4e-4091-8c96-23949ec9d21b
3333,train,https://glints.com/id/opportunities/jobs/digital-marketing-consultant/21eb6923-b86a-4865-bf7d-58fc739db792
3334,train,https://glints.com/id/opportunities/jobs/personal-assistant/a675b1d5-4217-4451-8720-76b38c514382
3335,train,https://glints.com/id/opportunities/jobs/customer-service/32fc1741-e6a1-4c88-8f38-a8bb0b50f4d5
3336,train,https://dealls.com/loker/paramedis~modern-pet-indonesia
3337,validation,https://glints.com/id/opportunities/jobs/spesialis-purchasing/1c2986c4-33d8-4be7-bf52-fae274a23476
3338,train,https://glints.com/id/opportunities/jobs/store-manager/d2f0f1b1-d4f0-4988-82a5-7616b04e529c
3339,train,https://dealls.com/loker/area-sales-canvasser-1~pt-anugrah-inti-makmur-indonesia
3340,train,https://glints.com/id/opportunities/jobs/manager-operasional-cabang/2cf09d2f-5cd8-4aa0-886d-73d0c8e71d46
3341,train,https://dealls.com/loker/tiktok-social-media-specialist~haveltea
3342,train,https://glints.com/id/opportunities/jobs/community-officer/79fa694d-01f5-46c7-be2a-e8d261ebd1fe
3343,train,https://glints.com/id/opportunities/jobs/web-developer/5ee0bb41-ed28-4fed-88ac-30b676a73767
3344,train,https://glints.com/id/opportunities/jobs/agriculture-engineer/a9f90e5e-3fc2-4281-a631-75976f5d9ab7
3345,train,https://dealls.com/loker/financial-advisor-syariah~firman-advisory
3346,train,https://glints.com/id/opportunities/jobs/operator-produksi/8d5c5c6f-1e6d-4ca4-9405-f0920c749f72
3347,train,https://glints.com/id/opportunities/jobs/team-leader/8fb66360-485e-48f4-86d5-e8eec6c18df5
3348,train,https://glints.com/id/opportunities/jobs/staf-hrd/f4d445bc-30ce-4499-ae84-1fe5dff56e95
3349,train,https://glints.com/id/opportunities/jobs/ahli-teknologi-laboratorium-medik/31d09447-9037-46bc-9f22-b4e00cdc29f8
3350,train,https://glints.com/id/opportunities/jobs/kepala-gudang/8be4d86a-0bb8-4f10-8a51-a000425e52c5
3351,test,https://glints.com/id/opportunities/jobs/admin-staff-dan-chat/f9f90e35-537f-4df4-9ddb-8e3ac39bfe47
3352,validation,https://glints.com/id/opportunities/jobs/warehouse-officer/4c25aa32-b1b3-44e5-bc3a-00dd63996729
3353,test,https://glints.com/id/opportunities/jobs/fasilitator-playground/94b865d1-5a71-4f9b-9f64-54557346c77b
3354,train,https://glints.com/id/opportunities/jobs/social-media-specialist/4f6da7ad-92b9-45d5-be11-6e3b3442dd6d
3355,train,https://dealls.com/loker/uiux-designer-48~bringin-inti-teknologi
3356,train,"https://dealls.com/loker/senior-content-creator-3~pt-senyum-karya-muda%23:~:text%3DDeskripsi%2520Pekerjaan%26text%3DMembuat%2520konten%2520yang%2520menarik%2520dalam,bentuk%2520tulisan%252C%2520gambar%252C%2520dan%2520video%26text%3DMenjadi%2520talent%2520konten%2520Instagram%2520dan,Tiktok%26text%3DMenggunakan%2520tools%2520editing%2520video%2520seperti,Capcut%252C%2520VN%252C%2520Canva%252C%2520dan%2520lain%252Dlain"
3357,train,https://dealls.com/loker/front-end-developer-56~bringin-inti-teknologi
3358,train,https://glints.com/id/opportunities/jobs/teknisi-lift/ca4aef8d-44c3-40bd-bb2c-36da132bfcb0
3359,train,https://glints.com/id/opportunities/jobs/daily-worker-sukmajaya-depok-jam-10-pagi-ini/d7388021-09d1-429e-95fe-3e7f5303cefc
3360,train,https://glints.com/id/opportunities/jobs/pelayan-restoran/b2408334-3e3e-4471-aa1d-30a56344ac3d
3361,train,https://dealls.com/loker/staff-admin-accounting~pt-karunia-adi-sentosa
3362,train,https://glints.com/id/opportunities/jobs/server-crew-green-ville-jakarta-barat/47b7369c-5958-4ffc-9f92-456378e5937f
3363,train,https://glints.com/id/opportunities/jobs/qc-garment-and-follow-up/4e23cd57-df3c-4446-b85e-21a8219796a5
3364,train,https://glints.com/id/opportunities/jobs/miss-pendamping-playground-dan-kasir/36ff55a9-a02d-4d66-8341-e6aaaf05ea15
3365,train,https://glints.com/id/opportunities/jobs/staff-purchasing/560b3a1b-38d3-48e5-9f85-688920e2799d
3366,train,https://glints.com/id/opportunities/jobs/wakil-kepala-sekolah-sd/02d4438a-1870-47d7-bc8f-7ccfc36fe5a8
3367,test,https://glints.com/id/opportunities/jobs/project-officer-area-pic-ekspedisi/e3870859-4336-4c87-a24f-f51eb5f362cc
3368,train,https://glints.com/id/opportunities/jobs/sales-motoris/49ea1568-3615-47bd-95e7-0551fb9d5adc
3369,train,https://glints.com/id/opportunities/jobs/admin-maintenance/39ffb7bf-bc31-4e71-8f00-69fa2a48fe05
3370,train,https://dealls.com/loker/product-support-surabaya~pt-sentra-vidya-utama-sevima
3371,test,https://glints.com/id/opportunities/jobs/driver/c5683539-b0c0-42bb-a2fd-c0de5434eab9
3372,train,https://glints.com/id/opportunities/jobs/purchasing/bd43344f-397f-46ad-ab21-cda086c4b0f6
3373,test,https://glints.com/id/opportunities/jobs/content-creator/342ce612-b694-4fcb-8341-a0527175c817
3374,train,https://glints.com/id/opportunities/jobs/crew-restaurant/79984957-3323-4572-9e83-fb5196f53681
3375,train,https://dealls.com/loker/spareparts-warehouse-support-pekanbaru~modena
3376,train,https://glints.com/id/opportunities/jobs/admin-penjualan/d2c37e96-73df-4210-9b07-ac6301487377
3377,train,https://glints.com/id/opportunities/jobs/koordinator-marketing/c5fedda7-c308-4c75-8fa7-5e754bbd9eb3
3378,train,https://glints.com/id/opportunities/jobs/packer/991703e9-5af0-461b-a63b-7911363f4894
3379,test,https://glints.com/id/opportunities/jobs/guru-les-mengaji/3fb7371e-5869-4aab-9ce2-8ba784701ebf
3380,train,https://glints.com/id/opportunities/jobs/maintenance-engineering-drafter-intern/4705b171-ae28-4755-b411-df7a737d1dad
3381,train,https://dealls.com/loker/real-estate-2~brik
3382,train,https://dealls.com/loker/e-commerce-marketing~pt-inisiatif-semua-bisa
3383,validation,https://glints.com/id/opportunities/jobs/manager-operasional-cabang/3aa135ca-6797-4f7c-a7b8-fd1ca7efd7ae
3384,train,https://glints.com/id/opportunities/jobs/leader-store-head-office-kaosan/b4d99ce3-ce00-407b-8951-05b3c569bdd5
3385,test,https://glints.com/id/opportunities/jobs/business-development/702d5a09-08a5-44f2-ab9d-fd0cdd4dffb2
3386,train,https://glints.com/id/opportunities/jobs/admin-produksi/7f289e0a-52a4-4f89-a375-429b7f8752d4
3387,train,https://glints.com/id/opportunities/jobs/manager-produksi-furniture/1dde3f2a-3e45-4fec-b23c-3a6c159b17a3
3388,train,https://dealls.com/loker/live-streaming~delamibrands
3389,train,https://glints.com/id/opportunities/jobs/admin-finance/8d9e5cbe-c2b0-4783-85ce-4d30cf525d2d
3390,train,https://glints.com/id/opportunities/jobs/admin-operasional/0317b851-86ec-4fa2-b83f-45f7ef627630
3391,train,https://glints.com/id/opportunities/jobs/admin-gudang/7c01a759-d802-4539-be98-bfef72186aa8
3392,train,https://glints.com/id/opportunities/jobs/mekanik/6528b806-45e6-42cf-b9db-a4083593e578
3393,train,https://glints.com/id/opportunities/jobs/staf-operasional/46abee73-2c32-4814-9b49-b98694c7100d
3394,train,https://glints.com/id/opportunities/jobs/supervisor-produksi/1c40f59c-5910-43e9-b112-5aeb01924c95
3395,train,https://glints.com/id/opportunities/jobs/quality-assurance/ff14ee49-67b9-4739-810d-8e3589429e7e
3396,validation,https://glints.com/id/opportunities/jobs/operator-produksi/c5541625-2e28-4725-801a-f43882dd2133
3397,test,https://glints.com/id/opportunities/jobs/admin-finance/bd680644-cdbb-425a-8ca1-721c24cc3638
3398,train,https://glints.com/id/opportunities/jobs/customer-service-galeri-kelapa-gading/2f4ac11a-b4db-46e3-8108-e8b7c064f408
3399,test,https://dealls.com/loker/kol-specialist-63~this-is-your
3400,validation,https://dealls.com/loker/procurement-3~pt-indo-utama-services
3401,train,https://glints.com/id/opportunities/jobs/koordinator-droppoint/34b2a140-2c48-45e7-ac47-1aee3459f7bd
3402,validation,https://glints.com/id/opportunities/jobs/corporate-legal-staff/5acd0637-b969-4b5b-937a-99ae985eabbc
3403,train,https://glints.com/id/opportunities/jobs/kasir/67db05f3-7f92-459b-bf47-6ed304e5baf7
3404,train,https://glints.com/id/opportunities/jobs/general-manager/ca42c2d8-5fa3-4afb-9233-f11ed9a18604
3405,validation,https://glints.com/id/opportunities/jobs/fashion-designer/3f4a40f6-676e-45ad-a3ef-54cdaa3065e1
3406,train,https://dealls.com/loker/scheduler~brik
3407,train,https://glints.com/id/opportunities/jobs/kasir/b0676f47-62b2-4809-82ef-bea075adfb9c
3408,train,https://glints.com/id/opportunities/jobs/kasir/7014d55b-f6c3-49c1-97a0-3c187736ce8a
3409,validation,https://glints.com/id/opportunities/jobs/driver/944fed75-fa28-40a7-a427-28fa390d67fd
3410,train,https://glints.com/id/opportunities/jobs/head-of-production/4487be26-abd3-4571-a1ca-7acf15fe8d5e
3411,train,https://glints.com/id/opportunities/jobs/sales-promotor/4f4e964f-8257-4428-bc85-889c2fc7a339
3412,train,https://glints.com/id/opportunities/jobs/license-staff/6f0bbc2b-4915-434f-b3be-ac0a6fe21778
3413,test,https://dealls.com/loker/female-personal-trainer-kota-bogor~fit-hub
3414,validation,https://glints.com/id/opportunities/jobs/kol-specialist/8ae11d07-409d-43c4-994a-9f583b76db07
3415,test,https://glints.com/id/opportunities/jobs/staff-it/031bf857-55d2-4a7f-9217-d384c8efda3c
3416,validation,https://glints.com/id/opportunities/jobs/finance-staff/b96a8a45-9745-4943-8f79-7227d1b64f14
3417,train,https://glints.com/id/opportunities/jobs/admin/c5f50cab-2f88-47bf-a114-6e163c48d993
3418,train,https://glints.com/id/opportunities/jobs/hrga-manager/04ddaaf3-ca89-4651-af86-6bfbe94ed3e7
3419,train,https://glints.com/id/opportunities/jobs/admin-collection/b25dcab1-58f7-4ba8-aca6-78c3ee282cf6
3420,train,https://glints.com/id/opportunities/jobs/customer-service/c00f62d2-98c7-4db7-a720-9b4f69fb4b34
3421,validation,https://glints.com/id/opportunities/jobs/daily-worker-waiter-waitress-domisili-bali/a73fab7e-e573-4644-bea5-334a08aba62d
3422,train,https://dealls.com/loker/dosen-keperawatan-ners~iblam-school-of-law
3423,test,https://glints.com/id/opportunities/jobs/casier-rumah-sakit/25ad8cba-e6ae-4b60-8c65-cf77dee79db8
3424,train,https://glints.com/id/opportunities/jobs/security/949ba406-888a-4c9f-8898-510698e9f281
3425,validation,https://glints.com/id/opportunities/jobs/business-development/a883ae38-f818-4b45-b75e-62fea45992cb
3426,test,https://dealls.com/loker/field-collection-bank-bumn~pt-sumberdaya-dian-mandiri-reps
3427,train,https://glints.com/id/opportunities/jobs/graphic-designer/73bf6f6e-6b18-4dd6-a890-07a2d1ef198a
3428,train,https://glints.com/id/opportunities/jobs/human-resources-staff/5cf67430-40cb-49c9-bab3-5938ce31401d
3429,train,https://glints.com/id/opportunities/jobs/staff-purchase/eea245b6-8c3e-4a16-897f-51f48bae2103
3430,test,https://glints.com/id/opportunities/jobs/admin-warehouse/a0bf4e90-dae6-4f81-8db2-b14e42a9acb9
3431,train,https://glints.com/id/opportunities/jobs/project-engineer/65af0171-4fdc-4106-b219-fa52b853f6d1
3432,train,https://glints.com/id/opportunities/jobs/marketing-lapangan/0de16324-1dca-4a0c-96ca-78b4a3f8ceef
3433,validation,https://glints.com/id/opportunities/jobs/store-manager/8928b1c8-ef56-43a6-994c-f81dd127300a
3434,train,https://dealls.com/loker/social-media-specialist-and-strategist~pt-inisiatif-semua-bisa
3435,validation,https://dealls.com/loker/medical-representative-6~pt-cs2-pola-sehat
3436,train,https://glints.com/id/opportunities/jobs/head-fleet-management/c23267dd-36fc-4efd-8f42-5cadbd9a9155
3437,train,https://glints.com/id/opportunities/jobs/administrasi/ffac825b-16f3-4851-a106-1779e6b802ab
3438,train,https://glints.com/id/opportunities/jobs/crew-warehouse/58d3e340-bf9f-416f-98b2-8d1fbc06b5d6
3439,test,https://dealls.com/loker/assistant-operations-lead-toko-cat~brik
3440,train,https://glints.com/id/opportunities/jobs/field-collection/eb243ee2-bcf8-4280-9001-8f87ca6138a0
3441,train,https://glints.com/id/opportunities/jobs/host-live-streaming-contract/b041a0d5-f98e-4bd3-b988-1749595268b1
3442,train,https://dealls.com/loker/team-leader-spgmdaspr-bali~infomedia-solusi-humanika
3443,validation,https://glints.com/id/opportunities/jobs/it-technical-support/19db76b9-8b37-42e5-bc50-784f59e5a952
3444,train,https://glints.com/id/opportunities/jobs/spesialis-packaging/65062285-fd42-4b6a-96c2-15760a1854c2
3445,train,https://glints.com/id/opportunities/jobs/host-live/41413406-ef79-4f1c-b451-931afc657197
3446,train,https://dealls.com/loker/marketing-specialist-15~brik
3447,train,https://glints.com/id/opportunities/jobs/pelayanan-apotek-cilegon/3c0ddbf7-1202-40e1-8802-b36ae14fbd90
3448,test,https://glints.com/id/opportunities/jobs/admin/dd37fa2d-7f25-4f54-8f11-44e8c78f2998
3449,train,https://glints.com/id/opportunities/jobs/kepala-toko-lokasi-purwokerto/bd3bb28e-649d-4b0d-9d69-588cd540c68c
3450,train,https://glints.com/id/opportunities/jobs/leader-operasional/b529dfa7-158e-44a4-94a0-7b291db9400f
3451,train,https://glints.com/id/opportunities/jobs/tenaga-kerja-pada-ketinggian-tkpk-jakarta/b6e1fcf8-5917-4d47-9364-e84b3e6a55d0
3452,train,https://glints.com/id/opportunities/jobs/unit-head/2a9a972a-1896-4e79-b143-da5ccfa2d1f2
3453,train,https://glints.com/id/opportunities/jobs/staff-admin/e8e453b7-5836-4b9e-aeca-2c0aacb80843
3454,train,https://glints.com/id/opportunities/jobs/data-analyst/f0de1c91-1c18-4362-9d16-9b6d3dd0c2c6
3455,train,https://glints.com/id/opportunities/jobs/technical-writer/67032ad5-137e-40c1-a3b8-9023c64b3a9a
3456,train,https://glints.com/id/opportunities/jobs/business-development-area/a58963fb-378a-465a-bb49-b9aaa51a6ffa
3457,train,https://glints.com/id/opportunities/jobs/kru-konter/01346149-0ca7-4539-928f-9d3b677b4a92
3458,train,https://glints.com/id/opportunities/jobs/penanggung-jawab-teknis-obat-hewan-pjtoh/c724f877-7711-4a5a-92e4-696124a1c3c1
3459,test,https://dealls.com/loker/b2b-coordinator~anteraja
3460,train,https://glints.com/id/opportunities/jobs/refraksi-optisi/e88e7506-e791-4589-8a61-ed1b47196e91
3461,train,https://glints.com/id/opportunities/jobs/dokter-spesialis-spdve/3e4d3062-f3de-43bf-8b3a-4d9b784469c8
3462,train,https://dealls.com/loker/internship-seo-and-content-specialist~pt-qtera-mandiri
3463,train,https://glints.com/id/opportunities/jobs/procurement-manager/6bf5990d-d74e-4975-b551-6f8490c351c6
3464,test,https://dealls.com/loker/staff-administrasi-26~studio-mandarin
3465,train,https://glints.com/id/opportunities/jobs/fashion-design/3065ba6d-ea2e-424c-af6d-1df6215b8c52
3466,train,https://glints.com/id/opportunities/jobs/staff-sap-ppic/ae27a602-aaba-4802-a4f0-b1538b9f5e34
3467,test,https://glints.com/id/opportunities/jobs/social-media-specialist/f07c075b-9272-45c7-9980-e479831b1f0e
3468,test,https://glints.com/id/opportunities/jobs/it-support-specialist/3936ce44-fbc6-4703-a670-668e8eb7ed3f
3469,validation,https://glints.com/id/opportunities/jobs/driver/adcbf290-2b2e-441d-bc92-717cb3c41bc8
3470,train,https://dealls.com/loker/it-support-intern-3~anteraja
3471,test,https://glints.com/id/opportunities/jobs/walk-in-interview-sales-manager/8b2f9790-d5da-4f3f-a381-ca370ffc1028
3472,train,https://glints.com/id/opportunities/jobs/kepala-unit-produksi-bidang-akutansi/914952b6-9053-411b-95bf-3cfad7b77c41
3473,train,https://glints.com/id/opportunities/jobs/staf-ppic/45cec5ca-52f8-4048-a437-b750ef276ad0
3474,train,https://dealls.com/loker/housekeeping-attendant~pt-vidya-artha-tama
3475,train,https://glints.com/id/opportunities/jobs/staf-akademik/dba18329-dc44-4381-9498-8404c90b7ead
3476,train,https://glints.com/id/opportunities/jobs/call-center/0b2f1134-f1bb-4b07-80f0-d50225a39bde
3477,train,https://glints.com/id/opportunities/jobs/management-development-progam-operasional/3b68a458-aeec-4a1d-8084-55dbef59a9f1
3478,train,https://glints.com/id/opportunities/jobs/barista-momoyo-cilimus/ce383996-0614-4143-b82e-b960d622751a
3479,test,https://glints.com/id/opportunities/jobs/project-admin/a99b825f-7d6c-4238-acc0-2204b2dd2716
3480,test,https://glints.com/id/opportunities/jobs/web-developer/47354ce7-3650-4c49-a208-221f6137eaf8
3481,test,https://glints.com/id/opportunities/jobs/sales-representative/6c69a218-509c-4fef-b7b0-4f1968dd584b
3482,train,https://glints.com/id/opportunities/jobs/pendidikan-dasar-teknisi-pdt-duri/f0628177-3262-4f7a-8417-5cfd38902620
3483,train,https://glints.com/id/opportunities/jobs/proofreader/5664db1c-9dbe-4ed6-b452-7bd2368163e0
3484,train,https://glints.com/id/opportunities/jobs/operator-maintenance-dies/3307f41f-b6a5-4465-8dfb-24de0f9ffb1b
3485,train,https://glints.com/id/opportunities/jobs/guru-tk-montessori/4127e71c-2f3b-458c-a338-cb8721a9fb23
3486,train,https://glints.com/id/opportunities/jobs/sales-marketing/2a5f32c4-a022-44b3-b4b7-e9ae3f8b92c5
3487,train,https://glints.com/id/opportunities/jobs/product-development/2895f324-5921-40cb-8f54-f1aa77d5080b
3488,train,https://glints.com/id/opportunities/jobs/admin-teknik/aac45613-23a8-4471-bb20-447e35df4127
3489,train,https://glints.com/id/opportunities/jobs/operation-staff/a8841457-0e89-4504-a621-eedb7667c774
3490,train,https://glints.com/id/opportunities/jobs/asisten-pimpinan-umum/07f0062b-5044-47d2-8ab8-146af446bf2e
3491,train,https://glints.com/id/opportunities/jobs/guru-ipa/a672703d-4955-4172-9060-e17934db7ac5
3492,train,https://glints.com/id/opportunities/jobs/nailist-menail-pematang-siantar/fb9d4449-0f24-47da-bed9-a79b08672869
3493,train,https://glints.com/id/opportunities/jobs/operator-gudang/7850445a-8c57-4899-a2b8-263cf607a219
3494,test,https://glints.com/id/opportunities/jobs/staff-lapangan/27a32e2a-3269-45ad-b5e1-d25eed205f3e
3495,validation,https://glints.com/id/opportunities/jobs/pimpro-property/6fc6be0b-dec5-4340-9ba9-f7c39b63629b
3496,train,https://glints.com/id/opportunities/jobs/teknisi-perakitan-pcb/e8edb16e-7580-4f65-afae-23fc3af9c4bc
3497,train,https://dealls.com/loker/hr-staff-9~global-doctor-1
3498,test,https://dealls.com/loker/guru-bidang-studi~pt-bintang-pelajar-1
3499,train,https://glints.com/id/opportunities/jobs/store-crew-trenggalek/ac092349-3a56-4aaf-aede-a66fca9c819a
3500,test,https://glints.com/id/opportunities/jobs/kepala-packing-dan-pengiriman/6dfc7a74-3a00-4eea-b368-cdc95ae191b7
3501,train,https://glints.com/id/opportunities/jobs/telecollection/b7b6294e-1822-4154-94bb-61b573e02216
3502,validation,https://glints.com/id/opportunities/jobs/admin/4dd3e9ba-90fc-46fb-ab76-c880601c978c
3503,train,https://glints.com/id/opportunities/jobs/ticketing-staff/db2f22ef-eba3-4778-9dc1-2d235017c26e
3504,validation,https://glints.com/id/opportunities/jobs/admin-marketplace/7363ccd9-99e9-4d9d-a6d8-d7ded0a58f40
3505,train,https://glints.com/id/opportunities/jobs/pengemudi/c51861ff-2449-445b-b660-d1f933bc2215
3506,train,https://glints.com/id/opportunities/jobs/staff-recovery/127e99da-fed5-4223-9b5b-4fc457c2276c
3507,validation,https://glints.com/id/opportunities/jobs/hr-and-general-affair/d5087d8d-93ef-4b05-8b4a-a3696a3a006c
3508,train,https://glints.com/id/opportunities/jobs/editor-video/291313a2-5308-46ea-8d15-5b3e6fc1da35
3509,train,https://glints.com/id/opportunities/jobs/it-support/1bf0b651-fb9f-439d-bdf6-a00bfcfee1b3
3510,test,https://glints.com/id/opportunities/jobs/sewing-operator/805c19dd-b431-4b86-974e-72528320d21b
3511,train,https://glints.com/id/opportunities/jobs/kurir-motor-area-ciwidey-rancabali-pasirjambu-katapang-kertasari/838955eb-4cae-469e-a0c0-0c99ae6e3af6
3512,train,https://glints.com/id/opportunities/jobs/customer-service-shopee-dan-wa/01f90120-f0a8-4995-81ed-7fa64bb2171b
3513,train,https://glints.com/id/opportunities/jobs/general-manager/664e98f9-cc24-4d72-8b77-3762668dd2c7
3514,train,https://dealls.com/loker/mine-engineer~bumi-lestari-investama
3515,train,https://glints.com/id/opportunities/jobs/bidan/0492bec2-e7d6-41cc-9ed1-91cb2a4e6325
3516,train,https://dealls.com/loker/legal-officer-16~pt-bank-digital-bca-bca
3517,train,https://glints.com/id/opportunities/jobs/pramuniaga/e086eaad-dce0-426d-97fb-dadf6b6bcf3e
3518,train,https://glints.com/id/opportunities/jobs/partnership-manager/e0faf5c6-b15c-4134-ad3c-f7f2b511e565
3519,test,https://glints.com/id/opportunities/jobs/staff-office/36fde0ea-478b-40c6-bf32-ec72f8a26197
3520,test,https://glints.com/id/opportunities/jobs/pendamping-proses-produk-halal/ed4f249d-0c03-4c36-a5d4-d2b90d38f0ad
3521,train,https://dealls.com/loker/beauty-advisor-medan~pt-fcl-internasional-indonesia
3522,train,https://glints.com/id/opportunities/jobs/staff-ticketing/9e15ffc9-fd66-4bfc-ac8a-8abf979e7645
3523,train,https://glints.com/id/opportunities/jobs/supir-pribadi-bali/026a0a09-3860-4c7c-8a5b-c8219e53c6f7
3524,validation,https://dealls.com/loker/architect-3~pt-indo-bangun-raya
3525,train,https://dealls.com/loker/staff-admin-18~pt-indo-bangun-raya
3526,validation,https://dealls.com/loker/section-head-quality-management-system~pt-gunanusa-eramandiri-1
3527,train,https://glints.com/id/opportunities/jobs/digital-marketing-specialist/9ca9825e-57ea-43c1-9adb-02dbf14de390
3528,train,https://glints.com/id/opportunities/jobs/staf-operasional/a032baae-f337-43ad-a55d-1574451b6a2b
3529,validation,https://glints.com/id/opportunities/jobs/accounting/a11d7576-86bb-4505-84c9-645d220c0e33
3530,train,https://glints.com/id/opportunities/jobs/helper-produksi/abcf92f4-ac8a-498c-aa87-1cba0c24e41d
3531,train,https://glints.com/id/opportunities/jobs/team-leader-hotel/92e9215b-5694-44a8-9de1-577655fc3162
3532,train,https://glints.com/id/opportunities/jobs/operator-produksi/a736063a-3904-4d42-8f63-f909ec30bf21
3533,train,https://dealls.com/loker/telemarketing-yogyakarta~pt-inisiatif-semua-bisa
3534,train,https://glints.com/id/opportunities/jobs/barista-tomoro-coffee-kudus/613fa115-f7c4-4801-aca2-d6ece306a7af
3535,test,https://glints.com/id/opportunities/jobs/guru-abk/8cab1f5f-336c-4d04-94aa-50dd4a6ca974
3536,validation,https://glints.com/id/opportunities/jobs/supervisor-inventory-gudang-ahass/be38d0cc-9c83-4df5-83f3-a67f8aed692e
3537,validation,https://dealls.com/loker/security-guard~pt-global-bisnis-adisatria
3538,train,https://glints.com/id/opportunities/jobs/customer-service-marketplace/0403ae57-6870-4180-8130-1f1c1ea3710e
3539,train,https://dealls.com/loker/teknisi-perakitan-elektronik~sentinalresqtech
3540,train,https://dealls.com/loker/quantity-surveyor-mep~pt-tiara-cipta-nirwana
3541,test,https://dealls.com/loker/credit-analyst-11~adira-finance
3542,train,https://dealls.com/loker/sales-specialist-36~pt-indopack-printing
3543,validation,https://glints.com/id/opportunities/jobs/admin-stock-gudang/f7180e78-4f3a-4e57-8dc5-965933728d28
3544,test,https://glints.com/id/opportunities/jobs/product-merchandiser/67c270f5-c187-4c58-9ac7-f1e27df6af39
3545,test,https://dealls.com/loker/accounting-tax-staff-2~pt-gdc-multi-sarana
3546,test,https://glints.com/id/opportunities/jobs/admin-purchasing/3b8a9474-c29c-4130-a787-8d2ef515a2be
3547,train,https://glints.com/id/opportunities/jobs/store-crew-and-delivery/b21c61b8-e158-4808-a1cf-e618469e111f
3548,train,https://glints.com/id/opportunities/jobs/admin-finance/839f2f35-db2e-4ca8-98c9-9a219c7ee21a
3549,train,https://glints.com/id/opportunities/jobs/helper-hvac/cada2404-749a-4dde-ba2c-008255618ff7
3550,train,https://dealls.com/loker/operation-and-service-excellence-intern~pt-bank-digital-bca-bca
3551,train,https://dealls.com/loker/event-support-staff~wings-group-indonesia-sayap-mas-utama
3552,train,https://glints.com/id/opportunities/jobs/operator-printing/52bce492-d378-4ade-847a-d3473286ee76
3553,train,https://dealls.com/loker/relationship-manager-hajj-and-funding-1~bank-muamalat-indonesia
3554,train,https://glints.com/id/opportunities/jobs/sales-manager/9754d486-f79a-4a02-8f38-f9dc486ae995
3555,train,https://dealls.com/loker/account-executive-sales-b2b-1~pt-rans-kosmetika-indonesia
3556,train,https://glints.com/id/opportunities/jobs/warehouse-admin/c8cf408b-592e-4ca3-9c1a-b358eb0c0e77
3557,train,https://dealls.com/loker/host-live-lampung~beauty-of-angel
3558,train,https://glints.com/id/opportunities/jobs/junior-mekanik/535ff657-ec15-485e-9525-39c7e149d1b3
3559,train,https://glints.com/id/opportunities/jobs/freelance-sales-taking-order/7e76c3b9-7b8a-42e9-b56b-ae21e7e5baeb
3560,train,https://dealls.com/loker/administration-staff-7~dexa-group
3561,train,https://dealls.com/loker/finance-staff-toll-road-business~astra-tol-nusantara
3562,train,https://dealls.com/loker/female-personal-trainer-balikpapan~fit-hub
3563,train,https://glints.com/id/opportunities/jobs/kol-specialist/cc3bc037-9b0a-4df9-ada6-2c9e82553cba
3564,train,https://glints.com/id/opportunities/jobs/content-creator/43a5303f-3ce6-4875-adb3-c69e87d2299d
3565,train,https://glints.com/id/opportunities/jobs/digital-marketing/5ef0382b-ac28-45a7-be6d-3fe7ea718e7f
3566,train,https://glints.com/id/opportunities/jobs/customer-service-supervisor-cs-spv/a6379611-639b-4703-90d7-9877ad01c5c5
3567,test,https://glints.com/id/opportunities/jobs/teknisi-faset-kacamata-penempatan-bandung/435e6bf4-4a54-4189-81fa-251f5a1ad46d
3568,validation,https://glints.com/id/opportunities/jobs/make-up-artist-mua-and-hairdo/1d4722af-d158-4be5-9122-d41c9379cadf
3569,test,https://glints.com/id/opportunities/jobs/it-support/0420cfea-11b2-4fe3-abc6-9639afc629ab
3570,train,https://glints.com/id/opportunities/jobs/operator-produksi/f8a7b3d6-75c6-494b-89ff-ae3de7bdf398
3571,train,https://dealls.com/loker/mt-administration-supervisor~pt-astra-international-tbk-daihatsu
3572,train,https://dealls.com/loker/mt-workshop-supervisor~pt-astra-international-tbk-daihatsu
3573,validation,https://dealls.com/loker/qip-office-pekalongan-factory~pou-chen-group-indonesia
3574,train,https://glints.com/id/opportunities/jobs/host-live-streaming/f8586144-401f-4acb-8020-b3775e915e19
3575,test,https://dealls.com/loker/credit-reviewer-commercial-pekanbaru~adira-finance
3576,train,https://glints.com/id/opportunities/jobs/admin-desain/2bcf0111-3ea3-4c5d-bde5-8b2126821553
3577,train,https://glints.com/id/opportunities/jobs/teknisi-lift/b1aa1c5f-f2f1-46ab-96d5-82aac23b6d23
3578,validation,https://glints.com/id/opportunities/jobs/marketing-specialist/a4727edd-0860-43da-b50c-b510cbd98b37
3579,validation,https://dealls.com/loker/qs-static-and-warehouse~city-vision-indonesia
3580,train,https://glints.com/id/opportunities/jobs/staff-packing-khusus-perempuan-wilayah-gading-serpong/805460a0-6be7-48e7-8f39-48ed13687c8a
3581,train,https://glints.com/id/opportunities/jobs/store-manager/62aca2e4-68af-4969-8858-5f0b7233a082
3582,train,https://glints.com/id/opportunities/jobs/administrator-hr/c041cdac-b612-4e44-98db-f5c017f62b73
3583,validation,https://glints.com/id/opportunities/jobs/guru-it/085678b6-aea9-47bd-88ee-58500a3f9e41
3584,train,https://glints.com/id/opportunities/jobs/area-sales-manager/e2527ab9-c2fa-4298-8ee4-1d04760debc3
3585,train,https://glints.com/id/opportunities/jobs/sekretaris/f68737c3-f824-48f6-a837-7e26a6f7328a
3586,test,https://glints.com/id/opportunities/jobs/social-media-specialist/43950492-d9f4-449c-af46-fcd808f7f619
3587,test,https://dealls.com/loker/fitness-consultant-sales-yogyakarta-2~fit-hub
3588,validation,https://glints.com/id/opportunities/jobs/customer-service/5c5bc9eb-211e-4b72-b04c-3cee477e86a6
3589,train,https://glints.com/id/opportunities/jobs/flight-operation-office/a557a366-94e2-401d-960a-c6886ce50931
3590,test,https://glints.com/id/opportunities/jobs/admin-gudang/f0aaa99f-da1a-48f6-946c-f1bb9f485371
3591,train,https://glints.com/id/opportunities/jobs/admin-lapangan/6dde6b63-a905-4a91-bee2-4afa518d32ab
3592,validation,https://glints.com/id/opportunities/jobs/supervisor-cutting/8f4e3278-94a7-4843-b5d6-325c0f9fb555
3593,test,https://glints.com/id/opportunities/jobs/health-safety-and-environment-hse-engineer/91a194ff-d2a9-4717-97ac-5e5930d69f35
3594,train,https://glints.com/id/opportunities/jobs/staff-dokumentasi/44199502-0730-4725-a6a7-00063a229401
3595,train,https://glints.com/id/opportunities/jobs/asisten-hr/98136767-d48c-427e-ae67-c6af787ba0c0
3596,train,https://glints.com/id/opportunities/jobs/admin/83c98024-7544-42d2-b448-0a92eb2dcbf7
3597,train,https://glints.com/id/opportunities/jobs/admin-e-commerce/c1da0fd1-8b9c-40ed-a81f-307e598b0d33
3598,validation,https://dealls.com/loker/sales-executive-surabaya-1~pt-bukitmega-masabadi
3599,train,https://dealls.com/loker/quality-management-system-1~pt-global-service-indonesia
3600,train,https://dealls.com/loker/network-and-gpon-engineer~pt-global-service-indonesia
3601,train,https://dealls.com/loker/sap-abap-developer-2~pt-global-service-indonesia
3602,test,https://glints.com/id/opportunities/jobs/staf-dapur/99d5b6ab-1578-4e5a-9fb1-eb09f35a4774
3603,train,https://dealls.com/loker/uiux-designer-internship~pt-qtera-mandiri
3604,train,https://dealls.com/loker/head-store-produk-smartphone-kota~kharisma-potensia-indonesia
3605,train,https://glints.com/id/opportunities/jobs/social-media-officer/95053cfc-7c08-4960-9b2e-7208dca08ea6
3606,train,https://glints.com/id/opportunities/jobs/freelance-bakers-helper/00bae7c4-7cf6-49a5-b391-49eff7f3e126
3607,train,https://glints.com/id/opportunities/jobs/sales-assistant/4b52c5af-23f1-442d-afc5-a9c308dbbe46
3608,train,https://glints.com/id/opportunities/jobs/esrpu-perencanaan-aset-stock-and-sdm/2cca7585-7385-4253-8cc3-9bb6e0ae2c86
3609,train,https://dealls.com/loker/product-marketing-13~pt-multicipta-persada-rekasatya
3610,train,https://glints.com/id/opportunities/jobs/social-media-specialist/d45f08a1-8f23-4f36-8851-fa001ab1fb0e
3611,train,https://dealls.com/loker/admin-accounting-4~hayami-kreasi-indonesia
3612,train,https://glints.com/id/opportunities/jobs/data-entry-freelancer/0b02085f-388a-4c95-846a-223b418c1cbc
3613,train,https://glints.com/id/opportunities/jobs/business-development-executive/be62b22d-1d6a-4355-ab2e-884e471f5556
3614,train,https://dealls.com/loker/warehouse-supervisor-13~ptenseval-putera-megatrading-tbk
3615,train,https://glints.com/id/opportunities/jobs/admin-officer/55af1a45-629b-4615-a5e7-714bb14249b1
3616,train,https://dealls.com/loker/shift-leader-of-engineering-palembang~pt-cs2-pola-sehat
3617,validation,https://glints.com/id/opportunities/jobs/staf-gudang-online-shop/6f86181c-6c4f-4d21-8be9-d8350857e532
3618,train,https://glints.com/id/opportunities/jobs/sales-executive/5a9863c0-2ee6-4408-bb38-dc2db98776c2
3619,train,https://glints.com/id/opportunities/jobs/admin/ea95d3b7-b64c-45f4-8d19-bab1243c8d8f
3620,train,https://glints.com/id/opportunities/jobs/customer-service/698b9f2d-c14f-4b4b-b64d-c9e9399e9d84
3621,train,https://glints.com/id/opportunities/jobs/computerman/37da88af-f0d5-4d48-8372-18b5f06aeba3
3622,train,https://glints.com/id/opportunities/jobs/sales-promotor/5fe78578-59c9-4860-ac1e-63be10a586b5
3623,train,https://dealls.com/loker/marketing-and-communication-staff~damai-indah-golf
3624,validation,https://dealls.com/loker/customer-service-yogyakarta-3~pt-inisiatif-semua-bisa
3625,train,https://glints.com/id/opportunities/jobs/sales-wifi-my-republic-pematangsiantar/8433075c-ec8d-4129-b9c5-cfb88ce235b7
3626,test,https://glints.com/id/opportunities/jobs/instruktur-bahasa-jepang/204f676a-00ad-456f-bd05-3575ad9132f4
3627,train,https://glints.com/id/opportunities/jobs/project-engineer-hvac/1f800669-ef16-4939-b7a9-47d3915df79e
3628,train,https://glints.com/id/opportunities/jobs/dokter-praktik/f4b2e209-da48-47b2-8b9d-430a560f8fed
3629,train,https://glints.com/id/opportunities/jobs/operator-produksi/d3ae14a3-1479-4e45-b404-1e55850abfc7
3630,train,https://dealls.com/loker/management-trainee-45~pt-multi-arthamas-glass-industry
3631,train,https://dealls.com/loker/financial-analyst-assistant-manager~pt-santos-jaya-abadi-kapal-api-global
3632,validation,https://glints.com/id/opportunities/jobs/fulltime-webcomic-cleaning-and-layouting-artist/91204f42-419b-4dc1-b71b-c8ed15a7b29e
3633,test,https://dealls.com/loker/mitra-training-associate~dashelectric
3634,train,https://glints.com/id/opportunities/jobs/teknisi-cuci-mobil-and-poles/8d90569d-2cba-4ba5-a7ad-228b5d42bd6e
3635,train,https://glints.com/id/opportunities/jobs/staff-operasional/651e230b-ee0a-4588-8dcb-64a1f619a191
3636,test,https://glints.com/id/opportunities/jobs/kepala-outlet-tangerang/4b1032f4-aa60-480f-bc2c-977f65107a7c
3637,train,https://glints.com/id/opportunities/jobs/security-satpam/11b108e6-95a4-4a88-a979-f39338f41cd3
3638,train,https://glints.com/id/opportunities/jobs/operator-warehouse/9bd8cc9a-89d1-4f32-b674-84134d5cfdec
3639,train,https://dealls.com/loker/b2b-specialist-1~cv-cipta-sehat-anugrah
3640,validation,https://glints.com/id/opportunities/jobs/kepala-toko-retail-cikampek/c06fd81f-dc34-4f5c-8723-55cfab9b4958
3641,train,https://dealls.com/loker/driver-dps~pt-vidya-artha-tama
3642,validation,https://glints.com/id/opportunities/jobs/store-crew/04082db8-7d3e-4233-8535-387448e8655a
3643,train,https://glints.com/id/opportunities/jobs/e-commerce-manager/c850f660-3c66-42d3-9eae-635ced6ead39
3644,train,https://dealls.com/loker/marketing-insurance-specialist-1~fp-one
3645,validation,https://glints.com/id/opportunities/jobs/store-manager/9423541e-eae3-48cf-a2fa-759ce83a3066
3646,validation,https://glints.com/id/opportunities/jobs/retail-specialist/5b2407db-ff05-48a0-ae1f-a3376d36158b
3647,train,https://glints.com/id/opportunities/jobs/staff-finance/2a22bdfb-71ca-4e70-b84f-054917a878ad
3648,train,https://glints.com/id/opportunities/jobs/admin-customer-service/04cdd040-86ec-4b95-9871-0e455e5449c1
3649,validation,https://dealls.com/loker/hcbp-intern-titipaja~anteraja
3650,train,https://glints.com/id/opportunities/jobs/sales-promotor/7a57b009-0451-4b09-91ce-f39fe5e07726
3651,train,https://dealls.com/loker/individual-financing-officer-bandar-lampung~btpn-syariah
3652,train,https://dealls.com/loker/coordinator-hub-jogja~anteraja
3653,test,https://glints.com/id/opportunities/jobs/general-affair-intern-toffeedev/825dfb6a-8d0c-4954-8fce-4d038a919b2a
3654,train,https://glints.com/id/opportunities/jobs/fashion-designer/980c0604-944c-4288-acc1-ec79603062a1
3655,train,https://glints.com/id/opportunities/jobs/asisten-rumah-tangga-art/e63ebd9f-5c5f-453b-a50f-52ae3c3d80f8
3656,train,https://glints.com/id/opportunities/jobs/staff-maintenance/d28dc54b-c365-4df2-98cf-c9b7298c911c
3657,validation,https://glints.com/id/opportunities/jobs/operator-produksi/468b905e-4ccd-4087-a69d-c1a5447caede
3658,train,https://glints.com/id/opportunities/jobs/admin-gudang/8d8ab53e-4a04-4f9d-85cd-30ae5cb2552d
3659,train,https://dealls.com/loker/it-programmer-staff-2~pt-indomobil-finance-indonesia
3660,train,https://glints.com/id/opportunities/jobs/student-progress-advisor-spa/a05cbda3-3cb6-4a05-ab1a-9fd5c6435654
3661,train,https://glints.com/id/opportunities/jobs/admin-produksi/e67091d6-d413-4845-90c8-bf9662858ec5
3662,train,https://glints.com/id/opportunities/jobs/product-designer/4df69d7f-645c-4b0c-b840-6ebef0d02bd2
3663,test,https://glints.com/id/opportunities/jobs/operasional-gudang/8bd622d2-4572-40e9-8af6-aaf6b61e0838
3664,validation,https://dealls.com/loker/marketing-support-staff~dexa-group
3665,test,https://glints.com/id/opportunities/jobs/customer-service/c54af499-a75a-447f-9b17-c164be59e7c2
3666,train,https://glints.com/id/opportunities/jobs/produksi/def4b9ea-a9cd-4aaf-a461-b3ac171f84ad
3667,validation,https://glints.com/id/opportunities/jobs/petugas-kebersihan-cleaning-service-dapur-mbg/4f6faa7f-b40f-4378-9472-038cc028833c
3668,train,https://glints.com/id/opportunities/jobs/penulis-artikel/2196cbe0-97af-4608-9294-8f1c699e509e
3669,train,https://glints.com/id/opportunities/jobs/tenaga-produksi/f9a4efd0-b928-47ec-857e-50f650e247da
3670,train,https://glints.com/id/opportunities/jobs/site-manager/1a1e8917-80c4-4113-8394-cdddc9a98e1c
3671,validation,https://glints.com/id/opportunities/jobs/administrasi/5bc92cd7-1d90-492b-91a5-bb16a1bb847c
3672,train,https://glints.com/id/opportunities/jobs/sosial-media-spesialis/7bd6b0db-9cd3-48b7-a974-60bfc659e36a
3673,train,https://glints.com/id/opportunities/jobs/staff-produksi/1e900865-e6bc-435b-9e4b-f96f4dcb7bec
3674,test,https://glints.com/id/opportunities/jobs/maintenance-staff/533b41cb-95e4-4c38-bc1d-a57a8e783df8
3675,test,https://glints.com/id/opportunities/jobs/drafter-engineering-elektrikal/2fffea66-3d29-4427-afce-85ea6d68c171
3676,train,https://dealls.com/loker/daily-worker-banquet-crew-hotel~kharisma-potensia-indonesia
3677,test,https://glints.com/id/opportunities/jobs/product-development/4cedf773-d2d1-4420-bfac-cc6ceeabf150
3678,train,https://glints.com/id/opportunities/jobs/security-kabupaten-sumedang/e82f2acc-ceac-4f3d-99c3-625381f58909
3679,train,https://glints.com/id/opportunities/jobs/operator-produksi/1ba78d7d-74f7-44f8-ba41-f08934589b50
3680,train,https://glints.com/id/opportunities/jobs/operator-produksi/696028c0-1007-45d3-b9d0-425f6bdefde3
3681,train,https://dealls.com/loker/sales-produk-kecantikan~pt-sejahtera-abadi-bimantara
3682,train,https://dealls.com/loker/leader-c2b-cutting-sewing-assembling~pou-chen-group-indonesia
3683,test,https://glints.com/id/opportunities/jobs/staf-administrasi/980b2c7c-0c42-4a71-a556-061909f05bc0
3684,train,https://glints.com/id/opportunities/jobs/kabag-finishing-tekstil/8b901fbd-405a-4fea-8a83-cf0027e8f2a5
3685,train,https://glints.com/id/opportunities/jobs/pramuniaga/880f64f4-bff6-444f-a67f-b2e19b9c4102
3686,train,https://glints.com/id/opportunities/jobs/staff-legal/e3441328-e1e8-4496-9af7-e976cc96b191
3687,train,https://dealls.com/loker/technical-support-11~ptinternet-mulia-untuk-negeri
3688,train,https://glints.com/id/opportunities/jobs/spv-produksi/3edcb433-d2fb-4674-8773-40dd5ff45da0
3689,train,https://glints.com/id/opportunities/jobs/r-and-d-staff/c5233604-27fd-4502-aa29-f8284fd2c51e
3690,validation,https://dealls.com/loker/graphic-design-supervisor~pt-cs2-pola-sehat
3691,test,https://glints.com/id/opportunities/jobs/staff-packing/03008a5e-c5bd-4105-bbe2-facf8a4e2429
3692,test,https://dealls.com/loker/external-and-partnership~kula
3693,train,https://glints.com/id/opportunities/jobs/checker-gudang/08782989-10de-402c-8604-6239a9403173
3694,validation,https://dealls.com/loker/treasury-supervisor-1~pt-indofood-1
3695,train,https://dealls.com/loker/supervisor-it-security-and-compliance~pt-indofood-1
3696,train,https://dealls.com/loker/admin-sales-support-1~modena
3697,train,https://glints.com/id/opportunities/jobs/dokter-researcher/71009574-45fc-4a43-b534-5d80d53a94e7
3698,train,https://glints.com/id/opportunities/jobs/quality-control-maintenance/22735e7a-26f9-438c-be30-acb1c8d5edb4
3699,train,https://dealls.com/loker/graphic-designer-173~jakmallcom
3700,train,https://glints.com/id/opportunities/jobs/secretary/4145523f-fc8a-4f22-8d4d-b285ca0e3179
3701,train,https://glints.com/id/opportunities/jobs/social-media-specialist/25f78eea-c737-410c-8c51-0a929bf8d570
3702,train,https://glints.com/id/opportunities/jobs/spv-pabrik-plastik/76ce4f2f-0f19-4825-b26c-61d147c42683
3703,test,https://dealls.com/loker/entrepreneurship-course-specialist~universitas-ciputra-surabaya
3704,test,https://glints.com/id/opportunities/jobs/beauty-advisor-area-manado/5b31c2f9-cad7-48fc-8699-dc88dc2ae9d4
3705,train,https://dealls.com/loker/mitra-administrasi~rekosistem
3706,validation,https://dealls.com/loker/creative-digital-content-specialist-1~pt-gdc-multi-sarana
3707,train,https://glints.com/id/opportunities/jobs/desk-collection/1c9e97ac-f05d-403b-95f6-49daa7197ebc
3708,test,https://dealls.com/loker/it-middleware~pt-bank-digital-bca-bca
3709,train,https://glints.com/id/opportunities/jobs/staff-lapangan/37689ed8-54f6-4d8c-ace9-fac0a7f69467
3710,train,https://glints.com/id/opportunities/jobs/customer-support-officer/58467513-5f0d-4a97-bfa8-776fbd310c3c
3711,train,https://dealls.com/loker/commercial-executive-semarang~ptenseval-putera-megatrading-tbk
3712,test,https://glints.com/id/opportunities/jobs/it-quality-assurance/9a132ae1-ca64-4187-bf36-d1a8b9267113
3713,train,https://dealls.com/loker/well-being-and-counseling-officer~universitas-ciputra-surabaya
3714,train,https://dealls.com/loker/hr-recruitment-officer-1~pt-cahaya-murni-central-java
3715,train,https://glints.com/id/opportunities/jobs/kol-specialist/171f1c4d-2429-40dd-925a-beb2503df9e1
3716,train,https://dealls.com/loker/lowongan-supervisor-transporter-rumah-sakit-1~tpm-group-1
3717,validation,https://glints.com/id/opportunities/jobs/sales-executive/6a3bb3fb-f9c1-42e9-b223-3fe6a801e253
3718,train,https://dealls.com/loker/sales-executive-salatiga-1~pt-inisiatif-semua-bisa
3719,validation,https://dealls.com/loker/commerce-technical-pekalongan-factory~pou-chen-group-indonesia
3720,train,https://glints.com/id/opportunities/jobs/sales-promotion-girl-spg/6ad79fc0-9ab9-4601-8129-d1909587231a
3721,train,https://dealls.com/loker/account-executive-bandung~pt-cs2-pola-sehat
3722,train,https://glints.com/id/opportunities/jobs/teknisi-pest-control/d9a0a135-f0c4-4058-82bb-d48e77734b2f
3723,train,https://glints.com/id/opportunities/jobs/staff-produksi/7c9f6ceb-3a5b-4700-a36d-a153bb5fd183
3724,train,https://glints.com/id/opportunities/jobs/service-supervisor/6a79e9ec-503e-42a9-9cbf-03fa82204173
3725,train,https://dealls.com/loker/kepala-produksi-1~cv-nomnom-indonesia
3726,train,https://glints.com/id/opportunities/jobs/leader-preparation-produksi/28db8aae-a2ab-402f-87b5-0a3d9130d689
3727,validation,https://dealls.com/loker/consumer-and-market-research-qualitative~pt-cs2-pola-sehat
3728,train,https://glints.com/id/opportunities/jobs/desk-collection/384f3ee2-50e6-482c-b2a6-20b3a4dc295e
3729,validation,https://dealls.com/loker/staff-laboratorium~pou-chen-group-indonesia
3730,train,https://glints.com/id/opportunities/jobs/store-manager/6f527d02-0f67-4c49-b7ab-5ef84f71c951
3731,train,https://dealls.com/loker/people-development-3~kharisma-potensia-indonesia
3732,train,https://glints.com/id/opportunities/jobs/mitra-desk-collection/d6013a35-9180-4d1d-9273-67ec3fb149c2
3733,train,https://glints.com/id/opportunities/jobs/pengawas-lapangan-fiber-optic/c593cc4f-4c12-46f0-995a-273e1d3208ac
3734,validation,https://dealls.com/loker/sales-and-marketing-specialist-71~pt-generus-sukses-mandiri
3735,test,https://dealls.com/loker/credit-analyst-coordinator~pt-indomobil-finance-indonesia
3736,validation,https://glints.com/id/opportunities/jobs/pramusaji/dd6fb644-cae8-4387-9390-97589fe8e16c
3737,train,https://glints.com/id/opportunities/jobs/hair-stylist/8f206284-0750-46ef-bd0f-1fe4363b0f9b
3738,train,https://glints.com/id/opportunities/jobs/office-boy/d9fd3d86-7c90-47d6-abd9-cfe65c4a85c0
3739,train,https://dealls.com/loker/branch-head-development-program-bhdp~pt-indomobil-finance-indonesia
3740,validation,https://glints.com/id/opportunities/jobs/port-captain-tugboat/f28cb083-90e8-4703-bdee-71f7b6140e47
3741,test,https://glints.com/id/opportunities/jobs/project-manager/208b919b-7e14-4b99-971f-2a3a5e778cfb
3742,train,https://glints.com/id/opportunities/jobs/sample-coordinator/3f219620-374b-48c8-a3d1-dd42f43f5e5e
3743,test,https://glints.com/id/opportunities/jobs/junior-instrumentation-engineer/326dd7fc-f76a-43a5-9e7b-2b8e4f44957a
3744,validation,https://dealls.com/loker/fisioterapis~pt-cs2-pola-sehat
3745,train,https://dealls.com/loker/software-engineer-bsd~pt-mitra-pinasthika-mustika-rent-mpm-rent
3746,train,https://glints.com/id/opportunities/jobs/pembuat-soal-hots-dan-tka-bahasa-indonesia/4d271009-6915-4c13-86c3-5d7a9f6e9461
3747,train,https://glints.com/id/opportunities/jobs/batching-plant-operator/9df11092-6352-4176-aa11-47533944da28
3748,train,https://dealls.com/loker/senior-digital-marketing~pt-higienis-indonesia
3749,train,https://dealls.com/loker/human-resources-generalist-29~pt-indonesia-bole-yuma-human
3750,test,https://dealls.com/loker/business-admin-control-staff~pt-indomobil-finance-indonesia
3751,train,https://dealls.com/loker/production-staff-3~jala
3752,train,https://glints.com/id/opportunities/jobs/admin-warehouse/b27200b6-e5f7-43ce-937c-5a387d031475
3753,train,https://glints.com/id/opportunities/jobs/it-support-staff/5e2ca7f0-6ff9-4ebd-8413-4ce67506d4f7
3754,train,https://glints.com/id/opportunities/jobs/admin-produksi-rumah-batik-cipaku/62ea32c2-bcd3-45b4-be92-7656c27950f7
3755,train,https://dealls.com/loker/maintenance-technician-project~pt-santos-jaya-abadi-kapal-api-global
3756,train,https://dealls.com/loker/logistic-officer-1~pt-cilia-prisma-utama-makmur
3757,train,https://glints.com/id/opportunities/jobs/spesialis-data-entry/7f335841-b7b2-4620-abbd-458a40576851
3758,train,https://dealls.com/loker/dokter-gigi-dentist~pt-bertumbuh-melejit-berkah
3759,train,https://glints.com/id/opportunities/jobs/staff-customer-service/d56d6236-27ba-4e3a-9dca-16b2ead19ccd
3760,validation,https://glints.com/id/opportunities/jobs/kol-specialist/310b3e30-4604-46fe-983b-49ad0c477d06
3761,train,https://dealls.com/loker/business-development-212~pt-node-solusi-teknologi
3762,train,https://dealls.com/loker/teknisi-sgr-service-elektronik-pekanbaru~kharisma-potensia-indonesia
3763,train,https://glints.com/id/opportunities/jobs/illustrator/bebc784c-818c-4541-9ea1-9fe9d71843f3
3764,train,https://dealls.com/loker/finance-coordinator-makassar-sulawesi-sela~kharisma-potensia-indonesia
3765,validation,https://glints.com/id/opportunities/jobs/asisten-manager/fcf61278-30aa-43e5-9954-ccaac9696a77
3766,test,https://glints.com/id/opportunities/jobs/qa-manager/13dcbfda-2039-45e8-a9b6-f258aa365816
3767,train,https://glints.com/id/opportunities/jobs/teknisi-maintenance-boyolali/e4393f39-ea39-469e-b528-2e608d307990
3768,train,https://glints.com/id/opportunities/jobs/kasir/76426fa8-0124-4dab-aae1-a91e1033d41b
3769,test,https://glints.com/id/opportunities/jobs/k9-handler/e7ef27f4-b941-4266-8905-88ee6e2b7901
3770,validation,https://glints.com/id/opportunities/jobs/quality-controller/1e9dfe55-4c40-4322-8dda-c420710388e0
3771,validation,https://glints.com/id/opportunities/jobs/supervisor-tekniker-gigi/f612036f-83ab-4022-974d-c7f322b59d16
3772,test,https://glints.com/id/opportunities/jobs/administrator-hr/05a87d30-1c85-43ca-847d-d42a6137b8b4
3773,validation,https://dealls.com/loker/sales-representative-jakarta-tangerang-bekasi~pt-cilia-prisma-utama-makmur
3774,train,https://glints.com/id/opportunities/jobs/field-collection/d3e292b5-f816-4455-a8cc-69d23c45976a
3775,test,https://dealls.com/loker/manager-trainee-mt-2~royal-trust
3776,train,https://glints.com/id/opportunities/jobs/store-manager/32b29b48-47c3-46be-bbe4-efe25fc78b33
3777,train,https://glints.com/id/opportunities/jobs/graphic-designer/b5e0b136-3fe2-43f9-8eec-93963a68d4ef
3778,train,https://glints.com/id/opportunities/jobs/planning-produksi/b0396331-33d0-4d6f-b851-0c2fb1286dac
3779,train,https://glints.com/id/opportunities/jobs/social-media-specialist/806efe13-5abe-409c-8bea-fe6be4516e07
3780,test,https://dealls.com/loker/chief-steward~pt-polyland-group-indonesia
3781,test,https://glints.com/id/opportunities/jobs/kepala-produksi-garmen-head-of-garment/3413c952-1d42-49ce-85c8-e507b7c299b1
3782,validation,https://dealls.com/loker/brand-activation-specialist-2~ordoapps
3783,train,https://glints.com/id/opportunities/jobs/a-and-r-artists-and-repertoire/ce8701b7-6292-48ec-b611-f35a50a0ae30
3784,train,https://dealls.com/loker/social-media-specialist-136~pt-espresso-italia-1
3785,train,https://dealls.com/loker/social-media-manager-bilingual-mandarin~reemotely
3786,train,https://glints.com/id/opportunities/jobs/staff-pendataan/8a669b3d-0bd8-4a08-bc6e-90ae6edb0b98
3787,train,https://glints.com/id/opportunities/jobs/customer-service/ae3d2b46-ea73-4c11-88b7-ed38589ef755
3788,train,https://glints.com/id/opportunities/jobs/tenaga-produksi/d3875363-a1cf-40eb-bd46-605a059f7f85
3789,train,https://glints.com/id/opportunities/jobs/repair-technician-internship/9a659a0f-4881-45aa-b2c3-a9a2e5aa9b16
3790,train,https://glints.com/id/opportunities/jobs/area-sales-manager/3ecd500a-1169-4043-b31a-b8bda322a0c1
3791,train,https://glints.com/id/opportunities/jobs/tour-consultant/bc213a5d-1b40-4897-a5af-904668076e31
3792,train,https://glints.com/id/opportunities/jobs/video-content-creator/c0b50a4c-4a24-4627-b993-69b82894114b
3793,validation,https://glints.com/id/opportunities/jobs/kasir-carwash/5849a278-a3c4-41dc-a906-317b4eb56970
3794,test,https://glints.com/id/opportunities/jobs/operator-produksi/79df312b-300c-4bc9-84e1-350955431eec
3795,train,https://glints.com/id/opportunities/jobs/digital-performance-marketing/0007a1c0-a81d-46bc-9aef-3d6c1e6d161f
3796,validation,https://glints.com/id/opportunities/jobs/staff-accounting/a6290e22-11ea-4e00-a402-d2f2e7b77617
3797,test,https://glints.com/id/opportunities/jobs/graphic-designer/2f806770-b68d-4bac-83ed-7b73a354ac4c
3798,train,https://glints.com/id/opportunities/jobs/brand-associate/f31a3d4b-f091-43eb-844b-102c150bc416
3799,train,https://glints.com/id/opportunities/jobs/tenaga-security-pekanbaru/950487e1-5418-4bc9-b954-88c38519a0d0
3800,test,https://glints.com/id/opportunities/jobs/satpam-pabrik/e3c5b355-f09a-42c7-ac9c-ccc9e100688d
3801,validation,https://glints.com/id/opportunities/jobs/graphic-designer/3fe64ec1-9404-47f3-96f2-4df8067f1969
3802,validation,https://glints.com/id/opportunities/jobs/teknisi-maintenance-gps-tracker/096c3b9b-b1ac-47a7-bcd7-9e786e04c8ed
3803,train,https://glints.com/id/opportunities/jobs/personal-assistant/048e6f6c-48fb-4dff-930b-e7d24d77238c
3804,train,https://glints.com/id/opportunities/jobs/general-affair/2afee8b3-a847-4616-ab68-f56a9f0c1d6e
3805,test,https://glints.com/id/opportunities/jobs/staff-ticketing/43eedd5a-bee9-45eb-9475-bfdc412df245
3806,test,https://glints.com/id/opportunities/jobs/marketing/4f78fe3c-b7ae-4c05-abdd-d5cd58fb0358
3807,test,https://dealls.com/loker/head-of-marketing-for-depot~bpconsultinggroup
3808,validation,https://glints.com/id/opportunities/jobs/medical-representative/2700023e-7744-4ab3-b976-479f672213cf
3809,train,https://glints.com/id/opportunities/jobs/kasir-seven-nad-petshop-citra-raya-wanita/0b5977cf-685e-4a51-8f19-c2d4d0071719
3810,train,https://glints.com/id/opportunities/jobs/staff-celupan-dyeing/1e0adc71-37ad-4d61-a58b-256bb4d76683
3811,train,https://glints.com/id/opportunities/jobs/staff-produksi/22995f6b-3881-45e6-a158-4c5a2bbd0a4a
3812,train,https://glints.com/id/opportunities/jobs/purchase/7056a883-4e04-4bcb-a21b-8a04796288d5
3813,train,https://glints.com/id/opportunities/jobs/field-engineer/18f6d05c-3d87-4238-88d2-23598df94054
3814,test,https://glints.com/id/opportunities/jobs/supervisor-restoran/691e0523-f957-42b1-ac94-2d68b81af765
3815,test,https://dealls.com/loker/design-communication-internship~adira-finance
3816,train,https://glints.com/id/opportunities/jobs/host-live-streaming/6fb22a1a-7564-48bf-a322-04b90a84f3ed
3817,train,https://glints.com/id/opportunities/jobs/customer-service/d3a588f6-9249-45b7-af6f-1a861bbe991f
3818,test,https://glints.com/id/opportunities/jobs/staff-purchasing/915589a9-e12d-4561-82d9-955fde09dcae
3819,train,https://dealls.com/loker/quantity-surveyor-qs-estimator~pillar-group
3820,train,https://dealls.com/loker/finance-ap-staff~kharisma-potensia-indonesia
3821,test,https://glints.com/id/opportunities/jobs/admin-sekolah-musik/e269fe15-f620-453a-a253-81fa56f3287c
3822,validation,https://dealls.com/loker/business-partner-internship-growth-and~pt-bank-digital-bca-bca
3823,test,https://dealls.com/loker/hris-staff~pt-cs2-pola-sehat
3824,train,https://glints.com/id/opportunities/jobs/kepala-security-team/8cda7c30-01ee-4967-b47f-df4f404b6660
3825,train,https://glints.com/id/opportunities/jobs/site-manager/cd267439-699d-40db-a2e2-61de5f0ba481
3826,validation,https://dealls.com/loker/host-live-streaming-69~jakmallcom
3827,train,https://dealls.com/loker/manajer-proyek-praktisi-lapangan~jakmallcom
3828,test,https://glints.com/id/opportunities/jobs/chief-tenant-relation/a1e803af-770b-4356-963e-6b762444542d
3829,test,https://glints.com/id/opportunities/jobs/engineer/6a9c9344-ce26-42ce-b4ec-1f381e558285
3830,train,https://dealls.com/loker/koordinator-teknisi~pt-danapaint-indonesia
3831,test,https://glints.com/id/opportunities/jobs/desk-collection-penempatan-bojongsari/9dbde66c-89a2-4012-a548-1d142581fa97
3832,train,https://glints.com/id/opportunities/jobs/staff-penjualan/699584bf-3a1b-4c8a-b2cf-b0a760f45306
3833,train,https://glints.com/id/opportunities/jobs/driver/4744076e-b8b9-4a8f-9904-baef84950d08
3834,train,https://glints.com/id/opportunities/jobs/frontliner-erafone-dukuhwaluh-banyumas/4821fe20-e8e9-442e-8bab-abf0c4363610
3835,train,https://glints.com/id/opportunities/jobs/livestreamer/062212cf-82d7-4653-96ae-c7b2370961ab
3836,validation,https://dealls.com/loker/relationship-manager-new-car-loan~bank-shinhan-indonesia
3837,test,https://glints.com/id/opportunities/jobs/telemarketing-staff/f083e9cd-3680-4a8d-9481-65c34da37e34
3838,test,https://glints.com/id/opportunities/jobs/field-assistant-penempatan-cianjur/6e091c26-d4b2-475f-b047-7399039d0f47
3839,train,https://glints.com/id/opportunities/jobs/staf-jalur/4cba024c-4753-44ba-a77d-03f7328c9775
3840,train,https://glints.com/id/opportunities/jobs/admin-and-finance/8c7cac07-8cfa-4fe0-a310-1a2c249bca58
3841,train,https://glints.com/id/opportunities/jobs/kasir/b1bf762d-95ca-4727-ad06-34da21b6493a
3842,test,https://glints.com/id/opportunities/jobs/dokter-spesialis-penyakit-dalam/0d5fe0b6-1c1e-40ba-bcb9-505b285abbfe
3843,validation,https://glints.com/id/opportunities/jobs/interior-design-architect/60712b11-7ea5-447b-8550-b7ea1f0264b9
3844,train,https://glints.com/id/opportunities/jobs/social-media-specialist/d2b186d2-a6e2-4c4c-a24a-bd95ba5ea796
3845,train,https://glints.com/id/opportunities/jobs/junior-barista-malang/2409114f-f764-40c0-b528-39bc78316b72
3846,train,https://glints.com/id/opportunities/jobs/admin/e4d304d6-4e57-4c15-9841-609493e7e2ba
3847,train,https://glints.com/id/opportunities/jobs/dokter-klinik/400dd8bd-6bba-4029-9745-ed24b311baf6
3848,train,https://glints.com/id/opportunities/jobs/helper-technical/23e0ec52-ad10-4572-acba-f2f7af0a2693
3849,train,https://glints.com/id/opportunities/jobs/customer-service/0d9e239e-73f9-4a3a-9a3e-3b46a3694621
3850,train,https://glints.com/id/opportunities/jobs/operator-produksi/9c5a8e88-2a41-4c0f-b659-2c8c2d9384c4
3851,train,https://glints.com/id/opportunities/jobs/model/bb3cd30d-3123-4f8e-8411-02f8224c28cb
3852,train,https://glints.com/id/opportunities/jobs/marketing-specialist/b2aebe63-e00b-4c21-a05c-ed1c41098c79
3853,validation,https://dealls.com/loker/pramuniaga-3~kjperabot
3854,train,https://glints.com/id/opportunities/jobs/sales-marketing/0ae84d34-2d0a-447b-8ce0-66d27a59d2b0
3855,train,https://dealls.com/loker/admin-warehouse-2~hayami-kreasi-indonesia
3856,train,https://glints.com/id/opportunities/jobs/radiografer/a08fefa1-8e2e-4fc2-991e-0630622fde52
3857,train,https://glints.com/id/opportunities/jobs/host-live/5bc927d9-4e51-49f8-8ef9-72f8058cdb8e
3858,train,https://glints.com/id/opportunities/jobs/marketing-communication/23cb09d9-ac26-4114-9720-1a6555343725
3859,train,https://glints.com/id/opportunities/jobs/business-development/b0e03747-631f-4551-b725-92bd5cdc7f06
3860,train,https://glints.com/id/opportunities/jobs/staff-produksi/36c7cbab-b73b-43d7-9735-69dcf46b0607
3861,train,https://glints.com/id/opportunities/jobs/packaging-development-staff/d3cbdcf5-66fd-4590-8574-d6e26a249750
3862,train,https://glints.com/id/opportunities/jobs/barback/ac614039-9d1d-470f-9579-539d822f9d97
3863,test,https://glints.com/id/opportunities/jobs/teknisi/ea1ade02-e688-4efd-a038-7fcae5f80155
3864,validation,https://glints.com/id/opportunities/jobs/marketing-associate/fc63a7b3-41cc-474b-98d0-8dc450c20892
3865,test,https://glints.com/id/opportunities/jobs/driver-mobil-tronton-wb/6da42eed-b2fc-4afa-8a73-2670a48ec3e1
3866,validation,https://glints.com/id/opportunities/jobs/customer-service/05279fef-53fd-43e7-ac94-c93ea7481cb5
3867,test,https://glints.com/id/opportunities/jobs/custody/f491a3d1-5628-4edd-b7fa-518c1a4645fd
3868,train,https://glints.com/id/opportunities/jobs/staff-it/97b4f916-0bf9-400e-9068-40dda94aea8e
3869,validation,https://glints.com/id/opportunities/jobs/administration/b7a2edfa-8dc3-4d84-9339-7766598a0959
3870,test,https://glints.com/id/opportunities/jobs/salesman/6f16c210-9049-4d9d-849e-527d2cc0d86d
3871,test,https://glints.com/id/opportunities/jobs/supervisor/78a8162e-663c-4aeb-9a22-28c9fb18c517
3872,test,https://glints.com/id/opportunities/jobs/quality-control-operator/1745da55-2377-4f21-85a1-6b33426c21e4
3873,train,https://glints.com/id/opportunities/jobs/r-and-d-manager/9ae9610d-c60e-40c4-a9b9-7f8775bace5f
3874,train,https://dealls.com/loker/senior-tax-2~pt-bank-digital-bca-bca
3875,train,https://glints.com/id/opportunities/jobs/digital-marketing/64c6acec-8293-49be-8771-523631b5e9b8
3876,train,https://glints.com/id/opportunities/jobs/customer-service/5f3e65f7-a559-43a7-a660-78c3d1cf8f7f
3877,train,https://glints.com/id/opportunities/jobs/helper-gudang-online/5b31203d-24f8-4bbc-9e91-958eb9aa35f1
3878,train,https://glints.com/id/opportunities/jobs/trip-attendant/56777ae1-e59c-41c5-a188-da3ef87cf54d
3879,train,https://dealls.com/loker/sales-area-coordinator-bali-and~pt-inisiatif-semua-bisa
3880,train,https://glints.com/id/opportunities/jobs/beauty-sales-advisor/c650e6b1-dd2f-4552-840d-0fb5c1ced814
3881,train,https://glints.com/id/opportunities/jobs/staff-penanganan-laka-driver-management/83d68101-a2c1-4910-9559-a536ecb7eba3
3882,train,https://glints.com/id/opportunities/jobs/remedial-officer-collection-bojonegoro/2b6acedb-fba6-4904-ae7d-940aa85f1a35
3883,train,https://glints.com/id/opportunities/jobs/bidan/fbcfd240-0f63-4c88-b5ed-e75c351f18dc
3884,train,https://glints.com/id/opportunities/jobs/customer-service/812373f3-9ac3-4147-bd3c-7df7da1a548d
3885,train,https://glints.com/id/opportunities/jobs/staf-dapur-makan-bergizi-gratis-mbg/c7a048cc-c1be-4960-a0b6-7c6e5f3fd926
3886,validation,https://dealls.com/loker/brand-awareness-creative-design~pt-bank-digital-bca-bca
3887,train,https://dealls.com/loker/personal-trainer-4~pt-dunia-nutrisi-indonesia
3888,test,https://glints.com/id/opportunities/jobs/model/66ff5cfb-224c-49ed-934b-54cc72011422
3889,validation,https://glints.com/id/opportunities/jobs/staff-gudang/bc60d90a-2175-46fd-bf82-44e42a3c6328
3890,train,https://dealls.com/loker/driver-direksi-1~united-creative
3891,train,https://dealls.com/loker/pelaksana-interior-site-manager~cv-ruang-karya-indonesia
3892,validation,https://glints.com/id/opportunities/jobs/social-media-specialist/74ac5d63-ba17-4bd4-bfc2-b36cd9d3f062
3893,test,https://dealls.com/loker/instruktur-staff~arista-group
3894,train,https://glints.com/id/opportunities/jobs/supervisor-quality-control/4c192c04-0e7e-49d5-aeca-0368a35cc91d
3895,train,https://dealls.com/loker/part-staff~arista-group
3896,train,https://glints.com/id/opportunities/jobs/project-manager/53896ad5-7252-4277-9e35-5ca44ca60938
3897,train,https://glints.com/id/opportunities/jobs/talent-manager/dd9b59ff-906b-4bbb-963a-bad1b39f883e
3898,train,https://glints.com/id/opportunities/jobs/internal-audit-staff/c8416e17-3d39-46d2-9acf-74fe1fd5dd06
3899,train,https://glints.com/id/opportunities/jobs/marketing/573edde2-90b3-489b-b865-a1eb8afaf3fa
3900,train,https://dealls.com/loker/system-administrator-data-warehouse~bringin-inti-teknologi
3901,train,https://glints.com/id/opportunities/jobs/sales-sparepart-alat-berat/7185b936-8d83-477b-81a8-bd044cb8d590
3902,train,https://glints.com/id/opportunities/jobs/store-management-trainee/111d310b-aef2-4dc2-aa8c-0755034a1d57
3903,validation,https://glints.com/id/opportunities/jobs/spg/8993106f-eaaf-48ce-8205-5828b862c446
3904,train,https://glints.com/id/opportunities/jobs/legal-intern/57779130-f16d-4882-82e6-d01ad8b550c0
3905,train,https://glints.com/id/opportunities/jobs/operational-manager/ffd745d3-7cd3-452d-8367-6905b837f042
3906,train,https://dealls.com/loker/assistant-manager-business-development-fandb~pt-inti-berkat-jaya
3907,train,https://dealls.com/loker/ssd-compliance-internship-1~adira-finance
3908,test,https://glints.com/id/opportunities/jobs/sales-promotor/4fc67e18-ecf6-48d1-9164-1d246e2761b9
3909,train,https://dealls.com/loker/it-service-staff~kharisma-potensia-indonesia
3910,test,https://glints.com/id/opportunities/jobs/driver-supir-mobil-box/ebea4d50-1c81-43af-9d37-92d37eab8737
3911,train,https://glints.com/id/opportunities/jobs/data-entry/1ef47ad5-f144-4c80-9a3c-bba44e2d5747
3912,train,https://glints.com/id/opportunities/jobs/human-capital/ca52cfc5-20b6-4869-b9b1-7e62335da557
3913,train,https://glints.com/id/opportunities/jobs/kasir/7f912df2-7cb6-4df8-9078-5f8c626007e0
3914,train,https://glints.com/id/opportunities/jobs/customer-service/de9838f7-9a2a-4255-8b6f-8de4970720fe
3915,train,https://glints.com/id/opportunities/jobs/staf-personalia/46c9644f-662e-4621-86af-e500fd8b8ca0
3916,train,https://dealls.com/loker/account-executive-enterprise~biznet-pt-supra-primatama-nusantara
3917,train,https://dealls.com/loker/branch-supervisor~biznet-pt-supra-primatama-nusantara
3918,train,https://glints.com/id/opportunities/jobs/operator-produksi-worker-folding/6b0864e2-9755-4d40-84df-e3eed25346be
3919,train,https://glints.com/id/opportunities/jobs/marketing-executive/e7ce9dea-5c63-47ec-99c4-72dfab7c1a91
3920,train,https://glints.com/id/opportunities/jobs/spg-aeon-mall-jakarta-garden-city/f82ec9c2-9eaa-471e-b892-6793b551c5eb
3921,train,https://dealls.com/loker/associate-ios-engineer~indodax
3922,train,https://glints.com/id/opportunities/jobs/staff-general-affairs/e01261fc-a741-4fbf-b69f-8fef585e5c8c
3923,test,https://glints.com/id/opportunities/jobs/sales-manager/2bde6465-b4e7-4bcc-a8e3-4008901349fd
3924,train,https://glints.com/id/opportunities/jobs/customer-service/1f3acb7c-9347-422a-b6e3-39cf33aec479
3925,train,https://glints.com/id/opportunities/jobs/customer-service/0b5dedea-7c18-4007-aa47-a5b8cef9d351
3926,train,https://glints.com/id/opportunities/jobs/operasional-staff-gudang/6bca012a-0b5e-4c15-830a-dd43fa79c240
3927,test,https://glints.com/id/opportunities/jobs/quality-assurance/e598c6dd-0e5b-4f7f-b9b3-5b97d7107678
3928,train,https://glints.com/id/opportunities/jobs/guru-tk-montessori/d0b9dfb5-4a1e-4475-a763-a03f66f0fdd7
3929,train,https://glints.com/id/opportunities/jobs/asisten-apoteker-harus-punya-str-aktif/63c1c675-7526-4bee-bf1b-a5363523609a
3930,train,https://glints.com/id/opportunities/jobs/account-manager/da2e4e9f-55d2-431f-a06d-c1e6ce2e7756
3931,train,https://glints.com/id/opportunities/jobs/finance-staff/30165f8b-ab4a-4630-8027-2d5879020292
3932,train,https://glints.com/id/opportunities/jobs/store-crew-penempatan-jember/fcc7f600-9701-43e4-8fae-d95542f41fd2
3933,train,https://glints.com/id/opportunities/jobs/admin-gudang/57546425-91ba-4d05-a09f-8b7e4f540966
3934,test,https://glints.com/id/opportunities/jobs/it-project-manager/9dd7ca89-2ab9-4599-9e5e-352ebe4e8754
3935,validation,https://glints.com/id/opportunities/jobs/koordinator-teknisi/32561ca2-e84b-4cef-bc76-3fcac7cafed3
3936,train,https://dealls.com/loker/sd-sap-marketing-order-pekalongan~pou-chen-group-indonesia
3937,train,https://glints.com/id/opportunities/jobs/studio-manager/ded10b4f-afc1-404c-8993-d1d4ac7a91a3
3938,train,https://glints.com/id/opportunities/jobs/teknisi-listrik/2d57dc16-4a00-4fdc-b18a-88392cf8832c
3939,train,https://glints.com/id/opportunities/jobs/teknisi-ac/d25c3a90-fdb6-4d8b-8f65-05556e553354
3940,train,https://glints.com/id/opportunities/jobs/administrasi/cfc3ebe5-34ec-47b3-bd34-344b9ebdb9d0
3941,test,https://dealls.com/loker/batching-plant-operator-2~brik
3942,train,https://glints.com/id/opportunities/jobs/waiters/1182994a-4ea8-488d-b3fc-87e1026a4ba9
3943,train,https://glints.com/id/opportunities/jobs/social-media-admin/a7b80cf6-7e5b-4ad2-ad71-1395a9f9d5db
3944,train,https://glints.com/id/opportunities/jobs/admin-sales/50779091-cdc5-4229-994d-78d7572269e5
3945,train,https://glints.com/id/opportunities/jobs/staf-gudang/f7c16958-61a2-4325-99dd-bdd210cd2c8f
3946,validation,https://glints.com/id/opportunities/jobs/assistant-relationship-manager/87ae8082-8752-429d-b4b0-ba7327b55540
3947,validation,https://glints.com/id/opportunities/jobs/sales-consultant/dfe3f909-a4e4-4918-a2f1-32ba7fd9569a
3948,train,https://dealls.com/loker/sales-generalis-bank-bumn~pt-pesona-cipta
3949,train,https://glints.com/id/opportunities/jobs/supervisor-salon/341672e1-f7be-43d2-9d7e-438bc0ad4e9b
3950,train,https://glints.com/id/opportunities/jobs/dokter-spesialis/55ace622-62de-4f0a-be42-983583b1b20e
3951,train,https://glints.com/id/opportunities/jobs/supervisor-baja-costruction/b934db9d-6978-4a17-b32f-142dc080785b
3952,validation,https://dealls.com/loker/content-creator-119~clogent
3953,train,https://dealls.com/loker/financial-consultant-7~valbury-asia-group
3954,train,https://dealls.com/loker/admin-marketplace-7~clogent
3955,test,https://glints.com/id/opportunities/jobs/staff-sales-marketing/5312004c-d53b-4976-a0e0-4af5c42d5ada
3956,train,https://dealls.com/loker/hr-labor-pekalongan-factory~pou-chen-group-indonesia
3957,test,https://glints.com/id/opportunities/jobs/senior-purchasing/a84ed1c7-f6ec-48e5-8f44-ec12865193bc
3958,train,https://glints.com/id/opportunities/jobs/spg-butik/8233c208-0c0e-426e-acbc-a4cb15c770d5
3959,train,https://glints.com/id/opportunities/jobs/operator-produksi/40c2aefc-e84c-4d1b-a148-23e298cb37a4
3960,train,https://glints.com/id/opportunities/jobs/security/2e9fefea-13be-4fc5-90a0-ec6317c3373a
3961,train,https://glints.com/id/opportunities/jobs/sales-consultant/87b4db21-4317-49ea-99f6-2eb16594fbb7
3962,test,https://glints.com/id/opportunities/jobs/kepala-gudang-warehouse-manager/cfd463d1-c349-43d3-98d6-24022bcab412
3963,train,https://glints.com/id/opportunities/jobs/kepala-produksi/287f2d9d-8ea1-4cc1-a734-99c9bc2d8857
3964,train,https://glints.com/id/opportunities/jobs/swimming-coach-area-medan/61ab4e32-22e9-4da3-a129-63fec9cecad0
3965,train,https://dealls.com/loker/hub-kitchen-operations-senior-supervisor-1~astro
3966,train,https://glints.com/id/opportunities/jobs/marketing-executive/6bfbc59c-d24e-4c4a-827c-5eedad01b023
3967,train,https://glints.com/id/opportunities/jobs/rekam-medis/b913bd20-1f3b-430e-aa71-9a3aa3cdc661
3968,train,https://dealls.com/loker/customer-experience-representative-intern-titipaja~anteraja
3969,test,https://glints.com/id/opportunities/jobs/operator-produksi/31f362ac-abbf-442f-a945-dcf0581e9227
3970,train,https://dealls.com/loker/legal-corporate-staff~pt-cs2-pola-sehat
3971,train,https://glints.com/id/opportunities/jobs/fotografer-fashion/a5500cfa-749d-470e-9c5b-b3c95433c1b2
3972,test,https://glints.com/id/opportunities/jobs/it-generalist/c2c4f536-bde9-4412-93d9-13d4812a81a0
3973,train,https://glints.com/id/opportunities/jobs/operator-wheel-loader-semarang/70b51a92-9d97-4679-9055-08abac3bc79d
3974,validation,https://glints.com/id/opportunities/jobs/mekanik-motor/4ec790ce-cc86-49d8-add6-68e7f2f5093a
3975,train,https://dealls.com/loker/dispatcher-6~brik
3976,train,https://glints.com/id/opportunities/jobs/driver-supir-dapur-mbg/c72f8c65-f9c3-4e72-9d1e-b67b9b90fb88
3977,validation,https://dealls.com/loker/marketing-manager-38~pt-adhya-makmur-persada
3978,test,https://glints.com/id/opportunities/jobs/manager-operasional/42e693ef-72a7-47b4-8a7d-58969e53aa91
3979,train,https://dealls.com/loker/ga-purchasing-pekalongan-factory~pou-chen-group-indonesia
3980,train,https://glints.com/id/opportunities/jobs/pengawas-lapangan/db651f8f-bde3-486e-935c-4224b288a4ba
3981,train,https://glints.com/id/opportunities/jobs/commis/33b192a3-671c-464e-a31c-c7c04e6379fc
3982,train,https://dealls.com/loker/warehouse-staff-after-sales~pt-vidya-artha-tama
3983,train,https://glints.com/id/opportunities/jobs/sales-promotor/7e532fa8-01e8-4c8d-9b2b-4c10c096dacc
3984,train,https://glints.com/id/opportunities/jobs/staff-training-and-development/aa528e35-379e-4f9b-8f1b-5b9abab33d48
3985,test,https://glints.com/id/opportunities/jobs/accounting-staff/1bce2f61-2b1a-4d4b-b26e-89b43cd18c65
3986,test,https://dealls.com/loker/security-kantor-banda-aceh~kharisma-potensia-indonesia
3987,test,https://glints.com/id/opportunities/jobs/spesialis-e-commerce/529e9fb2-eb59-4044-8b9a-6de5d06caefb
3988,train,https://dealls.com/loker/technical-lab-intern~brik
3989,train,https://glints.com/id/opportunities/jobs/recruitment-staff/c355bb69-46f2-4377-908d-46512600bf92
3990,test,https://dealls.com/loker/it-helpdesk-and-incident-management~adira-finance
3991,validation,https://glints.com/id/opportunities/jobs/kol-specialist/32cfef2e-84e6-4d44-a589-69100fcdece0
3992,train,https://glints.com/id/opportunities/jobs/operator-produksi/247b8747-b09c-4dae-b060-611d44b71552
3993,train,https://dealls.com/loker/spg-optik-gama~pt-martono-jaya-utama
3994,validation,https://glints.com/id/opportunities/jobs/quality-control/a8a214a0-faa0-4d62-a297-8cdde6234ebb
3995,train,https://dealls.com/loker/general-services-staff~pt-atri-distribusindo
3996,test,https://glints.com/id/opportunities/jobs/area-coordinator/22388225-9491-4c1a-a107-c55e75b20c20
3997,test,https://glints.com/id/opportunities/jobs/ar-penagihan/030ef001-a1ad-47d5-a32d-6cbea26a0e88
3998,train,https://glints.com/id/opportunities/jobs/marketing-analyst/fd220792-34b4-4035-8949-2adbc8b41eea
3999,train,https://dealls.com/loker/admin-marketing-staff~kharisma-potensia-indonesia
4000,train,https://glints.com/id/opportunities/jobs/casual-leasing-supervisor/38945f42-ca6e-442f-b6af-6750170cb5ab
4001,train,https://glints.com/id/opportunities/jobs/freelance-graphic-designer/12ee735d-84c3-45c6-9ba1-0f78b137118f
4002,train,https://glints.com/id/opportunities/jobs/operator-produksi/7c5cfef0-8c06-43fb-a3f6-1e06db0250a0
4003,train,https://dealls.com/loker/design-grafis-graphic-designer-1~haveltea
4004,train,https://dealls.com/loker/engineering-officer~pt-lapi-laboratories
4005,train,https://glints.com/id/opportunities/jobs/barista/600340d7-675c-4fb5-940f-0d66bce33c57
4006,test,https://glints.com/id/opportunities/jobs/admin-data-entry/7e22ccd1-3886-4a05-a14b-e6805d3f2ebe
4007,train,https://dealls.com/loker/management-trainee-outlet-manager-1~boedjang-group-indonesia
4008,train,https://glints.com/id/opportunities/jobs/host-livestreaming-entertainment/28b2e450-122e-408f-9479-413270cb2bc3
4009,test,https://dealls.com/loker/supervisor-telemarketing~pt-mitra-angkasa-sejahtera-tbk
4010,validation,https://glints.com/id/opportunities/jobs/admin-logistik/34ff23b1-3faf-44a1-add7-8d08c3e98649
4011,test,https://glints.com/id/opportunities/jobs/woman-footwear-designer/b6cbe6f4-4dbc-450c-a5b2-633cf9fe6915
4012,train,https://dealls.com/loker/business-analyst-specialist~anteraja
4013,train,https://glints.com/id/opportunities/jobs/account-executive/7442eb64-f69b-469b-81ee-d3590a7940ca
4014,train,https://dealls.com/loker/junior-sales-account-manager~pt-qtera-mandiri
4015,train,https://glints.com/id/opportunities/jobs/general-hr-manager/102275f8-6352-4ec5-98f6-907373417d11
4016,train,https://glints.com/id/opportunities/jobs/data-engineer/b8ed1e6d-8594-4e16-a302-8b7a77d8fd85
4017,train,https://glints.com/id/opportunities/jobs/content-marketing-consultant/22f4a404-901b-488b-916d-a54949374600
4018,train,https://dealls.com/loker/hr-internship-4~pt-santos-jaya-abadi-kapal-api-global
4019,train,https://dealls.com/loker/warehouse-coordinator-4~anteraja
4020,train,https://glints.com/id/opportunities/jobs/account-manager/69c5cfcc-971d-4f34-a554-bf1eef046dff
4021,validation,https://dealls.com/loker/warehouse-admin-4~anteraja
4022,train,https://glints.com/id/opportunities/jobs/digital-marketing-specialist/d8e5df51-8e68-45ff-a135-c4b367574961
4023,train,https://glints.com/id/opportunities/jobs/driver-perusahaan-pt-central-naga-europindo/0e34f194-825a-4634-9a7b-ce31302c1766
4024,train,https://glints.com/id/opportunities/jobs/driver-sales/219e869d-fdb6-451b-a64b-b60e74b3ddd2
4025,train,https://dealls.com/loker/area-sales-manager-indonesia-timur~tentang-anak
4026,train,https://glints.com/id/opportunities/jobs/admin-purchasing/2469a113-040c-4650-952e-14fa60feefc8
4027,train,https://glints.com/id/opportunities/jobs/supervisor/fa4c2532-825a-4561-92e7-61a20ff43b0d
4028,train,https://glints.com/id/opportunities/jobs/field-collection/609997e7-cee0-4212-9ca1-12f897a1a737
4029,validation,https://glints.com/id/opportunities/jobs/sales-buku-padang-sumbar/f97ebdd5-acac-4e5d-b619-a639b3eb9401
4030,train,https://dealls.com/loker/internship-admin-finance-support~pt-qtera-mandiri
4031,validation,https://glints.com/id/opportunities/jobs/guru-produktif-tkj-smk/fe51dfe1-7983-4c40-a330-18f9f93bfdb0
4032,train,https://glints.com/id/opportunities/jobs/crew-outlet-fnb/c8ddbc7f-3a85-49b9-bcbe-3b06c5193173
4033,train,https://dealls.com/loker/internship-kotlin-mobile-programmer~pt-qtera-mandiri
4034,validation,https://glints.com/id/opportunities/jobs/biws-implementer/09052568-0211-40f9-ad11-d6b33f93805a
4035,train,https://glints.com/id/opportunities/jobs/tukang-cuci-and-admin-laundry/da07e19c-b827-47a1-a36b-8268a466e8b4
4036,train,https://dealls.com/loker/sales-promotion-girl-1~pt-global-jaya-ultime
4037,train,https://glints.com/id/opportunities/jobs/staff-fixed-asset-management/ade5a9d9-125b-41bc-8e4c-af258acfbef5
4038,train,https://glints.com/id/opportunities/jobs/admin-project/485a1ba6-1c24-4897-8cc9-937b0425e822
4039,test,https://glints.com/id/opportunities/jobs/crew-dapur/2fe32d77-8369-4c48-8dc8-de95bfbf1a79
4040,train,https://glints.com/id/opportunities/jobs/technical-writer/db27530d-795d-436a-8171-aeabac144876
4041,test,https://glints.com/id/opportunities/jobs/staf-akademik/a4f93cba-4935-4dab-a291-9881a369010d
4042,train,https://glints.com/id/opportunities/jobs/gudang/9f8c93ea-cb2f-47d2-8cae-da82003c94e4
4043,validation,https://glints.com/id/opportunities/jobs/desk-collection/f93b5a53-9741-4ab2-bde8-fffbaac152d6
4044,test,https://glints.com/id/opportunities/jobs/lowongan-magang-hr-intern-penempatan-pancoran-jakarta/356634aa-29ae-4c34-b5f7-e9aa68e15ce4
4045,train,https://dealls.com/loker/magang-berdampak-content-security-intern~vidiodotcom
4046,train,https://glints.com/id/opportunities/jobs/staff-quality-assurance/a29793ef-b1ba-452a-ad28-ab6fc4486561
4047,train,https://glints.com/id/opportunities/jobs/field-collector/cd3f3c7d-b726-4874-9e85-6cfe86cc22a4
4048,train,https://dealls.com/loker/accounting-consolidation-and-reporting-specialist~pt-sumber-alfaria-trijaya-tbk
4049,train,https://glints.com/id/opportunities/jobs/staff-hrd/8fdc15f7-effc-4763-a937-88b92c878fc1
4050,train,https://dealls.com/loker/head-of-satellite-ssd-handil~adira-finance
4051,test,https://dealls.com/loker/sales-motoris-produk-aice~tpm-group-1
4052,train,https://glints.com/id/opportunities/jobs/customer-service/2ece4943-d860-42c5-ab93-558480b5b35b
4053,validation,https://glints.com/id/opportunities/jobs/account-officer/3011e85e-2fe9-4fc5-83e0-1d698863eaf9
4054,train,https://glints.com/id/opportunities/jobs/event-crew-freelance-part-time/72ce1ce2-9292-4c87-b1bf-ba97b186daa3
4055,train,https://glints.com/id/opportunities/jobs/video-content-creator/c8ca2ba2-b1e9-46e3-991c-4eb65a683743
4056,train,https://glints.com/id/opportunities/jobs/wedding-planner/31f5df97-c3b0-46c1-86d2-28511a551888
4057,train,https://dealls.com/loker/magang-berdampak-marketing-operations-intern~vidiodotcom
4058,train,https://dealls.com/loker/magang-berdampak-ai-creative-intern~vidiodotcom
4059,test,https://dealls.com/loker/magang-berdampak-seo-writer-intern~vidiodotcom
4060,validation,https://glints.com/id/opportunities/jobs/waiter-waitress/c3e39bac-8f92-4064-98d0-bed6e507c020
4061,train,https://glints.com/id/opportunities/jobs/it-support/9172fcc2-7f05-4833-a5ca-c52d67548ac9
4062,validation,https://glints.com/id/opportunities/jobs/desk-collection-staff/f4fd0682-12b4-44cf-9e57-e58c9f9b34d0
4063,train,https://glints.com/id/opportunities/jobs/barista-point-coffee/d91c149a-d3ec-44d2-8474-ce108e13ca1e
4064,train,https://dealls.com/loker/production-supervisor-10~pt-ultra-sakti-1
4065,train,https://dealls.com/loker/randd-formulation-staff~pt-ultra-sakti-1
4066,train,https://dealls.com/loker/asisten-apoteker-4~pt-ultra-sakti-1
4067,train,https://dealls.com/loker/randd-formulation-assistant-manager~pt-ultra-sakti-1
4068,train,https://glints.com/id/opportunities/jobs/junior-operator-mtbm-mictrotunneling-boring-machine/b4b79f6c-0157-4dc8-9c86-3e308152cf1e
4069,train,https://dealls.com/loker/pramuniaga-fashion-assistant~pt-lakon-cipta-budaya
4070,validation,https://glints.com/id/opportunities/jobs/teknikal-qc-penempatan-di-batching-plant/2ba69c0e-a38f-43c5-99b8-9131ae1dcf4b
4071,train,https://glints.com/id/opportunities/jobs/asisten-pelatih/5b737c82-5a36-48dd-ae75-bd71c9b2416a
4072,train,https://dealls.com/loker/section-head-of-engineering-utility~pt-cs2-pola-sehat
4073,test,https://dealls.com/loker/analyst-qc-caringin-bogor~pt-cs2-pola-sehat
4074,train,https://glints.com/id/opportunities/jobs/cargo-handling-officer/3d7ff6e3-65ce-4acf-bb13-6ac1190399d4
4075,train,https://glints.com/id/opportunities/jobs/digital-marketing/1508f848-c255-4140-8286-4e16e00f82d1
4076,train,https://glints.com/id/opportunities/jobs/teknisi-flexibag/502d1c3a-6c4c-411b-b97f-87b21373e265
4077,train,https://glints.com/id/opportunities/jobs/hrd-staff/ad5468fa-e5b2-4b28-9710-89cb09b000b2
4078,validation,https://glints.com/id/opportunities/jobs/customer-service/a4688677-4119-423f-9f4a-ff23c7bb8ac9
4079,train,https://glints.com/id/opportunities/jobs/front-office-pringlangu/0cd42632-316d-48ff-972c-8beb1f0211ab
4080,train,https://glints.com/id/opportunities/jobs/sales-motoris/5a7e72df-c955-45e4-84ea-4bab83fe0d31
4081,test,https://dealls.com/loker/sales-consultant-17~pt-apique-resikindo-prima
4082,test,https://glints.com/id/opportunities/jobs/sales-engineer/2eecc3b4-f45c-4f15-8034-4e2f20363b2b
4083,train,https://glints.com/id/opportunities/jobs/desk-collection/3b70061c-1103-4196-b269-b5efb768117b
4084,train,https://glints.com/id/opportunities/jobs/illustrator/9a13fa2b-ae41-4672-aae7-132bed675cf0
4085,train,https://dealls.com/loker/international-business-development-staff~pt-global-jaya-ultime
4086,validation,https://glints.com/id/opportunities/jobs/method-drafter/1634009e-8614-447b-8a63-14f956a51ba9
4087,train,https://glints.com/id/opportunities/jobs/store-staff/10bd3af5-3aca-4617-96ca-0d44c5fca9d0
4088,train,https://dealls.com/loker/pharmacist-2~pt-tri-sapta-jaya
4089,train,https://glints.com/id/opportunities/jobs/it-helpdesk/353d1c0c-ad1b-4905-bfaa-a2306b659025
4090,train,https://dealls.com/loker/beauty-advisor-sales~pt-fcl-internasional-indonesia
4091,train,https://glints.com/id/opportunities/jobs/network-operation-center-noc/40cb431d-8fa4-47e5-9a62-154a0d29fe47
4092,test,https://dealls.com/loker/sales-promotion-girl-boy-spg-1~brik
4093,train,https://glints.com/id/opportunities/jobs/sekretaris-direksi/f0ebcc32-12c9-4fa2-bcbe-eb7c8cd1bc8b
4094,train,https://glints.com/id/opportunities/jobs/manager-restoran/e3905d5f-8472-4670-acdf-468eecfd408b
4095,validation,https://glints.com/id/opportunities/jobs/customer-retention-canvassing-acc-semarang/1819c873-bf1f-42e3-b2c3-76e295a9b7df
4096,train,https://dealls.com/loker/account-executive-91~pt-global-jaya-ultime
4097,train,https://glints.com/id/opportunities/jobs/sales-percetakan/efc2b565-8395-4685-ab37-63c9d4168307
4098,train,https://glints.com/id/opportunities/jobs/tata-usaha-dan-admin-sekolah/38b6d042-e159-43b2-bc87-e45697c81ac4
4099,test,https://glints.com/id/opportunities/jobs/tax-staff/ca06bfd8-aac0-466f-be06-52f5dab611d8
4100,train,https://glints.com/id/opportunities/jobs/storeman/93d94612-5d2b-455e-8748-2535761bf7ad
4101,validation,https://glints.com/id/opportunities/jobs/guru-karakter/43784004-d833-4b3e-bab6-3309ecc05faa
4102,validation,https://dealls.com/loker/guru-part-time~pt-digikidz-indonesia-1
4103,train,https://glints.com/id/opportunities/jobs/admin-jual-beli/dcb66e8e-dfc3-422a-8f6c-8b96245de2ce
4104,test,https://glints.com/id/opportunities/jobs/staff-mandarin/2cdac3da-03e9-4205-8ea4-679d7a996866
4105,train,https://glints.com/id/opportunities/jobs/leader-gudang/6d952f21-a5cc-4544-9915-53758a04fda5
4106,train,https://glints.com/id/opportunities/jobs/admin-stock/dfd7ba1f-e908-4928-a3c5-b150d3622c45
4107,train,https://dealls.com/loker/head-of-team-business-and~adira-finance
4108,validation,https://glints.com/id/opportunities/jobs/human-resources/f2a38bf4-1d75-44bc-b4b2-796ad335530e
4109,train,https://glints.com/id/opportunities/jobs/pengajar-freelance-sejarah/c7d6223a-5a31-4d6b-9197-c4e78180a079
4110,train,https://glints.com/id/opportunities/jobs/server/97145a1d-0e67-4b81-b0eb-b37cb094cf82
4111,test,https://glints.com/id/opportunities/jobs/cook-helper-surabaya/73ee714a-94ae-467d-b456-d226abdbbde7
4112,test,https://glints.com/id/opportunities/jobs/part-time-livestreamer-kategori-health/4466291c-0206-4e32-9692-739664d52b97
4113,train,https://glints.com/id/opportunities/jobs/digital-marketing/53566f20-920b-4eab-9119-a1a77dfda03c
4114,test,https://glints.com/id/opportunities/jobs/telemarketing-staff/7c583e1d-947d-4e84-a04c-09a7aae7966e
4115,train,https://glints.com/id/opportunities/jobs/taiwan-mobile-remote-senior-developer/7be07604-8aff-4934-9be2-5b230294b3c1
4116,train,https://glints.com/id/opportunities/jobs/staf-bkk-team-job-recruitment/590cf09c-4115-4fdc-aa53-b02929ca9db5
4117,test,https://glints.com/id/opportunities/jobs/area-sales-manager/24a615a4-7f7f-4b05-a358-e155ba7c0a38
4118,train,https://glints.com/id/opportunities/jobs/operator-wwtp/ce38aeda-a205-40c0-8a84-2d01081e579b
4119,train,https://glints.com/id/opportunities/jobs/business-development/e407dc28-258b-4480-9f61-779b335912f8
4120,train,https://glints.com/id/opportunities/jobs/general-affair-officer/07feaf67-f6a9-4994-80f1-dd21a3dfd16b
4121,train,https://glints.com/id/opportunities/jobs/tenant-relation-staff/9d749852-1570-4310-b39c-85070bc3259d
4122,validation,https://dealls.com/loker/electrical-engineer-pekalongan~pou-chen-group-indonesia
4123,test,https://glints.com/id/opportunities/jobs/sales-assistant/239af63d-1909-4657-ace2-37859f84564e
4124,train,https://dealls.com/loker/supervisor-store~pt-nielxon-exa-jaya
4125,test,https://dealls.com/loker/elective-courses-guru-public-speaking~ruangguru
4126,validation,https://glints.com/id/opportunities/jobs/operator-printing-uv-print-laser-engraving/726a6ebc-92db-4302-b700-0b0becd43f97
4127,train,https://glints.com/id/opportunities/jobs/finance-internship/c7c7bc35-1897-490b-b892-e528546ddaad
4128,train,https://glints.com/id/opportunities/jobs/human-resources/1da104af-d68f-45f0-92b1-8defea129e2e
4129,train,https://glints.com/id/opportunities/jobs/las-gmaw-mig/5c809ce6-523c-4e1c-a695-dfa178d7d085
4130,train,https://dealls.com/loker/hc-international-staff~pt-santos-jaya-abadi-kapal-api-global
4131,test,https://glints.com/id/opportunities/jobs/daily-worker/d6125b4b-4e0b-42ec-9bfe-543fbb27ab06
4132,train,https://dealls.com/loker/livestream-coordinator~oelek-selera-nusantara
4133,train,https://glints.com/id/opportunities/jobs/general-admin/6a3ca932-0468-4342-ba57-c53c9e7077da
4134,train,https://glints.com/id/opportunities/jobs/customer-care-yogyakarta/5b4158fb-00d1-4805-a595-a50e1e1fe9b2
4135,train,https://glints.com/id/opportunities/jobs/staff-keuangan/711f9bd0-fc09-4747-a0de-f230d6e6a39b
4136,test,https://glints.com/id/opportunities/jobs/supervisor-sales/0bf80823-3988-42d0-9ed7-b990a0ff0a95
4137,train,https://glints.com/id/opportunities/jobs/customer-service/eb8582f4-5da7-4c72-8b04-652e347fb733
4138,train,https://dealls.com/loker/branding-and-event-staff~pt-cs2-pola-sehat
4139,train,https://dealls.com/loker/home-production-barisa~pt-bagi-kopi-indonesia-1
4140,train,https://glints.com/id/opportunities/jobs/purchasing/59559488-eadd-4d11-8fa6-20aac51db454
4141,train,https://glints.com/id/opportunities/jobs/sales-produk-kecantikan/2305e43d-c4b7-409e-b0de-be500eda08ad
4142,train,https://dealls.com/loker/teknisi-energy-marshall~tpm-group-1
4143,train,https://dealls.com/loker/junior-auditor-3~pt-mega-central-finance-mcf
4144,train,https://glints.com/id/opportunities/jobs/baby-sitter-penjaga-bayi-penempatan-di-malaysia/699df74a-d4ce-4b88-993b-e7990e56b991
4145,train,https://dealls.com/loker/general-affair-supervisor-3~sari-tirta-group-1
4146,train,https://glints.com/id/opportunities/jobs/penanggung-jawab-teknis-pjt/20d9ab44-7612-47b4-a9bd-68ed121183b1
4147,train,https://glints.com/id/opportunities/jobs/staff-administrasi/54ebea19-bf27-4981-a626-20b9ac5fb5cf
4148,train,https://glints.com/id/opportunities/jobs/perawat-untuk-negara-jerman/1dd0a2f0-9b32-49e5-b166-f0d05c833355
4149,train,https://glints.com/id/opportunities/jobs/sales-executive/62dbca59-ed5f-4508-af75-a353263e6a12
4150,validation,https://glints.com/id/opportunities/jobs/guru-matematika/8bbc9ca0-40cd-4955-b08f-ed9425b64e66
4151,train,https://glints.com/id/opportunities/jobs/admin-tax/b53a466f-b9ea-4b89-ab70-c605b3c3fe26
4152,train,https://glints.com/id/opportunities/jobs/helper-produksi/f15eb9ad-bd78-425a-a016-9d8d0a1a069e
4153,test,https://glints.com/id/opportunities/jobs/technician/66ee80c3-1750-449a-ac96-c136cbb4b411
4154,test,https://glints.com/id/opportunities/jobs/host-and-content-creator/f976cf76-e483-4114-ac25-189337583324
4155,validation,https://glints.com/id/opportunities/jobs/marketing-lapangan/7b87ea0b-07d0-4588-af4b-f1953d347e55
4156,train,https://glints.com/id/opportunities/jobs/asisten-perawat/57c94c68-ca62-40cd-9481-9c9a97450668
4157,train,https://glints.com/id/opportunities/jobs/co-driver-kenek/9ed5ad78-5efd-4152-8694-0f9fc35f527c
4158,train,https://glints.com/id/opportunities/jobs/creator-staf-bahasa-jepang/4f902c43-176b-4a3b-9ee0-9ee58b5a552c
4159,train,https://glints.com/id/opportunities/jobs/telemarketing/efe0eb09-6abf-48c3-90cf-9d6c6f15f374
4160,validation,https://glints.com/id/opportunities/jobs/inspeksi-kendaraan-pekanbaru/197eb84d-68c6-4409-85e6-1c43f94b615a
4161,train,https://glints.com/id/opportunities/jobs/business-analyst/823cc0c0-d8ba-44aa-968c-8e8ebd7b4314
4162,validation,https://glints.com/id/opportunities/jobs/staf-produksi/26cb8727-9232-4475-aa78-f0b616cee9cf
4163,test,https://glints.com/id/opportunities/jobs/relationship-officer/1c59692d-e0b8-41f7-86fd-19b09b44e91c
4164,train,https://glints.com/id/opportunities/jobs/staff-purchasing/6df30f82-9183-4e0c-b599-c2c382ee0e66
4165,train,https://glints.com/id/opportunities/jobs/outbound-call-obc-telkomsel/0705c846-9025-40aa-bc90-73cfefac35b2
4166,validation,https://glints.com/id/opportunities/jobs/guru-pgsd/eede9d10-13ce-4375-9dd8-2db10a2e36f0
4167,train,https://dealls.com/loker/purchasing-staff-sparepart-alat-berat~cv-tractorindo-mitra-utama
4168,train,https://glints.com/id/opportunities/jobs/driver/559ead72-9304-4303-9612-8e349a90eb87
4169,train,https://glints.com/id/opportunities/jobs/telemarketing/29a77b90-343c-4519-ab5b-86d68c31c9df
4170,validation,https://glints.com/id/opportunities/jobs/customer-service/1b94646e-129a-4d62-880f-f48a37d69197
4171,train,https://dealls.com/loker/data-analyst-86~pt-santos-jaya-abadi-kapal-api-global
4172,train,https://glints.com/id/opportunities/jobs/social-media-content-specialist/106c613b-d5f4-4995-84df-f9b7c2df2d7e
4173,train,https://glints.com/id/opportunities/jobs/supir-perusahaan/fb55ccb5-2c0f-4bb9-b802-e76e617c6c46
4174,test,https://dealls.com/loker/dosen-informatika-1~universitas-ciputra-surabaya
4175,train,https://glints.com/id/opportunities/jobs/sales-executive/73698059-1e98-4078-813a-b576c2d9437c
4176,train,https://glints.com/id/opportunities/jobs/kepala-gudang/fbfbe6e8-3910-48a2-ad5b-a33caf8b7dcf
4177,validation,https://glints.com/id/opportunities/jobs/engineering-supervisor/bc6cc07a-0452-4184-b85a-35de5eefc6a1
4178,train,https://dealls.com/loker/staf-personalia~mapan-group-1
4179,train,https://glints.com/id/opportunities/jobs/admin-produksi/ffa4c98b-5b57-42d5-ab4a-ad9ea1f1613a
4180,validation,https://dealls.com/loker/boiler-engineer~sml-pt-sarana-maju-lestari
4181,train,https://glints.com/id/opportunities/jobs/crew-outlet-plaza-asia-tasikmalaya/a334f02e-aba8-409e-b73e-98a19cb8ff43
4182,train,https://dealls.com/loker/operation-manager-batam~fit-hub
4183,train,https://glints.com/id/opportunities/jobs/it-support/fcef6ded-18df-4d96-bee1-1b1b53ca7994
4184,train,https://glints.com/id/opportunities/jobs/groomer-kucing/b2662b8c-c760-4dca-a61d-ef114e3d20d7
4185,train,https://dealls.com/loker/section-manager-of-engineering-klaten~pt-cs2-pola-sehat
4186,train,https://glints.com/id/opportunities/jobs/admin-sales/02eb4d30-5abb-4d88-9590-00ca3ce816e7
4187,train,https://glints.com/id/opportunities/jobs/konselor-relawan-volunteer-counselor/019912b6-c78e-43ee-ac8b-cec80c1b7466
4188,validation,https://glints.com/id/opportunities/jobs/purchasing-officer/c467035a-cde2-47b1-b3c4-71e216da0f85
4189,validation,https://glints.com/id/opportunities/jobs/salad-artist-bogor-depok-cibubur/d7f4144a-a88b-41ac-8ab4-ef7134108f33
4190,train,https://glints.com/id/opportunities/jobs/hr-freelance/3aaa0c40-dc7d-45af-8481-320cfb02402f
4191,train,https://glints.com/id/opportunities/jobs/customer-service/687127a3-0875-48b9-92d3-801d504a2ccd
4192,train,https://dealls.com/loker/area-manager-fandb-business~fandb-indonesia
4193,validation,https://glints.com/id/opportunities/jobs/tester-psikotes-freelance-magang/97d682e7-b688-4501-89c8-6c6de1868f79
4194,train,https://glints.com/id/opportunities/jobs/kru-outlet/10694d43-aec5-4b08-bf00-f1437c69b2da
4195,train,https://glints.com/id/opportunities/jobs/hall-staff/007c2d1a-0f82-4bce-84d9-572fcc0dbb54
4196,train,https://glints.com/id/opportunities/jobs/staff-quality-assurance/c418efa8-908d-470c-9c50-90be17181cf2
4197,test,https://glints.com/id/opportunities/jobs/guru-bahasa-inggris-cililitan/8610e317-82d2-4378-ba2e-d94177a1917c
4198,train,https://dealls.com/loker/junior-cook-cook~fandb-indonesia
4199,validation,https://glints.com/id/opportunities/jobs/admin-sales/86609ff9-d429-443b-81ae-467913825d47
4200,train,https://dealls.com/loker/store-manager-chatime-gorontalo~fandb-indonesia
4201,train,https://dealls.com/loker/crew-store-leader~pt-berjaya-sally-ceria
4202,train,https://dealls.com/loker/export-import-purchase-staff~pt-multi-arthamas-glass-industry
4203,train,https://glints.com/id/opportunities/jobs/dokter-umum/f3b5ef30-5480-410c-a3ba-b638756b6343
4204,validation,https://glints.com/id/opportunities/jobs/host-live-streaming/e073fe08-4e77-41e1-91f1-c635c682d2cf
4205,validation,https://glints.com/id/opportunities/jobs/admin-gateway/e298b436-0192-4e51-a821-ef905a434299
4206,train,https://glints.com/id/opportunities/jobs/driver-dropping/d87ca59d-981b-462c-be77-0fa1d522a8f5
4207,train,https://dealls.com/loker/marketing-bancassurance-officer-panin-dai~panin-dai-ichi-life
4208,train,https://glints.com/id/opportunities/jobs/admin-saham/5c101a4c-2f3b-4246-b535-584e42d2408c
4209,validation,https://glints.com/id/opportunities/jobs/penjaga-kos-24-jam/edc45c30-b889-4d8d-a9c7-dc7241752d0d
4210,train,https://glints.com/id/opportunities/jobs/human-resources-development/3ebd8a49-6f94-491f-9bc6-d81ce5e1e17c
4211,train,https://glints.com/id/opportunities/jobs/produksi/d7727078-ffe4-4499-bee8-ce063e32063b
4212,train,https://glints.com/id/opportunities/jobs/kepala-produksi-finishing/da021bf3-abb9-4010-b8a7-63f4a233137c
4213,train,https://glints.com/id/opportunities/jobs/admin-warehouse/96e5b8ec-4937-40e0-9b5d-a4a30295a8d7
4214,validation,https://glints.com/id/opportunities/jobs/merchandiser/9a86ec95-5a18-433c-b609-f2a7770a1ea5
4215,train,https://glints.com/id/opportunities/jobs/store-crew-kota-tangerang/dccfb049-d338-4f07-b8f8-63a4a3616344
4216,train,https://dealls.com/loker/housekeeping-depok-1~fit-hub
4217,train,https://glints.com/id/opportunities/jobs/technical-support/43ea10c3-5430-458e-9fb7-1e7a197b6aea
4218,train,https://glints.com/id/opportunities/jobs/marketing/b3e4f0c1-5849-4935-8e6d-5ba8d111d135
4219,train,https://glints.com/id/opportunities/jobs/sprinter-motor-kurir-motor/13d7c86e-5feb-4135-9358-3b9379e1a9a4
4220,train,https://dealls.com/loker/planner-logistik-tangerang~pt-cs2-pola-sehat
4221,train,https://glints.com/id/opportunities/jobs/sales-marketing/41f71e00-c4ad-4ed2-8582-e69a25a06272
4222,train,https://glints.com/id/opportunities/jobs/leader-cutting/bb2fbc14-acd9-4238-a5e4-515b026771e0
4223,train,https://glints.com/id/opportunities/jobs/assistant-fashion-designer/8e503240-dabb-4af7-ba5b-7aa27b792a5c
4224,test,https://dealls.com/loker/website-developer-intern~assistx
4225,test,https://glints.com/id/opportunities/jobs/lowongan-pekerjaan-crew-outlet-ice-cream/a383aafe-2978-45b5-8aa6-15c6260d5d35
4226,train,https://glints.com/id/opportunities/jobs/trouble-shoot/70924aad-a8d7-4e84-9b11-5a3600da1b07
4227,train,https://glints.com/id/opportunities/jobs/sales-jakarta/de24d9d9-6e87-47cf-a2e8-32016908aa79
4228,train,https://dealls.com/loker/ppic-officer-2~pt-flexicare-healthcare-indonesia
4229,train,https://dealls.com/loker/paid-internship-accounting~sari-tirta-group-1
4230,train,https://glints.com/id/opportunities/jobs/pelayan-toko-frontliner/e2f1ea0d-27ef-4265-8f58-eb0a36e02339
4231,train,https://glints.com/id/opportunities/jobs/operator-produksi/23735619-958d-494d-8411-48ae32c3e698
4232,train,https://dealls.com/loker/host-live-streaming-subs~ptenseval-putera-megatrading-tbk
4233,train,https://dealls.com/loker/management-trainee-41~pt-victory-international-futures
4234,train,https://dealls.com/loker/randd-formulator-produk-herbal-and~cv-cipta-sehat-anugrah
4235,validation,https://dealls.com/loker/marketing-community-staff~pt-jakarta-pakar-kardia-heartology
4236,test,https://dealls.com/loker/amv-investment-officer~pt-astra-mitra-ventura
4237,train,https://dealls.com/loker/admin-warehouse-1~pt-sapta-warna-cemerlang
4238,train,https://dealls.com/loker/manufacturing-excellence-and-industrial-engineer~pou-chen-group-indonesia
4239,train,https://glints.com/id/opportunities/jobs/field-sales-executive-bali/aaffc94d-28b7-47bb-a98f-5416c31cf166
4240,test,https://glints.com/id/opportunities/jobs/daily-operator-fm-lm-jabodetabek/93db7994-180a-4431-81a7-a7e8853ae607
4241,train,https://glints.com/id/opportunities/jobs/admin-sales/d6499cf9-573b-4521-9be3-5658f98a6c92
4242,train,https://glints.com/id/opportunities/jobs/customer-service/a223eb5f-7154-478d-8b9d-61dba0730028
4243,test,https://glints.com/id/opportunities/jobs/general-affairs/012e703c-fd9b-4691-b17f-44c5d180e35e
4244,train,https://glints.com/id/opportunities/jobs/personal-trainer/dc125d43-e795-4e1a-a3e6-18378fec0ccb
4245,train,https://glints.com/id/opportunities/jobs/refraksi-optisi/16b45602-5c72-4ca5-900e-6edf4a68fa26
4246,train,https://glints.com/id/opportunities/jobs/tenant-relation-officer/a7a022db-47e5-4a00-b056-2542feae2f5d
4247,train,https://glints.com/id/opportunities/jobs/marketing/8a55c9c8-ce06-4a68-bd6a-b4b7cdecd3bf
4248,validation,https://glints.com/id/opportunities/jobs/driver/6dc2e2d2-a162-4f04-8892-92e937820e74
4249,train,https://glints.com/id/opportunities/jobs/dealer-branch-administration-supervisor-manyaran/08799c21-b114-4daa-aaca-4f84f8e91e27
4250,train,https://glints.com/id/opportunities/jobs/admin-klinik-dokter-hewan/bd5b1699-d966-48be-b095-69b9fc98a85c
4251,train,https://glints.com/id/opportunities/jobs/driver-operasional-singkawang/af9ddb94-b72a-4cf1-8c6e-ade5d4658a5f
4252,train,https://glints.com/id/opportunities/jobs/marketing-manager/23a9b37e-fb43-41c8-ba51-73b4cbf97248
4253,train,https://glints.com/id/opportunities/jobs/admin-field-coordinator/6a1ab095-4c90-4865-af2f-55ab130dab86
4254,train,https://glints.com/id/opportunities/jobs/quality-engineer/9e7b521d-d06d-4b5d-9006-fb1015f43392
4255,test,https://glints.com/id/opportunities/jobs/supervisor-warehouse/df7160a0-babd-44b5-b387-3d0863f8d7b3
4256,train,https://dealls.com/loker/assistant-manager-process-engineer-ceramic~wings-group-indonesia-sayap-mas-utama
4257,train,https://glints.com/id/opportunities/jobs/supervisor-design-drawing-development/00803cf6-805a-4771-97fe-dc7df4ca0f05
4258,train,https://glints.com/id/opportunities/jobs/portir-petugas-tiket-lapangan/e7ecd45e-bf21-45bc-89ee-b47a6699f39e
4259,train,https://glints.com/id/opportunities/jobs/finance-accounting/6c642f12-316a-4e69-b7dc-0631034e433d
4260,train,https://dealls.com/loker/sales-admin-freelance~the-jakarta-post
4261,train,https://dealls.com/loker/personal-assistant-35~discovery-property-indonesia
4262,train,https://glints.com/id/opportunities/jobs/sales-marketing/c199e0d9-00a9-4ea0-91f3-97ad79181fee
4263,test,https://glints.com/id/opportunities/jobs/kasir/dfb2e44a-fea7-4de7-b873-ccd9cfdf66e0
4264,train,https://dealls.com/loker/quality-and-process-control-regional-1~adira-finance
4265,validation,https://glints.com/id/opportunities/jobs/kepala-sekolah-tk-sd/7d6a4890-74c5-4f22-8648-7faf282a48ac
4266,train,https://glints.com/id/opportunities/jobs/admin/6bdf908f-2e52-456b-93ea-1f5de5104edf
4267,train,https://glints.com/id/opportunities/jobs/admin-gudang/965d97ad-efa9-4231-b08b-6947983ac1c3
4268,train,https://glints.com/id/opportunities/jobs/desk-collection/e4f677a3-bd52-4a5b-96a6-3d414dd73b04
4269,train,https://glints.com/id/opportunities/jobs/server/7983efd1-7435-4e72-975c-b8d0cda92c68
4270,train,https://glints.com/id/opportunities/jobs/staff-operasional/24701ffb-af05-459b-8699-4cc11c3ff630
4271,train,https://dealls.com/loker/enumerator-and-impact-stunting-program~edufarmers-international
4272,test,https://glints.com/id/opportunities/jobs/driver-professional-area-balikpapan/1c1a42d0-a789-4465-aee1-3e66ba8ff050
4273,train,https://glints.com/id/opportunities/jobs/board-secretary-pdca/5bc68cd2-ab8a-4691-bc5a-8e7e28c0e861
4274,validation,https://dealls.com/loker/human-capital-business-partner-hcbp-1~bfifinance-indonesia
4275,train,https://glints.com/id/opportunities/jobs/admin-timbangan/10779230-a285-4fd2-bb0f-6fd4cbaad32a
4276,train,https://glints.com/id/opportunities/jobs/admin-warehouse/c5f6066c-03ec-49d5-baa6-d58623c4424c
4277,validation,https://dealls.com/loker/data-admin-intern~brik
4278,train,https://dealls.com/loker/admin-procurement~brik
4279,train,https://glints.com/id/opportunities/jobs/pramuniaga/666ac130-ada7-4373-8d25-f214d417ef2a
4280,train,https://glints.com/id/opportunities/jobs/content-creator/e0939a14-d1be-43c0-ad9f-5a3c3113bbc6
4281,validation,https://glints.com/id/opportunities/jobs/admin-teknik/ded23f5b-3bf0-4425-acfc-44e12133b535
4282,train,https://glints.com/id/opportunities/jobs/pattern-maker-pembuat-pola/312fe163-8c8c-473e-86ff-eb90ba39b2b0
4283,train,https://glints.com/id/opportunities/jobs/kashift-spbu-pengawas-spbu/dd01406c-5784-44df-bba1-e0105d09dfe1
4284,train,https://glints.com/id/opportunities/jobs/kepala-produksi/a39beb08-7bc7-49be-9896-9ee8888b1be9
4285,validation,https://glints.com/id/opportunities/jobs/weighing-operator/f2529249-3c3d-45af-a6cc-1913d81012de
4286,train,https://glints.com/id/opportunities/jobs/caddy-pramugolf/70722dc2-f828-4a4b-aa11-cdc173a7f36d
4287,train,https://dealls.com/loker/r-and-d-bodycare-sabun~beauty-of-angel
4288,train,https://glints.com/id/opportunities/jobs/casual-waiter-waitress/fd27891e-85f9-40d0-bbed-add63344692d
4289,train,https://glints.com/id/opportunities/jobs/store-supervisor/183060af-b4a1-4c7a-bf2b-f158dc161cc3
4290,train,https://dealls.com/loker/sales-manager-and-area-sales~pt-jaco-nusantara-mandiri
4291,train,https://glints.com/id/opportunities/jobs/spg-partime/59f1caed-28fe-4b91-81d0-e4392c94fb1e
4292,train,https://dealls.com/loker/customer-service-jagakarsa~fit-hub
4293,test,https://glints.com/id/opportunities/jobs/medical-manager-surabaya/d9e477c7-1bd8-42f8-948a-2b897e7ccdf8
4294,train,https://dealls.com/loker/qaqc-manager~jaddi
4295,train,https://dealls.com/loker/section-manager-of-engineering~pt-cs2-pola-sehat
4296,validation,https://glints.com/id/opportunities/jobs/crew-floor-waiter/f0847477-555b-4762-b520-206843a5a786
4297,train,https://glints.com/id/opportunities/jobs/desk-collection/b4605410-a90d-4ab2-8092-97d35050d05b
4298,train,https://dealls.com/loker/randd-food-technologist-internship~pt-qtera-mandiri
4299,train,https://glints.com/id/opportunities/jobs/admin-operational/579c9820-58dc-467a-9364-a6b079b65402
4300,test,https://glints.com/id/opportunities/jobs/aesthetic-and-design-staff/49d24877-31a9-4490-af19-3e4054e5a012
4301,train,https://dealls.com/loker/spv-brand-marketing~auraharmoniestetika
4302,validation,https://glints.com/id/opportunities/jobs/asisten-hr/d329d6e5-b4e2-4a95-b4c5-6c22e11cc514
4303,train,https://glints.com/id/opportunities/jobs/sales-admin/34435772-433c-49af-90f1-a2340de42c81
4304,train,https://glints.com/id/opportunities/jobs/kasir/f6ccdac8-452d-467d-ac9a-6195e9d8b409
4305,train,https://glints.com/id/opportunities/jobs/marketing-communication/4747384f-fb43-4f2c-bc80-340b94b0c134
4306,train,https://dealls.com/loker/sales-representative-wilayah-jakarta-1~penerbit-erlangga
4307,train,https://dealls.com/loker/admin-b2b-operations-staff-yogyakarta~pt-inisiatif-semua-bisa
4308,train,https://glints.com/id/opportunities/jobs/customer-service/28f1073b-ca8b-47f3-b935-aea61ea289e2
4309,train,https://dealls.com/loker/section-manager-of-production-tangerang~pt-cs2-pola-sehat
4310,train,https://glints.com/id/opportunities/jobs/barista-keliling/aea8dc9d-144f-4ead-a34f-cbca3fd5d72a
4311,train,https://glints.com/id/opportunities/jobs/admin/ae564b7d-ec9d-45d2-90e1-550c96be472a
4312,train,https://dealls.com/loker/fitness-consultant-sales-cilegon~fit-hub
4313,train,https://glints.com/id/opportunities/jobs/pengawas-lapangan/736bdc7e-8f42-49ae-8a7b-ea955d9b09d9
4314,train,https://dealls.com/loker/sales-officer-car-pondok-gede~adira-finance
4315,test,https://glints.com/id/opportunities/jobs/part-time-marketing-sales/0fb71797-f177-4e20-ba5a-8f45eac64a6d
4316,train,https://glints.com/id/opportunities/jobs/fitness-consultant/16b2cf1c-a11b-4ea8-b240-0d9f5d79ad4c
4317,test,https://glints.com/id/opportunities/jobs/accounting-staff/dfb7c18d-c37c-4f2d-9fdc-10e00b479671
4318,test,https://dealls.com/loker/wartawan-reporter~pt-kolaborasi-mediapreneur-nusantara-pikiran
4319,train,https://dealls.com/loker/solution-center-bandung~anteraja
4320,train,https://glints.com/id/opportunities/jobs/kasir/5dc00c30-ca23-4480-870e-1e22f47d7e6e
4321,test,https://glints.com/id/opportunities/jobs/customer-service-and-administrasi/5e8689e4-556b-4555-bc2f-9aae31b1184b
4322,train,https://glints.com/id/opportunities/jobs/customer-service/43fd0b92-9ef7-4299-b778-11c26f7fb159
4323,validation,https://dealls.com/loker/loper-tangerang~pt-tri-sapta-jaya
4324,test,https://glints.com/id/opportunities/jobs/production-operator/c72b95a6-5b60-4320-9bd7-bd7f46382077
4325,train,https://glints.com/id/opportunities/jobs/quality-control-specialist/a1f4c8ee-f490-4a9c-a26c-a7363ebd0f65
4326,train,https://dealls.com/loker/sales-canvasser-jakarta-utara-1~pt-inisiatif-semua-bisa
4327,test,https://glints.com/id/opportunities/jobs/guru-manajemen-perkantoran/077db7b2-539c-4093-9c0a-85e3e8cfa7ee
4328,validation,https://dealls.com/loker/advertiser-14~auraharmoniestetika
4329,train,https://glints.com/id/opportunities/jobs/admin/fd5e35dc-d0f9-460b-8c7a-96d9b2b605f5
4330,train,https://glints.com/id/opportunities/jobs/staff-restaurant-di-tanjung-duren/da9c8288-eda4-4c49-bfee-3bc63fc43fd3
4331,validation,https://glints.com/id/opportunities/jobs/administrasi-gudang/86c0a06a-2886-4617-a942-b4b8fd8dda58
4332,train,https://glints.com/id/opportunities/jobs/sales-fragrance/67b124ac-0d76-4e2e-86f0-feb00c0c03bd
4333,test,https://glints.com/id/opportunities/jobs/kepala-finishing-percetakan/2313812b-7c6f-4abe-be72-92fd57bcdd69
4334,train,https://glints.com/id/opportunities/jobs/guru-seni-budaya/b892dce5-b11e-4622-87ee-7b649a456ef2
4335,train,https://glints.com/id/opportunities/jobs/supervisor/dea867d4-7b1e-4f13-8167-f68a00d31eac
4336,validation,https://glints.com/id/opportunities/jobs/admin-housekeeping-operation/3f0d54a0-ae66-4a86-a834-a3c563d2636d
4337,train,https://dealls.com/loker/sales-area-sulawesi-selatan~pt-fcl-internasional-indonesia
4338,train,https://glints.com/id/opportunities/jobs/admin-sales/e07114e3-b9ab-48f4-8d92-d99994fa997b
4339,train,https://glints.com/id/opportunities/jobs/asisten-desain-dan-pemasaran/e4879e76-8539-4898-9bd8-64128d10dc6b
4340,test,https://glints.com/id/opportunities/jobs/desain-grafis/3ae01350-e999-43c5-ad0d-3ff2718eb960
4341,train,https://glints.com/id/opportunities/jobs/quality-control/c2bce0d1-cb1a-4a71-90b4-b8b775b17327
4342,train,https://glints.com/id/opportunities/jobs/guru-multimedia/16bf33a8-4a04-4b75-a57e-1a147c6ef3f1
4343,train,https://glints.com/id/opportunities/jobs/marketing-surabaya/daa05a8c-1ff8-47c2-a6d6-cf7a0eb665cc
4344,train,https://glints.com/id/opportunities/jobs/sales-consultant/b24a4c22-7418-4d79-aae1-421ca87e224b
4345,train,https://dealls.com/loker/spv-kol~auraharmoniestetika
4346,train,https://glints.com/id/opportunities/jobs/guru-ipa-malang/ef538043-44e8-4bc5-abe6-be4a40313836
4347,train,https://dealls.com/loker/magang-admin-online-subsidiary-makassar~ptenseval-putera-megatrading-tbk
4348,train,https://glints.com/id/opportunities/jobs/operator-produksi/7cbef81a-ff8a-482f-8bac-b45589adb967
4349,validation,https://glints.com/id/opportunities/jobs/supervisor-restoran/66eb8ef9-a3f2-47f4-9c16-06fce54c5fdc
4350,test,https://glints.com/id/opportunities/jobs/makeup-artis/90509594-4d6f-4f29-a9d2-711938943942
4351,validation,https://glints.com/id/opportunities/jobs/vaporista/e9643016-b356-44d5-b22d-343007326080
4352,test,https://glints.com/id/opportunities/jobs/field-assistant/e25a925d-af92-4c19-87d1-c03043e8bb1f
4353,train,https://glints.com/id/opportunities/jobs/asisten-rumah-tangga-art-mandarin-speaker/d507c5e8-4b03-4343-bdcc-2bf2cfa449c5
4354,train,https://glints.com/id/opportunities/jobs/r-and-d-manager/d22a2667-5c12-4656-be6e-5ec31ad71cbc
4355,train,https://glints.com/id/opportunities/jobs/driver/b8b449bf-e677-47c7-a674-37665b7df3cf
4356,train,https://glints.com/id/opportunities/jobs/drafter/343414c5-0377-40cc-b09e-a32db02cab78
4357,test,https://dealls.com/loker/mitra-satria-kurir-motor-probolinggo~anteraja
4358,train,https://glints.com/id/opportunities/jobs/administrasi-staff/b6b713ed-8e62-4341-ab89-b1554378b951
4359,train,https://glints.com/id/opportunities/jobs/staff-admin/b51088a0-2d53-429e-bbaa-579b077b5db2
4360,train,https://dealls.com/loker/internship-video-editor~pt-qtera-mandiri
4361,train,https://glints.com/id/opportunities/jobs/crew-outlet-outlet-cianjur/efb99b37-06a3-4d61-bbdc-60132902553e
4362,train,https://glints.com/id/opportunities/jobs/store-manager-medan/5823a513-2eb3-4b4a-88aa-1b8b9b868962
4363,train,https://glints.com/id/opportunities/jobs/production-staff/4bc624f2-cd8c-4fbc-8b67-f95ea6b52a74
4364,train,https://glints.com/id/opportunities/jobs/sales-engineer/4cc688f5-fcd9-4800-b6c7-a3851f099e3a
4365,train,https://glints.com/id/opportunities/jobs/customer-service/1830a264-9de8-4be3-805c-78fb1829724f
4366,test,https://glints.com/id/opportunities/jobs/pengawas-lapangan-supervisor-proyek/4a698d28-b281-484e-90ec-7a17ea8a416b
4367,test,https://glints.com/id/opportunities/jobs/desk-collection/552e7661-4a66-431e-a623-1f097180fac8
4368,train,https://glints.com/id/opportunities/jobs/staf-kantor/75be4eec-c771-4009-a768-28965aea81cc
4369,train,https://glints.com/id/opportunities/jobs/customer-service/8a19fa57-2b77-400c-9bc4-4b4da1668e84
4370,train,https://dealls.com/loker/administrator-staff~burger-bangor
4371,train,https://glints.com/id/opportunities/jobs/operator-ironing-laundry/7889c92f-6c86-4529-a9e4-e92b044a21da
4372,train,https://glints.com/id/opportunities/jobs/teknisi/1a366ba1-689d-4d95-87b3-931ee97ee53b
4373,test,https://glints.com/id/opportunities/jobs/content-creator/24b140b2-a08a-4801-95a3-6213b59e410e
4374,train,https://glints.com/id/opportunities/jobs/operator-produksi/a480a538-4e7d-41a0-99a2-9eeb4faf487b
4375,train,https://glints.com/id/opportunities/jobs/site-coordinator-koordinator-lapangan/9c327f2b-0ed7-4a07-89bb-6165cc59a9e4
4376,train,https://glints.com/id/opportunities/jobs/messenger-kurir/02d0ae50-55f2-4417-b4d3-fa41a216265b
4377,test,https://glints.com/id/opportunities/jobs/estimator-penempatan-blitar/30354306-7d55-43a0-8cc9-9eb559ddbeb5
4378,train,https://dealls.com/loker/staff-transporter-rumah-sakit~tpm-group-1
4379,validation,https://dealls.com/loker/system-and-procedure-manager~pt-japfa-comfeed-indonesia
4380,test,https://glints.com/id/opportunities/jobs/sales-executive/45307cbb-fa71-41bb-b7f1-d675cb62b68f
4381,train,https://glints.com/id/opportunities/jobs/area-store-supervisor/40db5ba0-56a9-4f0a-b922-41c219541ad3
4382,train,https://dealls.com/loker/sales-account-manager-3~pt-qtera-mandiri
4383,train,https://glints.com/id/opportunities/jobs/personal-assistant-untuk-direktur/9570b93d-e2ae-41f6-983e-0ac075943cd2
4384,test,https://glints.com/id/opportunities/jobs/showroom-manager/0ed0fb12-1d7e-4dc2-8b07-abf75ba362e0
4385,train,https://glints.com/id/opportunities/jobs/kapster/0fdb4728-f962-479f-b7c6-0bcf6a0c0070
4386,test,https://glints.com/id/opportunities/jobs/supervisor-gudang/9266643f-3666-4d57-944c-e14f2c682e16
4387,test,https://dealls.com/loker/internship-presales-it-engineer~pt-qtera-mandiri
4388,train,https://glints.com/id/opportunities/jobs/guru-bahasa-indonesia/0794420b-8e0e-4356-ace6-073ef49d0639
4389,train,https://dealls.com/loker/internship-quality-assurance-engineer~pt-qtera-mandiri
4390,train,https://glints.com/id/opportunities/jobs/maintenance-staff/11c4425f-d916-4c10-9680-6890cefdf04c
4391,test,https://glints.com/id/opportunities/jobs/public-relation-pr/125ab418-2a92-403f-b7b1-4dc52995d468
4392,train,https://glints.com/id/opportunities/jobs/tower-control-supervisor/974f87ab-ea71-4cb9-a9d5-571e250842f3
4393,test,https://dealls.com/loker/engineering-supervisor-3~asri-a-subsidiary-of-agung
4394,train,https://glints.com/id/opportunities/jobs/staff-purchasing-surabaya/9f9b2253-5624-44fd-8d8c-7e51a2185bde
4395,train,https://dealls.com/loker/sales-engineer-33~pt-node-solusi-teknologi
4396,train,https://dealls.com/loker/admin-dispatcher~brik
4397,train,https://glints.com/id/opportunities/jobs/administrasi-akademik/75c73c6b-b120-4960-a0d1-ebfce6bd574a
4398,train,https://glints.com/id/opportunities/jobs/checker-staff/5e3970cd-167c-4941-b94c-109e3491f28b
4399,train,https://dealls.com/loker/admin-k3~brik
4400,train,https://glints.com/id/opportunities/jobs/operator-produksi/6b7733e0-3c07-415f-95bb-2be419701599
4401,train,https://glints.com/id/opportunities/jobs/produksi/041ea2bc-0b4e-4e62-816b-adbc9d3a9dce
4402,validation,https://glints.com/id/opportunities/jobs/admin-warehouse/eb3ac61a-e1aa-405f-aabc-fe0ce1ec269b
4403,train,https://dealls.com/loker/salesman-yogyakarta~ptenseval-putera-megatrading-tbk
4404,train,https://dealls.com/loker/admin-sales-and-customer-support~haveltea
4405,train,https://glints.com/id/opportunities/jobs/freelance-tutor/a475b4a1-e721-4191-885c-ff8bdc70c852
4406,train,https://glints.com/id/opportunities/jobs/waiter-waitress/cb64a3ac-95ba-4499-82fd-0ef5117d3c75
4407,train,https://glints.com/id/opportunities/jobs/staf-gudang/34fbc5a2-eaa8-4c15-af42-910c0621ee87
4408,train,https://glints.com/id/opportunities/jobs/autocrew-pengerjaan-jasa/20cbf0fa-cb7a-4b82-8d48-37b470eb3e8f
4409,train,https://dealls.com/loker/accounting-and-tax-staff-7~kharisma-potensia-indonesia
4410,validation,https://glints.com/id/opportunities/jobs/beauty-advisor/37872a21-19f0-4ce6-b7ae-7c001b872e8e
4411,train,https://glints.com/id/opportunities/jobs/operator-produksi/0b1c8795-f19a-469f-b519-7d0f6ce4cdad
4412,validation,https://dealls.com/loker/data-analyst-95~ptdeva-industries
4413,train,https://glints.com/id/opportunities/jobs/hostess/d3d0a560-f45a-433d-a16a-c00c38cced73
4414,train,https://dealls.com/loker/seo-specialist-27~pt-qtera-mandiri
4415,train,https://dealls.com/loker/store-supervisor-5~paddy-indonesia
4416,train,https://glints.com/id/opportunities/jobs/quality-control-lapangan/41aa6934-b714-4017-be6a-f5ffce2b81f2
4417,train,https://glints.com/id/opportunities/jobs/fashion-designer/259f59a3-4c9e-4fcc-8a52-e81fa478bd29
4418,train,https://dealls.com/loker/project-controller~bosnet-dis
4419,test,https://glints.com/id/opportunities/jobs/admin-project/52615a08-1dac-477c-bd32-63eb0df8585d
4420,train,https://dealls.com/loker/store-leader-4~josephine-anni
4421,train,https://glints.com/id/opportunities/jobs/odoo-developer/0191e8af-a0f5-47f4-aec4-a3706992bab5
4422,train,https://glints.com/id/opportunities/jobs/staf-admin-klinik/6a5120e4-705f-4bec-b05c-fc6b3e217aee
4423,train,https://glints.com/id/opportunities/jobs/utility/c4836520-458a-4e23-94af-4b1858c5e135
4424,train,https://glints.com/id/opportunities/jobs/admin-project/ff17d234-78ce-4378-aa94-f7962e95091a
4425,test,https://glints.com/id/opportunities/jobs/tukang-masak/c0df3f87-70ec-43bb-a241-ffd263c75916
4426,train,https://glints.com/id/opportunities/jobs/perawat/3a2cb033-c9aa-4642-8cc9-892653e962c8
4427,train,https://glints.com/id/opportunities/jobs/sekretaris-direktur/3bb6827c-ee37-401d-ab10-90e57d6cd374
4428,validation,https://glints.com/id/opportunities/jobs/staf-rekrutmen-driver/8b501f88-f241-4c12-ac68-400a5fa94198
4429,train,https://glints.com/id/opportunities/jobs/health-advisor/b143fce7-adcf-48d9-9869-8a148a2e143b
4430,train,https://glints.com/id/opportunities/jobs/staff-operator-produksi/d8dde220-914a-46be-94a9-9c6cdf0b16e8
4431,train,https://dealls.com/loker/quality-control-supervisor-4~pt-cs2-pola-sehat
4432,train,https://glints.com/id/opportunities/jobs/operational-manager/ecc94123-817f-4ffe-bf8d-ea58cb0cb4f1
4433,validation,https://glints.com/id/opportunities/jobs/admin/85057496-9dcd-4ab1-999c-92504a5d14fd
4434,train,https://dealls.com/loker/security-wanita-secwan~tpm-group-1
4435,validation,https://glints.com/id/opportunities/jobs/admin-media-sosial/425b2f80-15a2-4e45-8b76-25eec5526c07
4436,train,https://glints.com/id/opportunities/jobs/content-creator/bcddae5d-5172-4319-990a-9c474d4dc08a
4437,test,https://glints.com/id/opportunities/jobs/staff-fresh/e1349750-ffaf-4e26-b842-01554014a0c3
4438,test,https://glints.com/id/opportunities/jobs/customer-service/dd68746b-b87e-4b3f-9c47-2cac66a23ae0
4439,train,https://glints.com/id/opportunities/jobs/manager-klinik/508c6300-b5f3-44a9-832a-6122e3ad6a20
4440,train,https://glints.com/id/opportunities/jobs/internship-editor-buku-anak/e2aa745c-4df3-4e48-b62b-4e48d0f43df4
4441,validation,https://glints.com/id/opportunities/jobs/customer-service-makassar/ace55418-4f49-45d0-ab73-b2b052c7ae4b
4442,train,https://glints.com/id/opportunities/jobs/teknisi/7174ce4f-42cd-46de-bd9f-be9775f43cc1
4443,train,https://glints.com/id/opportunities/jobs/dishwasher/602ba78d-267a-439d-8d65-c4de80119ed5
4444,train,https://glints.com/id/opportunities/jobs/petugas-kebersihan-cleaning-service/5ccacedc-79cb-431a-976c-229b722093d4
4445,train,https://dealls.com/loker/sales-b2b-9~haveltea
4446,train,https://dealls.com/loker/service-advisor-staff~pt-batavia-prosperindo-trans-tbk
4447,train,https://glints.com/id/opportunities/jobs/cleaning-service/ac7d754a-674b-42f4-b4f2-b53396ef1da6
4448,validation,https://glints.com/id/opportunities/jobs/karyawati-salon/76226ec5-aba3-4be0-b100-2f9b1ac7a73d
4449,train,https://glints.com/id/opportunities/jobs/business-development-staff/29244667-e059-4ead-9ae9-259f1d75f783
4450,validation,https://glints.com/id/opportunities/jobs/staf-laundry/81a658ec-a1de-41bb-bd5c-1c8499947062
4451,train,https://dealls.com/loker/business-development-205~pt-mega-superfood-nusantara
4452,test,https://glints.com/id/opportunities/jobs/tukang-poles-detailing-staff/f97d434c-2034-4796-8a58-5b06f1b89139
4453,train,https://dealls.com/loker/it-support-placement-batu-kajang~xapiens-teknologi-indonesia
4454,train,https://glints.com/id/opportunities/jobs/beauty-therapist/c869aa44-77fe-4ff3-a5d8-c14b69fc7a98
4455,test,https://glints.com/id/opportunities/jobs/crew-produksi-karawang/f0538a4a-20ad-448d-a46c-b6e38ec35c46
4456,test,https://glints.com/id/opportunities/jobs/body-painting-body-repair/45e707d8-3c2a-4514-be6a-5473cdc88a97
4457,train,https://dealls.com/loker/security-perkantoran-area-samarinda-kalimantan~kharisma-potensia-indonesia
4458,test,https://glints.com/id/opportunities/jobs/admin-project/c2afc3d7-a9f1-4d4f-b3b4-a3e354ddeaf1
4459,train,https://glints.com/id/opportunities/jobs/social-media-specialist/5fe4cb2a-f7bb-4ead-8bc9-18ccece63ca2
4460,train,https://dealls.com/loker/mechanical-technician~pt-cs2-pola-sehat
4461,train,https://dealls.com/loker/retail-associate~mandg-life
4462,train,https://glints.com/id/opportunities/jobs/customer-service-grapari-bandung/b27e3aea-a02f-4917-a9a0-1110dc58c7db
4463,train,https://glints.com/id/opportunities/jobs/sales-industri/2029f96e-667c-44f2-a322-891f466357e5
4464,train,https://dealls.com/loker/solution-center-hub-leader~anteraja
4465,train,https://glints.com/id/opportunities/jobs/wartawan/a52b3fdb-b361-4676-b6ca-575ac42f761e
4466,train,https://dealls.com/loker/crew-store-at-sangir-talaud~bpconsultinggroup
4467,validation,https://glints.com/id/opportunities/jobs/secretary-to-director/31a99034-183e-45dc-8ff8-eedc82c2d41f
4468,train,https://dealls.com/loker/electrical-engineering-antenna-rfif-batam~pasifik-satelit-nusantara
4469,train,https://dealls.com/loker/project-manager-54~quickens
4470,train,https://glints.com/id/opportunities/jobs/digital-marketing/c88bf557-c5c6-4b1b-a50b-9356e35ad8ba
4471,train,https://glints.com/id/opportunities/jobs/koordinator-pic-delivery/d3a35abe-725c-4e8f-b9bc-594472ebff93
4472,train,https://glints.com/id/opportunities/jobs/admin-qc/039a1d37-b1fe-4e78-944b-de8c27089b14
4473,train,https://glints.com/id/opportunities/jobs/accounting/5711e2ab-6499-498b-aafe-a0ccd153e8ca
4474,train,https://glints.com/id/opportunities/jobs/sales-b2b/76c34172-2c52-4826-8afa-1c15aa082d15
4475,train,https://glints.com/id/opportunities/jobs/graphic-designer/28c393d3-700b-4b24-a946-0c708eb1161c
4476,train,https://dealls.com/loker/magang-staff-accounting~sewu-development
4477,train,https://glints.com/id/opportunities/jobs/manager-operasional/0a849468-cead-4fde-b168-de793387946a
4478,train,https://glints.com/id/opportunities/jobs/fashion-design/0e5f67ee-f08f-48e2-856b-ba0fa8c3f01b
4479,train,https://glints.com/id/opportunities/jobs/kasir-restoran-bakso-malang-raju/832290ee-b16b-4d53-a523-adb31bfa4c65
4480,train,https://glints.com/id/opportunities/jobs/kol-spesialist/980924e9-9724-41bc-9cc1-fd7174944d63
4481,train,https://glints.com/id/opportunities/jobs/pic-div-produksi-jersey/0d39c42f-8ae4-4513-80e3-113d889bb4d2
4482,train,https://glints.com/id/opportunities/jobs/teknisi-khusus-service-mesin-laptop/2fd01ccb-c050-4472-8655-5c9dbc15e312
4483,train,https://glints.com/id/opportunities/jobs/staf-legal/5e18f495-f6a9-4404-9b3b-35ef7421355f
4484,train,https://glints.com/id/opportunities/jobs/office-boy-girl/493c1d2c-32ed-4afd-bc6b-f7b1c27f1a59
4485,train,https://glints.com/id/opportunities/jobs/sales-cv-honestly-indonesia-sejahtera/baead717-6721-40ac-905a-6151f486bfe2
4486,train,https://glints.com/id/opportunities/jobs/staff-administrasi/94c9f1c9-80f0-4fd3-ace3-e2666aa270d6
4487,train,https://glints.com/id/opportunities/jobs/front-office/2c590e39-19d2-4f2b-8dcb-fc837e58663f
4488,train,https://glints.com/id/opportunities/jobs/supervisor-manufaktur-grobogan/2dbf1201-a0dc-4771-acae-22e0ccc56e90
4489,train,https://dealls.com/loker/sales-22~pemmzid
4490,test,https://dealls.com/loker/full-stack-engineer-15~cv-solusi-teknologi-kreatif
4491,test,https://glints.com/id/opportunities/jobs/field-collection/8a891816-fa89-4f0a-8b3e-a744427bf4f5
4492,train,https://glints.com/id/opportunities/jobs/office-boy/4e24b1e5-c34d-4077-ba23-b52fc7b948bf
4493,train,https://dealls.com/loker/rm-pension-kuningan~pt-bank-kb-bukopin-tbk
4494,validation,https://dealls.com/loker/student-counselor-marketing-and-sales~universitas-ciputra-surabaya
4495,train,https://glints.com/id/opportunities/jobs/driver-dropping/c0209f45-4248-450e-8681-02ac22123ae7
4496,train,https://glints.com/id/opportunities/jobs/petugas-kebersihan-cleaning-service-barbershop/feee4a17-a074-4f9c-bfcb-a236dca9dbf3
4497,train,https://glints.com/id/opportunities/jobs/office-boy/d0dafdd9-158b-4505-a9de-ae576ded4aed
4498,test,https://glints.com/id/opportunities/jobs/operator-produksi/5a0deb3f-0f5f-4dd2-bfda-738abbdcf04b
4499,validation,https://glints.com/id/opportunities/jobs/graphic-designer/0c1696c8-4d14-4f70-ae86-690630dbc581
4500,train,https://glints.com/id/opportunities/jobs/brand-associate/7aa4dba7-bb31-4453-bac6-61cf218de182
4501,test,https://dealls.com/loker/area-sales-manager-13~pt-jaya-mulia-permata
4502,train,https://glints.com/id/opportunities/jobs/maintenance-technician/2b117c46-f84e-48eb-b195-34abad02a005
4503,train,https://glints.com/id/opportunities/jobs/administration/c26ef9f1-ebc1-4137-b7a4-4d709fe6e50b
4504,validation,https://glints.com/id/opportunities/jobs/admin/21cce97d-c085-4bab-b14e-3716b9dc60f0
4505,test,https://glints.com/id/opportunities/jobs/resepsionis/c3d1b395-0e65-487c-a78c-372fcd885375
4506,train,https://glints.com/id/opportunities/jobs/staff-general-affair/f9a5a960-bf08-46ec-9d75-a2d1c35d4c53
4507,train,https://glints.com/id/opportunities/jobs/operator-dry-laminasi/841f9218-f194-4e2a-acb8-f90a45a27135
4508,train,https://glints.com/id/opportunities/jobs/desk-collection/8be2e57f-0c62-4613-8abe-7e3c456acacc
4509,validation,https://glints.com/id/opportunities/jobs/human-resources/a3a8e4ca-84ab-4831-8f92-f05a6d0c7b06
4510,train,https://glints.com/id/opportunities/jobs/cleaning-service/bed78a6c-c710-44b5-9ad7-2efc949f5813
4511,train,https://dealls.com/loker/admin-produksi-4~pt-global-jaya-ultime
4512,train,https://glints.com/id/opportunities/jobs/sales-and-marketing/3e09806d-80bc-4547-b87e-266de7378595
4513,validation,https://glints.com/id/opportunities/jobs/office-boy/9eed9c21-5902-4da6-a37d-2f62355b543a
4514,validation,https://glints.com/id/opportunities/jobs/product-designer-packaging/e5fa9a19-75d6-4b74-ba43-4750c9d20091
4515,train,https://glints.com/id/opportunities/jobs/planologi/4445e67a-62d4-45c1-9009-7fb09d155533
4516,train,https://glints.com/id/opportunities/jobs/staff-produksi/e2a98a1d-29c4-49ef-88d7-1889cbe592a7
4517,train,https://glints.com/id/opportunities/jobs/account-executive/4f4621eb-eef5-4ba4-a4ee-73831596c113
4518,train,https://glints.com/id/opportunities/jobs/kol-specialist/e46bdc3f-eac0-4b95-a9d3-4e51c802cc32
4519,test,https://glints.com/id/opportunities/jobs/guru-fisika-physics-teacher/aeeb7724-3015-4174-9303-a3a9845ef985
4520,train,https://glints.com/id/opportunities/jobs/staff-general-affair/cc280ad9-27cc-4a81-bcd7-7da50961a2fd
4521,test,https://glints.com/id/opportunities/jobs/spv-marketing/7fa65ae6-3564-4aea-a0a5-7ba160516280
4522,train,https://glints.com/id/opportunities/jobs/supervisor/7ea5da93-d683-4a36-9588-4d7fc4599c69
4523,test,https://glints.com/id/opportunities/jobs/admin-marketing-customer-service-whatsapp/0e1f9fca-388a-497b-b0c9-f6a907b2d22b
4524,train,https://glints.com/id/opportunities/jobs/qc-plating/c3fd4d05-3f52-443b-b3df-b56b5c5bf3fd
4525,test,https://glints.com/id/opportunities/jobs/host-live-streaming/b03b0ee0-d8c2-463d-8b0b-32f5a564850e
4526,train,https://dealls.com/loker/driver-10~modena
4527,train,https://glints.com/id/opportunities/jobs/agent-call-center-laboratorium-klinik-semarang/392f9644-5813-4041-b440-db6276816f84
4528,train,https://glints.com/id/opportunities/jobs/sales-marketing/dd2f6e28-a2f6-44cd-8f87-571e9ad60d5b
4529,train,https://glints.com/id/opportunities/jobs/admin-gudang/2e547481-519e-46c1-9caf-c3ebdb90b80c
4530,train,https://glints.com/id/opportunities/jobs/crew-warehouse/8b35c676-6ed9-4984-b1a2-0af2bce8a010
4531,test,https://glints.com/id/opportunities/jobs/logistik-admin/baef460c-5db4-497b-9599-dc1f18c08cfa
4532,train,https://dealls.com/loker/staff-exim-1~paus-biru-international
4533,test,https://dealls.com/loker/staff-exim~paus-biru-international
4534,train,https://glints.com/id/opportunities/jobs/product-engineer-furniture-and-upholstery/0f0319f4-c20d-4d54-a799-5f95b1d70a7b
4535,validation,https://glints.com/id/opportunities/jobs/supir-truk-fuso/b9a625e4-c89c-4b3d-b543-1e0b2507e9c7
4536,train,https://glints.com/id/opportunities/jobs/quality-control-qc/e8f356e3-81d3-4fae-af8f-a3b7f0eee4c6
4537,train,https://glints.com/id/opportunities/jobs/pimpinan-proyek/5d8c08cb-ac29-4acb-a6d3-4a2d5b7bf05e
4538,train,https://glints.com/id/opportunities/jobs/office-boy-girl/73fed773-fa06-413f-84ea-c605ff05c985
4539,train,https://glints.com/id/opportunities/jobs/asisten-guru-slb/f10c3678-c022-47fe-8615-cb239baa3ce9
4540,train,https://glints.com/id/opportunities/jobs/personal-asisten/6a901eb7-c7e1-4f87-b049-8304a7a8362a
4541,train,https://glints.com/id/opportunities/jobs/staf-admin-finance/f0bee051-811d-46f3-992f-a95ef1fadcc0
4542,train,https://glints.com/id/opportunities/jobs/operator-gudang-shopee-harian-lepas/1e8d8e25-a4b7-4519-8fb9-a694b9b4f81f
4543,train,https://glints.com/id/opportunities/jobs/admin-klinik-kecantikan/e523cb85-593e-45b2-bfb0-d63fb703c425
4544,train,https://glints.com/id/opportunities/jobs/it-programmer/16ebd58a-55b2-42b5-a810-c4a1843007c7
4545,train,https://glints.com/id/opportunities/jobs/content-creator/662c4b51-f09b-4d25-9e42-0406b23b722c
4546,validation,https://dealls.com/loker/area-manager-fandb~pt-inisiatif-semua-bisa
4547,train,https://glints.com/id/opportunities/jobs/content-creator/7978d105-ee59-490c-8da1-a348ac9f97b8
4548,train,https://glints.com/id/opportunities/jobs/helper-produksi/2adeb156-67f5-4ad3-848f-f058eee77567
4549,train,https://glints.com/id/opportunities/jobs/office-boy-girl/5988e6cb-dc42-4366-8643-f8bf61e252ec
4550,train,https://glints.com/id/opportunities/jobs/sales-admin/1daae65c-ffee-4aff-ac21-ec2378cb54a8
4551,train,https://glints.com/id/opportunities/jobs/ga-staff/076f2bc7-8c26-4891-b900-4646938b3f8f
4552,train,https://glints.com/id/opportunities/jobs/marketing-associate/114a3b37-b5ac-493e-815a-2fb868a7dde2
4553,train,https://glints.com/id/opportunities/jobs/staff-pajak/e5dc551d-7a6a-4415-b7fc-1615b9b81de1
4554,train,https://glints.com/id/opportunities/jobs/staff-it-programing/67077fdd-8552-4d02-9536-fb45c1cc258c
4555,train,https://glints.com/id/opportunities/jobs/administrasi-service/b826a77f-55e3-40cb-9069-26d96292effe
4556,train,https://glints.com/id/opportunities/jobs/bidan/efeb10de-06aa-418c-8cfd-1050240ab88d
4557,test,https://glints.com/id/opportunities/jobs/it-support/b0386380-4af4-40da-8c98-c736d439ce79
4558,train,https://dealls.com/loker/warehouse-distribution-assistant-da-magelang-1~anteraja
4559,train,https://dealls.com/loker/host-live-stream-coordinator~pt-akasha-wira-international-tbk
4560,train,https://glints.com/id/opportunities/jobs/administrasi/44da1306-7bb0-4067-8c77-4efbefbc4e7f
4561,validation,https://glints.com/id/opportunities/jobs/internship-program/d0d424d8-1e89-4014-92d0-0151b2e1e333
4562,validation,https://glints.com/id/opportunities/jobs/teknisi-instalasi-wifi-cirebon/f9712fc4-c7e5-44df-ab8a-74fbd6fb7484
4563,train,https://dealls.com/loker/salesman-palangkaraya~pt-tri-sapta-jaya
4564,train,https://glints.com/id/opportunities/jobs/content-creator/d54abcca-e90d-434c-a7e7-694c073a7592
4565,train,https://glints.com/id/opportunities/jobs/field-promotor/49b98916-18ba-43ee-9452-c76e2e2cd373
4566,train,https://glints.com/id/opportunities/jobs/spesialis-e-commerce/ad1a0867-1e4f-4e70-ac58-9ae54736c894
4567,train,https://glints.com/id/opportunities/jobs/field-training-officer/0ee920a7-7434-41f0-aa5a-02af84d46efb
4568,test,https://dealls.com/loker/mt-supervisor~pt-triatra-sinergia-pratama
4569,train,https://glints.com/id/opportunities/jobs/staff-operator-live-streaming/96320a3d-50f4-4a81-aac7-5b4657c3410a
4570,train,https://dealls.com/loker/inventory-analyst-2~pt-triatra-sinergia-pratama
4571,train,https://glints.com/id/opportunities/jobs/store-manager/908727be-ab1a-4081-9541-037896eb7b5c
4572,train,https://glints.com/id/opportunities/jobs/staff-agensi-wfh/01745588-b814-4504-a65f-ed56692cdc38
4573,train,https://glints.com/id/opportunities/jobs/aesthetic-nurse/942543b9-8488-40e2-b101-d23178cde6bb
4574,validation,https://glints.com/id/opportunities/jobs/admin-operasional/8a45f315-a1d5-4af0-8cbf-1ca52cfb7248
4575,validation,https://glints.com/id/opportunities/jobs/admin-gudang/f849f3ff-a37f-4ac8-bcf0-f23f82b6ead8
4576,train,https://glints.com/id/opportunities/jobs/sales-promotor/d4f2ae43-49b6-4e75-b4d8-695725cb9cb3
4577,test,https://dealls.com/loker/project-support-2~assistx
4578,train,https://glints.com/id/opportunities/jobs/supervisor-marketing/77f7e8ed-635c-44a7-9640-e1745abeed30
4579,train,https://glints.com/id/opportunities/jobs/admin-staff/e712fc71-bb2d-4b4d-949d-cddc19d4b769
4580,train,https://glints.com/id/opportunities/jobs/ai-content-creator-and-prompt-specialist/eade3292-0ed8-49dd-8dc3-bcaa7102a4d2
4581,train,https://glints.com/id/opportunities/jobs/office-boy-ob/cba7bbcf-2d79-4ba7-986c-426b351d40f4
4582,train,https://glints.com/id/opportunities/jobs/management-trainee/7f0c88c3-5c41-4d8a-af70-c6666c9da4d1
4583,train,https://glints.com/id/opportunities/jobs/sprinter-mobil/9c893855-7f8b-406d-959f-b59fff2250d1
4584,train,https://dealls.com/loker/tax-officer-consultant~pt-ruang-talenta-optima
4585,validation,https://dealls.com/loker/branch-manager-14~sinarmas-sekuritas
4586,train,https://dealls.com/loker/compliance-staff-1~sinarmas-sekuritas
4587,train,https://glints.com/id/opportunities/jobs/qa-qc-staff/a4731024-b663-42f0-ab48-ae50e0565ae7
4588,validation,https://dealls.com/loker/kepala-cabang-bimbel-1~akademi-prestasi-indonesia
4589,train,https://glints.com/id/opportunities/jobs/teknisi-interface/9c26d201-df22-47be-b3c9-613015189e1b
4590,train,https://dealls.com/loker/sales-cardio-area-jakarta-dan~tigasatu-medika-pratama
4591,validation,https://dealls.com/loker/customer-service-online~cv-unitech-indonesia
4592,train,https://glints.com/id/opportunities/jobs/warehouse-operator/1c0445a1-e63a-4390-9b05-ae8536ccfa7e
4593,train,https://dealls.com/loker/spv-affiliate-and-kol~auraharmoniestetika
4594,test,https://dealls.com/loker/secretary-director~pt-sinar-sukses-mandiri
4595,train,https://dealls.com/loker/spv-sales-marketing~auraharmoniestetika
4596,validation,https://dealls.com/loker/creative-leader-1~auraharmoniestetika
4597,train,https://glints.com/id/opportunities/jobs/admin-proyek/c23232e0-b6db-45ce-a67a-9eb9b280549d
4598,train,https://glints.com/id/opportunities/jobs/guru-tahfidz/4ecb0039-5aeb-4f13-ac28-cac6ee3d212f
4599,train,https://glints.com/id/opportunities/jobs/supir-bangunan-material-bangunan/edea52d4-e7b1-4b10-9779-378aab24722c
4600,validation,https://glints.com/id/opportunities/jobs/operator-machining-bubut-manual/86e47dfd-594c-412a-988f-bb635416da29
4601,train,https://dealls.com/loker/young-financial-academy-jabodetabek-1~bank-mega
4602,train,https://dealls.com/loker/uiux-design-internship~pt-bank-digital-bca-bca
4603,train,https://glints.com/id/opportunities/jobs/building-and-facilities-officer/f3c13fbe-b179-4f91-b71b-ddcc3b459a0f
4604,train,https://glints.com/id/opportunities/jobs/content-creator-pt-sinar-nusantara-sukses/20f6a846-77f6-4359-8849-a6fa4cf23543
4605,train,https://glints.com/id/opportunities/jobs/telesales/e55e2498-9e3f-4699-8f78-e9c6b1139674
4606,train,https://glints.com/id/opportunities/jobs/store-supervisor-citimall-dumai/bb3bb5ab-f929-4153-8862-b20e72ca3e8a
4607,train,https://glints.com/id/opportunities/jobs/storekeeper/8e4569b2-6eb8-422d-89bc-9ffa84ae04b8
4608,train,https://glints.com/id/opportunities/jobs/sales-peralatan-mesin/889fe5cb-848e-4a0c-95bf-cd119ed759d0
4609,train,https://glints.com/id/opportunities/jobs/logistic-officer/720e3191-fd14-449f-927f-9573651176c0
4610,train,https://dealls.com/loker/uiux-designer-47~pt-node-solusi-teknologi
4611,train,https://glints.com/id/opportunities/jobs/operator-produksi/e6d18644-2f8c-4dcf-80d9-aef537640dea
4612,train,https://dealls.com/loker/human-capital-management-officer~astra-international
4613,train,https://dealls.com/loker/social-media-specialist-aiho~astra-international
4614,test,https://dealls.com/loker/tax-officer-aiho~astra-international
4615,train,https://dealls.com/loker/secretary-aiho~astra-international
4616,test,https://glints.com/id/opportunities/jobs/sales-promotor/e86a8999-4df6-4696-997b-307501b04fff
4617,test,https://dealls.com/loker/dr-specialist-penyakim-dalam-onkologi~pt-cs2-pola-sehat
4618,train,https://glints.com/id/opportunities/jobs/graphic-designer-and-ilustrator/f432bb5e-f5ef-4fd4-bf3b-03f480b81fa3
4619,test,https://glints.com/id/opportunities/jobs/operator-produksi/1043b831-a270-40c1-94ef-3811f6a171d0
4620,train,https://glints.com/id/opportunities/jobs/waiter-waitress/5d750603-aecd-48d2-95f7-ab06e36ae8a7
4621,validation,https://glints.com/id/opportunities/jobs/admin-wanita/0f534ae7-0932-4be3-a034-ad42f556ac56
4622,train,https://glints.com/id/opportunities/jobs/admin-sales/1cd264b9-08d7-4950-9b44-425a7ddd04dd
4623,validation,https://glints.com/id/opportunities/jobs/customer-relation-officer/2f396b7a-ca44-4996-a087-3565af547a80
4624,train,https://glints.com/id/opportunities/jobs/packing/ef3ac9a6-a3a7-46b0-a6e4-ef19315d1a57
4625,train,https://glints.com/id/opportunities/jobs/bd-dan-sales/61dae278-994d-4bdb-aa73-5ce93a3ea6e1
4626,train,https://glints.com/id/opportunities/jobs/content-creator/08e7b2b1-b511-4368-9a70-043e747ada23
4627,validation,https://glints.com/id/opportunities/jobs/pendamping-proses-produk-halal/e128d18c-92fc-46c4-8e98-8bf4e5b31af3
4628,validation,https://dealls.com/loker/graphic-designer-182~pt-bank-digital-bca-bca
4629,train,https://glints.com/id/opportunities/jobs/spesialis-sales-trainee-trainer/6b824f0c-9e22-41fe-b3b3-3e6364ede79f
4630,train,https://dealls.com/loker/bartender-3~pt-asia-raya-group
4631,test,https://glints.com/id/opportunities/jobs/engineer/6fea0c97-a4d2-4fdc-a9c9-22e1df0d8cc4
4632,train,https://dealls.com/loker/head-floor~pt-shisha-jaya-abadi
4633,train,https://dealls.com/loker/landscape-supervisor~agung-sedayu-group-1
4634,train,https://glints.com/id/opportunities/jobs/sales-promotor/254016f1-9c15-4a8e-968e-02601796c702
4635,validation,https://glints.com/id/opportunities/jobs/admin/1ab030f7-44b3-49ab-849e-0023b2c57e69
4636,train,https://glints.com/id/opportunities/jobs/kepala-penjahit/5ceeb2e4-f8e9-4ad5-a63a-98fcd10cf590
4637,train,https://glints.com/id/opportunities/jobs/helper-mekanik/a0027470-1443-4b10-abe9-8c2204bc3811
4638,train,https://glints.com/id/opportunities/jobs/operator-produksi/e072054a-d19b-46c8-9cd1-79617e529bbf
4639,validation,https://glints.com/id/opportunities/jobs/admin-marketplace/38655a0c-8146-4f62-88e2-024a504c7e7a
4640,train,https://dealls.com/loker/fisioterapis-1~pt-cs2-pola-sehat
4641,train,https://glints.com/id/opportunities/jobs/personal-assistant/0467ca72-e1ff-46de-bf42-19f297df2603
4642,validation,https://dealls.com/loker/product-manager-balaraja~pt-cs2-pola-sehat
4643,train,https://dealls.com/loker/ads-marketplace-specialist~pt-indonesia-premium-goods-1
4644,train,https://dealls.com/loker/personal-trainer-taman-galaxy~fit-hub
4645,test,https://glints.com/id/opportunities/jobs/tenaga-kuli-bongkar-muat/b52aadf3-539b-4f3b-a2c6-4e435b79419d
4646,test,https://glints.com/id/opportunities/jobs/helper-warehouse/755fb7cb-0db1-44e9-9286-fd175a6e2995
4647,validation,https://glints.com/id/opportunities/jobs/host-live-streaming/3881f5ad-84df-4aa3-95bb-a3250e4520c4
4648,train,https://glints.com/id/opportunities/jobs/cad-engineer-mold-designer-injection-molding/229640b3-5775-45ec-93e2-b3e24324e7c9
4649,train,https://glints.com/id/opportunities/jobs/trip-attendant/cf6bc3d6-b0b1-4614-9579-4970883908f4
4650,train,https://glints.com/id/opportunities/jobs/admin-operations/02da7bf0-9f9d-4739-976f-a0222f3cf2a0
4651,train,https://glints.com/id/opportunities/jobs/admin-online-shop-marketplace/72e2cd2e-72b4-46ca-9837-6c913021e428
4652,train,https://glints.com/id/opportunities/jobs/head-chef/558cfebe-3dde-4013-882f-9ed419418b2a
4653,train,https://glints.com/id/opportunities/jobs/it-development-staff/8fe2776c-6f07-454c-95fe-c681bbea1c56
4654,train,https://glints.com/id/opportunities/jobs/assistan-notaris-ppat/2305d864-d6a0-4207-a808-7e987ffc9cd3
4655,train,https://glints.com/id/opportunities/jobs/quality-controller/cd25b4f7-5f6e-401d-b563-29b0972f956d
4656,train,https://glints.com/id/opportunities/jobs/runner/ff67c9a1-c674-4e38-a38e-0d46f5629095
4657,train,https://glints.com/id/opportunities/jobs/kol-specialist/dd188cf4-2e96-46d9-a3f4-e844237044a2
4658,train,https://glints.com/id/opportunities/jobs/penjaga-konter/61c84c4c-b9a4-425f-8dce-9abf3387d3fc
4659,train,https://glints.com/id/opportunities/jobs/quality-control/14aa6f6c-dd6c-4dd2-913f-5843a3b8965f
4660,train,https://glints.com/id/opportunities/jobs/customer-service-intern/18c6f2f4-1db5-40d3-8f6b-a4a1a4c055ff
4661,test,https://glints.com/id/opportunities/jobs/apoteker-penanggung-jawab-alkes-pbf-kupang-ntt/feefff85-4cca-4587-857a-40a097c1ba60
4662,train,https://glints.com/id/opportunities/jobs/admin-gudang/bbb8b789-915b-4b2b-9034-954f996a2322
4663,train,https://dealls.com/loker/personal-assistantsecretary-bahasa-mandarin-jakarta~kharisma-potensia-indonesia
4664,train,https://glints.com/id/opportunities/jobs/admin-engineering/ada2c359-9c22-43cf-8456-42c2214ee858
4665,test,https://glints.com/id/opportunities/jobs/sales-admin/ff693a4b-a831-48c1-ae59-b75951c0959b
4666,validation,https://glints.com/id/opportunities/jobs/magang-finance/68edc5e6-532d-4fa5-b891-f1aed9bf5c24
4667,test,https://dealls.com/loker/auditor-operasional-kota-manado~kharisma-potensia-indonesia
4668,train,https://dealls.com/loker/head-of-marketing-and-partnership~iblam-school-of-law
4669,test,https://dealls.com/loker/sales-executive-at-tss~bpconsultinggroup
4670,validation,https://dealls.com/loker/sales-taking-order-kota-bontang~kharisma-potensia-indonesia
4671,train,https://glints.com/id/opportunities/jobs/helper-teknisi-ac/dad466f0-e3d3-4b20-a0c9-79d518252636
4672,test,https://dealls.com/loker/driver-operasional~damai-indah-golf
4673,train,https://glints.com/id/opportunities/jobs/operator-mesin/359d954c-7129-4d32-be85-d2f1175ec024
4674,validation,https://glints.com/id/opportunities/jobs/recruitment-intern/75da657c-2087-41bd-9e5b-ac60dc6a692c
4675,train,https://dealls.com/loker/business-operation-intern~anteraja
4676,train,https://glints.com/id/opportunities/jobs/operator-sealer/38e23088-9ad8-494e-b5c9-62367974d317
4677,test,https://glints.com/id/opportunities/jobs/spv-store/2dd894b8-3f5e-466a-b033-9c9c3250df05
4678,test,https://glints.com/id/opportunities/jobs/group-leader-machining/4cc06e7c-f6b6-4b43-bcbd-ec4c6a2c8cbc
4679,train,https://glints.com/id/opportunities/jobs/digital-marketing-manager/19be528f-759a-4bb4-8afc-44f20cb84782
4680,train,https://glints.com/id/opportunities/jobs/livestreamer/82c8d9a6-a7bc-450a-878f-7c2cee767434
4681,train,https://dealls.com/loker/head-of-brand-at-depot~bpconsultinggroup
4682,validation,https://glints.com/id/opportunities/jobs/desk-collection/40ad7750-52cf-4c31-bae6-cb849f1c46e4
4683,train,https://dealls.com/loker/business-development-staff-pmp~pt-patria-maritim-perkasa
4684,train,https://dealls.com/loker/quality-assurance-staff-pmp~pt-patria-maritim-perkasa
4685,train,https://glints.com/id/opportunities/jobs/qa-qc-staff/b067343e-5793-4c82-a541-729337d6d94c
4686,validation,https://glints.com/id/opportunities/jobs/personal-assistant/c83d86ec-1fb5-4f58-812a-46212881d6a3
4687,train,https://dealls.com/loker/key-account-executive-fmcg~oelek-selera-nusantara
4688,train,https://glints.com/id/opportunities/jobs/marketing-proyek/348723a3-e4ca-4618-9a66-1a6f1fb7c115
4689,train,https://dealls.com/loker/aeon-fast-agent-sales-promotor~aeon-credit-service-indonesia
4690,validation,https://dealls.com/loker/digital-marketing-officer-2~universitas-ciputra-surabaya
4691,test,https://dealls.com/loker/supervisor-quality-control-1~pt-lapi-laboratories
4692,train,https://dealls.com/loker/hr-development-officer-1~pt-lapi-laboratories
4693,train,https://dealls.com/loker/procurement-staff-17~better-tomorrow-at-trive
4694,train,https://glints.com/id/opportunities/jobs/product-specialist/921c0d8b-31d1-4bea-9bed-2137fb813ca7
4695,train,https://dealls.com/loker/sales-b2b-11~pt-rokok-elektrik-enak
4696,train,https://glints.com/id/opportunities/jobs/junior-collection-remedial-field/2cc7567a-a1d5-4039-8c33-435adcfd7c0c
4697,validation,https://glints.com/id/opportunities/jobs/marketing-agent-officer-motorku/e0366de1-cc7e-4356-a89d-555da76589cc
4698,train,https://glints.com/id/opportunities/jobs/customer-service/251066e3-3431-412b-b043-15065855608f
4699,validation,https://glints.com/id/opportunities/jobs/it-support-engineer/fca97791-3682-4029-b1c4-03d2f482279d
4700,train,https://glints.com/id/opportunities/jobs/pengajar-freelance-ekonomi/f15d3a8e-01f8-4f42-b7b9-5c0dda80cbd4
4701,train,https://glints.com/id/opportunities/jobs/frontliner/9f79c0d1-c814-4574-ab2e-f8c05718deb5
4702,train,https://glints.com/id/opportunities/jobs/qc-document-label-and-kemasan/e5ba08bd-570a-49b7-9418-f5a14d9796aa
4703,train,https://glints.com/id/opportunities/jobs/operator-excavator/c8bc3cf2-448f-4dba-9770-36fd443e97b1
4704,test,https://glints.com/id/opportunities/jobs/ahli-gizi-makanan/b534cc45-bcbd-4fb6-a408-24adf6cce5f0
4705,train,https://glints.com/id/opportunities/jobs/operator-warehouse/792e5dd7-c0b4-4e15-b6e6-b91ed2847b99
4706,train,https://glints.com/id/opportunities/jobs/desk-collector/1f3e3fc2-41a5-4eea-aef4-8d34bf0f40d0
4707,train,https://glints.com/id/opportunities/jobs/staff-administrasi/d74b1464-a821-4e5c-a88e-a1beed6b8c6a
4708,train,https://dealls.com/loker/hr-general-affair-and-legal~pt-megah-pita-indonesia
4709,validation,https://glints.com/id/opportunities/jobs/store-supervisor-malang/84cc9229-a756-4783-be6f-ff5dcab2efb7
4710,validation,https://glints.com/id/opportunities/jobs/desain-grafis/08c741e8-0075-45dc-89d7-fdeee28b70cc
4711,train,https://glints.com/id/opportunities/jobs/mt-operational-supervisor/aaa533c3-aed6-497c-a277-da4c6715aae4
4712,train,https://glints.com/id/opportunities/jobs/operator-slitting/e227a2c7-b5d2-40c7-a75b-ba0e310db463
4713,train,https://glints.com/id/opportunities/jobs/admin-operasional/c9b3462c-bec5-479c-832c-c028f999076a
4714,validation,https://dealls.com/loker/content-planner~ptinternet-mulia-untuk-negeri
4715,train,https://glints.com/id/opportunities/jobs/packing-staff/ac0b7160-0c2a-42e1-a5db-9da6a289fd99
4716,train,https://dealls.com/loker/key-account-executive-24~pt-fcl-internasional-indonesia
4717,train,https://glints.com/id/opportunities/jobs/admin-sales/69601fd9-901d-4dce-a486-0424e9ee6e75
4718,train,https://glints.com/id/opportunities/jobs/sales-lapangan/c7cb1e19-74d2-49bc-b4c5-034908c4e7eb
4719,test,https://dealls.com/loker/hc-development-analyst-astra-infra~astra-tol-nusantara
4720,train,https://dealls.com/loker/digitalization-project-management-officer~astra-tol-nusantara
4721,train,https://glints.com/id/opportunities/jobs/operator-produksi/369dc15c-2ea5-4140-a5db-d3d89d1c9563
4722,train,https://glints.com/id/opportunities/jobs/research-and-development-r-and-d/cf8d58c0-c0a2-4899-a509-11480d2aacc7
4723,train,https://dealls.com/loker/asset-recovery-officer~infinid-indonesia
4724,train,https://glints.com/id/opportunities/jobs/staff-ar/3cba86c9-765f-47e5-b8ce-0c529545f8b4
4725,validation,https://dealls.com/loker/ar-b2b-and-cod-staff~anteraja
4726,train,https://glints.com/id/opportunities/jobs/utility-staff/78cbd159-8510-4dff-9f2f-590bee3ebcb8
4727,train,https://glints.com/id/opportunities/jobs/social-media-specialist/fca5a38b-10d9-4faa-bf6d-e4dc2d03e20b
4728,train,https://glints.com/id/opportunities/jobs/technical-writer/0a11aee9-ab10-45ab-82bc-50a16bdbdaaa
4729,train,https://glints.com/id/opportunities/jobs/store-manager/ecc3ea7d-c85f-4c4a-9529-968ee66b79fa
4730,train,https://dealls.com/loker/fullstack-developer-26~ptinternet-mulia-untuk-negeri
4731,train,https://dealls.com/loker/accounting-33~pt-alpine-cool-utama
4732,train,https://glints.com/id/opportunities/jobs/customer-service/5a781584-3d07-49d6-b437-8dff0005cef5
4733,train,https://dealls.com/loker/integrated-water-management-system~agung-sedayu-group-1
4734,validation,https://dealls.com/loker/building-maintenance~agung-sedayu-group-1
4735,train,https://dealls.com/loker/fullstack-developer-25~pt-sentra-vidya-utama-sevima
4736,train,https://dealls.com/loker/account-manager-solusi-b2b~pt-air-mas-perkasa
4737,train,https://glints.com/id/opportunities/jobs/staff-produksi/ccd7f79c-e550-4c37-b5a4-f7aa16a8601c
4738,train,https://glints.com/id/opportunities/jobs/graphic-designer/59ea380c-b233-445c-a4cb-dab34f7f89eb
4739,train,https://glints.com/id/opportunities/jobs/content-specialist/71cac821-01a2-4521-b333-8932450ebcb7
4740,train,https://glints.com/id/opportunities/jobs/dokter-umum-vaksinator/c69f7f57-c1b2-41a4-81c0-fdd400f7cac3
4741,train,https://glints.com/id/opportunities/jobs/sales-representative/d699a8c1-9baf-4f2d-9ca8-8d1c288bb3d6
4742,train,https://glints.com/id/opportunities/jobs/account-payable-staff/f76c0a42-e14b-491c-9b45-29027272017e
4743,train,https://glints.com/id/opportunities/jobs/admin-gudang-dapur-mbg/a141d800-3058-477f-b2e6-1201b185163c
4744,train,https://glints.com/id/opportunities/jobs/social-media-specialist/1575a11c-c950-4037-9c92-2f0b8020b54b
4745,train,https://glints.com/id/opportunities/jobs/baker-helper/6d52830e-5529-45ed-9791-4087e7540a6d
4746,train,https://dealls.com/loker/lowongan-dosen-full-time-homebase~universitas-indonesia-mandiri
4747,train,https://dealls.com/loker/engineering-on-site-staff-eos~pt-inisiatif-semua-bisa
4748,train,https://dealls.com/loker/staff-teknik~pt-cs2-pola-sehat
4749,test,https://glints.com/id/opportunities/jobs/admin-logistik/59bd37e3-2469-4746-a701-c0fc23436cc2
4750,train,https://glints.com/id/opportunities/jobs/daily-worker-central-kitchen/900bf023-84c6-4404-ac36-3f1184106935
4751,train,https://dealls.com/loker/noc-help-desk~ptinternet-mulia-untuk-negeri
4752,train,https://glints.com/id/opportunities/jobs/driver-logistik-b2-umum/af2027a3-3ecb-4ace-a238-6c0cb3d78529
4753,train,https://glints.com/id/opportunities/jobs/kasir/83c876e3-ef96-42ac-ad25-bd2bcfc68bf3
4754,train,https://glints.com/id/opportunities/jobs/customer-care-surakarta/8a2956f1-ff48-4e47-9843-2f49422cb8bd
4755,train,https://dealls.com/loker/data-process-padang~ptenseval-putera-megatrading-tbk
4756,train,https://glints.com/id/opportunities/jobs/staff-gudang/1802430a-b022-42b4-90a3-2bb414f1a6f1
4757,train,https://glints.com/id/opportunities/jobs/tenaga-produksi-tulungagung/c3cb664b-75ba-443c-ab39-d24aa9864a0c
4758,train,https://glints.com/id/opportunities/jobs/operator-produksi/5dd17417-b961-4df9-9f1f-4637ce31802a
4759,test,https://glints.com/id/opportunities/jobs/sales-toko-vape/318e71ab-222b-4382-a223-a5514770dc85
4760,train,https://glints.com/id/opportunities/jobs/operator-sewing/fd46426f-4a0c-4b9d-976d-c19011899ccd
4761,train,https://glints.com/id/opportunities/jobs/kurir-laundry/d2f646d6-8d8e-4a42-90ea-2d3c9121b2af
4762,test,https://glints.com/id/opportunities/jobs/editor/57ba2539-2605-4ddc-9d1e-b6d0dc721615
4763,train,https://glints.com/id/opportunities/jobs/customer-service/342b3344-89b4-4852-b45b-84b262e47bc7
4764,train,https://glints.com/id/opportunities/jobs/account-officer/f10a8eb6-0f0d-4b06-8b06-d3bc6070d362
4765,train,https://glints.com/id/opportunities/jobs/asisten-apoteker-apotek-fatimah-singgahan/56a27102-6cb7-47fd-8d35-32916e16e65c
4766,test,https://glints.com/id/opportunities/jobs/spv-produksi/b71b4128-c76c-46c5-b777-25ecd0d018cd
4767,train,https://glints.com/id/opportunities/jobs/unit-head/7ed91086-d9f6-4b6a-af7f-86747b588ea0
4768,train,https://glints.com/id/opportunities/jobs/staff-gudang/735b938a-c043-437a-9cec-3e5990e1cfce
4769,train,https://glints.com/id/opportunities/jobs/marketplace-spesialist/553f7f65-548f-42bb-8dfc-0d339810a7fa
4770,train,https://glints.com/id/opportunities/jobs/store-manager/136c9529-9055-452f-a9ec-2b9834ab1b26
4771,train,https://glints.com/id/opportunities/jobs/fashion-designer/5db0d923-eec4-4afb-bebb-e8111914b231
4772,train,https://glints.com/id/opportunities/jobs/kurir-motor-astro/bd1677d0-8d50-46e0-a876-36c27bec27d7
4773,train,https://glints.com/id/opportunities/jobs/beautician-nurse-dan-customer-service/ff97164d-aaed-4952-941e-8906b6742228
4774,train,https://glints.com/id/opportunities/jobs/digital-marketing-intern/ed7bbe56-b011-4f5d-a70e-42d32166754f
4775,validation,https://glints.com/id/opportunities/jobs/recruitment-specialist/c9f8f754-cb2b-4ac9-bd9f-1bfbf8572ffd
4776,train,https://glints.com/id/opportunities/jobs/live-streamer-host-part-time-magang/3045a22a-01ef-4dae-8cd5-957fc4fbb40b
4777,test,https://glints.com/id/opportunities/jobs/barista-part-time-mega-mall-bekasi/b5247c83-98f4-4055-8f83-ac835a7d394a
4778,train,https://glints.com/id/opportunities/jobs/sales-executive/12899ed5-2a7f-437f-affe-6f43dd11e95e
4779,test,https://glints.com/id/opportunities/jobs/senior-telemarketing-executive/83baa581-7b93-43bf-bb4d-382837281918
4780,train,https://glints.com/id/opportunities/jobs/content-creator/1feb475b-de75-4e5c-bd17-4a92f160129c
4781,train,https://glints.com/id/opportunities/jobs/general-manager-kawasan/d50b9fb9-c07d-4dd1-b164-5b379502a053
4782,train,https://glints.com/id/opportunities/jobs/pramuniaga/62f1f82e-1ae3-4330-b400-d056f63e59a4
4783,train,https://glints.com/id/opportunities/jobs/ahli-k3/6ae96fb1-5db4-4216-97ba-e9fbd5fbcc91
4784,train,https://glints.com/id/opportunities/jobs/project-supervisor/eb605ba3-042a-4ea0-b3db-3b11d833170c
4785,test,https://glints.com/id/opportunities/jobs/sales-representative/bfb23243-1c16-40df-ad19-6d180c446752
4786,train,https://glints.com/id/opportunities/jobs/guru-pendamping/01db07ee-5459-4035-8ccd-67c4421873a8
4787,train,https://glints.com/id/opportunities/jobs/store-supervisor/bbd3e58a-8371-45dc-b5d7-15814d932528
4788,train,https://glints.com/id/opportunities/jobs/admin-it/7700d44d-bfb9-46a3-97a6-b34aef163856
4789,validation,https://glints.com/id/opportunities/jobs/operator-produksi/a60b76d9-45c0-48d1-9e2e-bd016a0797b3
4790,train,https://glints.com/id/opportunities/jobs/operator-sewing/321cdad0-37e5-4936-a3be-5a2003352801
4791,train,https://glints.com/id/opportunities/jobs/staff-gudang-suku-cadang-motor-ahass-cab-pedurungan/729308eb-69ea-4f8e-b8ab-ce9378fafec7
4792,train,https://glints.com/id/opportunities/jobs/management-trainee-mt/2c5d103c-1f33-4e67-bb34-ca3e60c12ba2
4793,train,https://glints.com/id/opportunities/jobs/teknisi-jayapura/813934ed-2ceb-4d6b-a49e-ef0191aa12a8
4794,test,https://glints.com/id/opportunities/jobs/financial-advisor/39e32057-ce6d-4a77-9f79-98a2cc3d9fc7
4795,train,https://glints.com/id/opportunities/jobs/baker-helper/314cf6d0-2d0a-4c25-8d48-95ccc9576686
4796,train,https://glints.com/id/opportunities/jobs/marketing/21e08403-c2b2-4d91-95b1-742a2d8d72cf
4797,train,https://glints.com/id/opportunities/jobs/operator-produksi-mixing-cat/2c031521-78da-431f-a162-aaf5b7570b55
4798,train,https://glints.com/id/opportunities/jobs/account-executive/691f444d-d801-4398-8dfd-dd652907b3a4
4799,train,https://glints.com/id/opportunities/jobs/admin-delivery/b39084af-133e-4491-8248-707dbd9b53a1
4800,train,https://glints.com/id/opportunities/jobs/staff-administrasi-gudang/2f575c1f-4f7b-472b-8105-0fd6f7ae253e
4801,test,https://glints.com/id/opportunities/jobs/fotografer-indoor/b9282941-71e2-49a3-b283-284fb5a67047
4802,train,https://glints.com/id/opportunities/jobs/programmer-odoo/303aebc6-b1f4-4d22-acea-29f4e6110d54
4803,validation,https://glints.com/id/opportunities/jobs/assistant-baker/98f23f8b-55e9-4f66-a448-0faf5dc9e85d
4804,train,https://glints.com/id/opportunities/jobs/illustrator-pakaian-bayi-dan-anak/c3bef4bf-8cbc-40fb-a8e1-f5b5e2535179
4805,train,https://glints.com/id/opportunities/jobs/housekeeping-part-time/5badb992-0837-43d2-835f-60d045125af7
4806,train,https://glints.com/id/opportunities/jobs/satpam-sekolah/55c73ee4-033d-4b08-b302-bc5c72de5b1e
4807,train,https://glints.com/id/opportunities/jobs/staf-inventory-control/c5fa541a-7cfe-438a-b3fc-0d86863b6546
4808,test,https://glints.com/id/opportunities/jobs/quality-control-staff/c4119a5c-0ccc-4c88-aaaf-a46872e24044
4809,test,https://glints.com/id/opportunities/jobs/administrasi-rumah-sakit/c178cfe8-8131-4333-a96a-5497c614a412
4810,validation,https://glints.com/id/opportunities/jobs/fashion-designer/633aac76-a7dc-4dbe-bfe9-750281217005
4811,train,https://glints.com/id/opportunities/jobs/staff-warehouse/0cfd944e-3224-474f-8a8b-252c96c1b767
4812,train,https://glints.com/id/opportunities/jobs/commis/f907b62d-7f4b-40fe-b31e-44aafdef2f08
4813,validation,https://glints.com/id/opportunities/jobs/tea-barista/ed08cdad-3861-47d0-a92c-2d981a813246
4814,train,https://glints.com/id/opportunities/jobs/affiliate-specialist/9f1a094e-3ecd-4570-bcf9-824be7d90025
4815,train,https://glints.com/id/opportunities/jobs/staff-gudang/73aab79d-3601-490f-8ce3-a315d008bde6
4816,train,https://glints.com/id/opportunities/jobs/quality-assurance-tester/ef0be995-39bb-4052-8d3e-352470dd1560
4817,train,https://glints.com/id/opportunities/jobs/fotografer-fashion/5c8e283f-1da5-4413-866f-55e82f457d2a
4818,train,https://glints.com/id/opportunities/jobs/desk-collection/fe62dbc7-43d3-4296-82b3-c07fa8807d90
4819,train,https://glints.com/id/opportunities/jobs/hse-supervisor/a3bcc085-01b9-4237-91d2-85fe8ed66569
4820,train,https://glints.com/id/opportunities/jobs/pelatih-basket/979dec25-2c6e-4c5c-af36-0dfb5619b976
4821,validation,https://glints.com/id/opportunities/jobs/hr-recruitment/dcef8a0b-939f-4f6a-9ff9-0759f24e5eaf
4822,train,https://glints.com/id/opportunities/jobs/staf-produksi/188a88a1-7f62-4dd0-b77f-c279fcdfc264
4823,train,https://glints.com/id/opportunities/jobs/legal-executive/96113236-0374-41a9-b923-b24cf2a102f2
4824,train,https://glints.com/id/opportunities/jobs/manager-finance/d1ac92d9-0536-47f2-8e82-5e0956ff7cc5
4825,train,https://glints.com/id/opportunities/jobs/crew-outlet-batam/c64406bf-329c-48b7-8227-de5a1ad1a1d7
4826,train,https://glints.com/id/opportunities/jobs/staff-finance/e64c4990-0613-4bbe-b509-4643d9e91445
4827,train,https://glints.com/id/opportunities/jobs/kepala-gudang/1d863400-757b-4c51-a822-ed4c6917812a
4828,validation,https://glints.com/id/opportunities/jobs/quality-control/ae8fd6d9-32d2-4cf6-8bcf-70c1f18afa88
4829,test,https://glints.com/id/opportunities/jobs/account-executive/c37fbce4-6d3c-4e0b-a503-b192725cf0e2
4830,train,https://glints.com/id/opportunities/jobs/host-live-streaming/0af8518a-cc60-461b-a2fc-d19fff6f6abf
4831,train,https://glints.com/id/opportunities/jobs/pic-bandung/73c67c24-6367-4778-a66c-cd0cc0547d4a
4832,train,https://glints.com/id/opportunities/jobs/admin-finance/b7199a73-e909-44b9-9591-16c9db0d9548
4833,train,https://glints.com/id/opportunities/jobs/admin-surabaya-barat/e0650bfd-79a1-4562-b39a-c4a08803342a
4834,train,https://glints.com/id/opportunities/jobs/staff-pendataan/a875288f-6fdd-482a-b0a9-616c63c61a4c
4835,train,https://glints.com/id/opportunities/jobs/admin-operasional/3bf69910-70ec-48f9-babb-5fc9871f118c
4836,train,https://glints.com/id/opportunities/jobs/staff-admin-marketing/1bb630e1-32aa-4b93-84cf-202280840f94
4837,test,https://glints.com/id/opportunities/jobs/kuli-panggul/a04eadb0-e13b-4f4e-b334-2910c3d1aab7
4838,validation,https://glints.com/id/opportunities/jobs/server/e1d31a80-6643-4f60-bd09-c7c3e71e8b62
4839,train,https://glints.com/id/opportunities/jobs/account-executive-cbn-area-cilacap/ff953be9-d641-4af1-a671-326816f5a2aa
4840,test,https://glints.com/id/opportunities/jobs/kasir/dd6c5e73-3051-43df-8bef-0b65fa2a662b
4841,test,https://glints.com/id/opportunities/jobs/staff-admin-ticketing-smi/811f71a9-4f40-415d-abfc-a0420ed22eca
4842,train,https://glints.com/id/opportunities/jobs/tenaga-produksi/e84e021e-9538-4100-ac8d-0dd704bc8fcc
4843,train,https://glints.com/id/opportunities/jobs/sales-staff-advertising-and-tenancy/81e27098-02fd-4eb7-b1cc-8990ff55aba2
4844,train,https://glints.com/id/opportunities/jobs/admin-kasir-moi-kelapa-gading/31af053f-4c51-4c98-b7ec-9d6a1621c724
4845,train,https://glints.com/id/opportunities/jobs/staff-gudang/18bd3f58-bbb5-45c7-a8c8-2cef9c116777
4846,test,https://glints.com/id/opportunities/jobs/pramuniaga-toko/2ee8f6a1-8032-408c-a566-fdc0e83561c6
4847,validation,https://glints.com/id/opportunities/jobs/staff-produksi/d0bbf5ea-c460-4d79-bf01-a54cab860817
4848,test,https://glints.com/id/opportunities/jobs/office-boy-girl/f1a4072d-461d-43ad-99a3-b725d30ce300
4849,train,https://glints.com/id/opportunities/jobs/social-media-specialist/0a02bdfc-d46b-4959-aad4-a08b56db1dc6
4850,train,https://glints.com/id/opportunities/jobs/hr-administrasi/e41635e8-aba1-49fb-9818-61c283b1bc04
4851,train,https://glints.com/id/opportunities/jobs/content-creator/94781370-89d8-4bbf-999d-c33a2a470ad4
4852,train,https://glints.com/id/opportunities/jobs/sales-fragrance/e48b0fd9-2c14-43f5-bcff-de2f17bc5030
4853,test,https://glints.com/id/opportunities/jobs/admin-produksi/b41fac9b-5a41-460d-b126-e852cb7eaa1e
4854,test,https://glints.com/id/opportunities/jobs/hr-business-partner/fe563d70-5428-4b14-a33c-df36db87dfd9
4855,train,https://glints.com/id/opportunities/jobs/personal-trainer/61769ba1-066b-43ce-87db-f61138da6a8d
4856,test,https://glints.com/id/opportunities/jobs/operator-produksi/4f17a186-0c9f-4a89-86e7-64ef72716900
4857,train,https://glints.com/id/opportunities/jobs/admin-live/d9e0e91a-036b-4ed5-b4ae-f9ec95c70551
4858,train,https://glints.com/id/opportunities/jobs/salesman-mojokerto-gresik/d9111a7d-1760-404c-a8c4-660615e37958
4859,test,https://glints.com/id/opportunities/jobs/administrasi-operasional/a4fd1f43-e680-4709-bde5-7584b9d88534
4860,validation,https://glints.com/id/opportunities/jobs/customer-service/e69486db-c14b-469f-9f08-08a3f8a3ea1e
4861,validation,https://glints.com/id/opportunities/jobs/customer-service/e5ec01cc-38bd-485d-aec2-d841a871bda0
4862,train,https://glints.com/id/opportunities/jobs/fitter/8569feff-892c-4a94-87c2-8e42a9fb324f
4863,train,https://glints.com/id/opportunities/jobs/helper-produksi-garment/04e10e98-a7ba-456a-b434-3a34731d53da
4864,train,https://glints.com/id/opportunities/jobs/teknisi-elektrik/301f5975-38c9-436c-8dff-ff3b0372d093
4865,train,https://glints.com/id/opportunities/jobs/guru-bimbel-mandarin-part-time/f5bd936d-1e2e-419a-b6a5-fd32698ae4d0
4866,train,https://glints.com/id/opportunities/jobs/greeter/2a8789f7-99f2-4e28-883c-38fc2f536134
4867,train,https://glints.com/id/opportunities/jobs/content-creator/4c834256-317b-4500-8cd9-13f139f27bc4
4868,train,https://glints.com/id/opportunities/jobs/guru-bimbingan-konseling/777999a8-af48-4e75-ae79-3980a9040d03
4869,train,https://glints.com/id/opportunities/jobs/sales-project/566363ac-c981-42c8-8d0b-3160bc22a543
4870,train,https://glints.com/id/opportunities/jobs/digital-marketing-specialist/0a9a9fed-ba27-4a4a-9680-9f8ba7529abf
4871,train,https://glints.com/id/opportunities/jobs/marketing/c8dab169-69ed-427d-8a7b-357c9af2235a
4872,train,https://glints.com/id/opportunities/jobs/receptionist/07b2b3e3-4701-4ab0-a330-b845ee1525e6
4873,train,https://glints.com/id/opportunities/jobs/site-manager/fa04fce8-dd36-48d8-aada-f4e8fb85973d
4874,train,https://glints.com/id/opportunities/jobs/yard-and-building-staff/25b22609-d3ea-4452-973f-0b992c1745f1
4875,train,https://glints.com/id/opportunities/jobs/senior-cook/632c1d3a-299a-4dec-a9e3-bbb37df1ad9f
4876,train,https://glints.com/id/opportunities/jobs/host-live-streaming/6c7158a2-fcf8-4cf0-8205-ce5a37e6cc95
4877,test,https://glints.com/id/opportunities/jobs/sales-promotor/0c840dee-71c9-4dc4-9584-46610cb460d0
4878,train,https://glints.com/id/opportunities/jobs/admin/a63d1b6b-276a-402b-8b80-ffe9d872f473
4879,train,https://glints.com/id/opportunities/jobs/customer-service/d8280bbf-e995-45bd-bc1d-767535e00456
4880,train,https://glints.com/id/opportunities/jobs/serabutan-packing/75e72fcb-0a2c-4090-a5cd-b25dff05e8ae
4881,test,https://glints.com/id/opportunities/jobs/sales-promotor/9a69937e-67a3-4b27-ad4e-0a6fea0a0466
4882,train,https://glints.com/id/opportunities/jobs/sales/ec2f9747-1e12-4d3a-ace4-0942b1035256
4883,train,https://glints.com/id/opportunities/jobs/spv-store/7f11a67d-37e9-4fa1-8c8c-8be3bc86e40b
4884,train,https://glints.com/id/opportunities/jobs/sales-promotion-girl/1cc16dc3-9296-4b22-93a5-a41197b81ac3
4885,train,https://glints.com/id/opportunities/jobs/product-manager/a85b8a08-ce26-4e99-828e-652ee9ff7625
4886,test,https://glints.com/id/opportunities/jobs/customer-service/f0241dba-f14c-4659-a6bb-6515da1be6dd
4887,train,https://glints.com/id/opportunities/jobs/data-analyst/87bfe8ff-86d6-41f0-a1c4-1730d92424fc
4888,train,https://glints.com/id/opportunities/jobs/musyrifah-ustadzah/40ead6b1-b4e7-456c-a425-ec7ef6eaa7ef
4889,train,https://glints.com/id/opportunities/jobs/sales/4ea014d0-5ce4-421c-b398-17dff6ee114a
4890,validation,https://glints.com/id/opportunities/jobs/desain-grafis/7d45ac19-45ce-48a0-b0a5-2df9698d79f1
4891,train,https://glints.com/id/opportunities/jobs/teknisi-mesin/00348db2-403f-4a54-86e0-89bc09fcfc32
4892,train,https://glints.com/id/opportunities/jobs/admin-gudang/9dec3e47-9ace-43ec-8e44-4b88da904d74
4893,train,https://glints.com/id/opportunities/jobs/e-commerce-marketplace-coordinator/3b72c758-24ac-48e4-91c0-a2b092cc650c
4894,train,https://glints.com/id/opportunities/jobs/staff-admin-jogja/a07a2dd7-ae8f-4e32-b189-0389b6f82a55
4895,train,https://glints.com/id/opportunities/jobs/operator-mesin-produksi/b066199e-7987-4a16-bcca-7cc8b5a1568e
4896,train,https://glints.com/id/opportunities/jobs/field-collection/17efe087-0b9a-4dee-aac7-a3313d2465b3
4897,train,https://glints.com/id/opportunities/jobs/hrd-and-ga/33d672bf-ea2d-457f-b4a9-048d8dd167ff
4898,train,https://glints.com/id/opportunities/jobs/staff-procurement/56e4cd16-fa50-4a0c-be42-e0531e1717b8
4899,train,https://glints.com/id/opportunities/jobs/apoteker/3dc573d0-c1b9-4d86-9b6a-935624f9faf0
4900,train,https://glints.com/id/opportunities/jobs/general-admin/42dcec3c-17d1-4f1b-9690-8e2e643b0648
4901,train,https://glints.com/id/opportunities/jobs/digital-marketing/f336a58a-8a44-4adf-a01a-e5dbac4f3f1e
4902,train,https://glints.com/id/opportunities/jobs/ahli-gizi/86125aa5-3a09-44a6-a767-2a6dd368076d
4903,train,https://glints.com/id/opportunities/jobs/pengajar-bahasa-jepang/aa02d974-0996-495b-9e2d-90a967a35914
4904,train,https://glints.com/id/opportunities/jobs/finance-staff/8fa7962f-65df-47f2-a819-571a70c1c1f6
4905,train,https://glints.com/id/opportunities/jobs/customer-service-weekend-minggu/a01bb477-a9f7-41aa-a7bf-fbd988165cfd
4906,train,https://glints.com/id/opportunities/jobs/technical-support/9790f02c-20af-4d37-860d-ba0a85f08403
4907,train,https://glints.com/id/opportunities/jobs/admin/9d111863-17e7-4eb8-b3ab-7c7c9f4c55a5
4908,train,https://glints.com/id/opportunities/jobs/translator-mandarin-indonesia/12d92f7e-fb09-467e-83dd-96dd96eccfd9
4909,train,https://glints.com/id/opportunities/jobs/administrasi-data-entry/0d690c95-3836-43c0-aeb7-4158508d2b87
4910,train,https://glints.com/id/opportunities/jobs/receptionist-kolam-renang/6eefca8c-3d07-4b0d-8db8-8c71e4e670d1
4911,test,https://glints.com/id/opportunities/jobs/batching-plant-operator/bc3db878-ca47-4fc8-b911-5b95ee62057c
4912,validation,https://glints.com/id/opportunities/jobs/product-design/89a74569-cc23-412d-99df-b6111c2691f2
4913,validation,https://glints.com/id/opportunities/jobs/service-advisor/cb0cac8f-4d87-47b7-954f-1f9820579b9d
4914,train,https://glints.com/id/opportunities/jobs/kol-specialist/cfe5962a-1ba8-46ca-b881-369c3ad690c2
4915,train,https://glints.com/id/opportunities/jobs/staff-administrasi/cf0b68ee-002c-4412-80c3-35000c407f59
4916,test,https://glints.com/id/opportunities/jobs/relationship-officer/4c46fe52-5a83-48e3-81ae-26675baeb105
4917,test,https://glints.com/id/opportunities/jobs/hr-admin-project/ab2455dd-dc06-4fe1-8e62-4ef6ef129a9c
4918,train,https://glints.com/id/opportunities/jobs/sales-horeka-es-krim-and-es-lilin-njonja-besar-ungaran-dan-semarang/9f2d1ec6-c797-41fa-b2a8-a23eb370e4c9
4919,test,https://glints.com/id/opportunities/jobs/customer-service/89dee0dc-484e-40fb-92e7-482eda2be9d3
4920,test,https://glints.com/id/opportunities/jobs/content-creator/13d4cbe6-a0cf-4c55-b1bb-3822ea09501c
4921,train,https://glints.com/id/opportunities/jobs/marketing-executive/1bba66f3-b3e0-45bc-a408-59ec05c4d11f
4922,train,https://dealls.com/loker/tiktok-strategist-at-argavell~bpconsultinggroup
4923,train,https://glints.com/id/opportunities/jobs/host-chatting/e9fea6a7-8521-4ee4-9505-e0de1c44f6aa
4924,train,https://glints.com/id/opportunities/jobs/customer-service/c34b0059-d65e-4b77-a209-e6e65af45105
4925,train,https://glints.com/id/opportunities/jobs/konsultan-kesehatan/c0f784aa-d4f4-4615-9804-952ccb548ac0
4926,train,https://glints.com/id/opportunities/jobs/manager-cafe/478dbb83-2026-4d10-88af-4f4ff36e0381
4927,train,https://glints.com/id/opportunities/jobs/admin-gudang/816980e5-d0aa-45b1-a269-4cd1fd5e4ee9
4928,train,https://dealls.com/loker/medical-representative-kediri~dexa-group
4929,test,https://glints.com/id/opportunities/jobs/staff-administrasi/539faeea-2273-48ff-af87-f0c1dd6a667b
4930,train,https://glints.com/id/opportunities/jobs/staff-gudang/5c0b03bd-07f8-4863-9893-f961046b9a85
4931,test,https://glints.com/id/opportunities/jobs/sales-engineer/0b2f46c8-4d36-4218-9540-40ffc8536a23
4932,train,https://glints.com/id/opportunities/jobs/crew-store-lapis-bogor-sangkuriang/e52d3c0b-da62-4dd4-aa11-097a561db91a
4933,train,https://dealls.com/loker/database-developer-1~pt-trisula-export-indonesia
4934,validation,https://dealls.com/loker/financial-advisor-5~pt-sinergi-eka-sejahtera
4935,test,https://glints.com/id/opportunities/jobs/admin-sosial-media/baaf3abe-6cf6-47d8-a92b-e9db0296b83f
4936,train,https://dealls.com/loker/officer-development-program-auditor-jabodetabek~bank-btn
4937,validation,https://glints.com/id/opportunities/jobs/admin-media-sosialpandaan/101739a5-2647-4770-ada6-7209704f0c38
4938,train,https://glints.com/id/opportunities/jobs/security/edf4d638-d53c-497c-bba2-8d36b14d128c
4939,train,https://dealls.com/loker/engineering-mechanical-and-electrical~universitas-ciputra-surabaya
4940,train,https://glints.com/id/opportunities/jobs/sales-consultant/8c8a232d-227c-490d-a52a-5f1bab4afd7a
4941,train,https://glints.com/id/opportunities/jobs/purchasing-staff/d96c257b-d5ac-42d4-ba25-67dd8bc3494b
4942,train,https://glints.com/id/opportunities/jobs/program-management-trainee/0dc454af-d8b1-4675-b962-d0e7c9e89dd8
4943,train,https://glints.com/id/opportunities/jobs/staff-event/58cafd59-aac9-4f6c-a055-69b832b13113
4944,train,https://glints.com/id/opportunities/jobs/sales-partner/e448dd7a-7199-452a-a772-21ff0b1f21ce
4945,train,https://glints.com/id/opportunities/jobs/customer-service-marketplace/9bc0f589-5b1a-43d7-b4bb-698838f9b2a9
4946,train,https://glints.com/id/opportunities/jobs/management-trainee/7a669e70-51f4-4599-bc2c-951eef4c9d8e
4947,train,https://glints.com/id/opportunities/jobs/performance-marketing/e86379f2-b045-4829-b736-6547caaf6099
4948,train,https://dealls.com/loker/entry-data-45~pt-bukindo-jaya-garment
4949,train,https://glints.com/id/opportunities/jobs/hr-officer/5bfe0e8c-7a05-49c1-8517-ded1080f0bce
4950,train,https://glints.com/id/opportunities/jobs/desainer-interior/1772c83a-24ed-4025-8907-e0ae0dc2db56
4951,validation,https://glints.com/id/opportunities/jobs/crew-store/595c444a-25ee-4ef7-a869-b1844a35040e
4952,train,https://glints.com/id/opportunities/jobs/admin-sales/4d2d7c6f-e946-4a0d-82ba-1e4913b8d73b
4953,validation,https://dealls.com/loker/head-of-production-for-bigcon~bpconsultinggroup
4954,validation,https://dealls.com/loker/marketing-and-sales-manager-for~bpconsultinggroup
4955,train,https://glints.com/id/opportunities/jobs/frontliner/64c122f0-c24d-4bfe-93e7-a1b6df2ac2da
4956,train,https://glints.com/id/opportunities/jobs/staff-finance/8b2829b0-5baa-4cce-9a7e-35f2df9a74cc
4957,train,https://glints.com/id/opportunities/jobs/staff-gudang/3e60d24f-96aa-4cc5-a1d1-0cafe30a262e
4958,test,https://dealls.com/loker/content-creator-for-eona~bpconsultinggroup
4959,train,https://glints.com/id/opportunities/jobs/scaffolder/412e74c3-a339-4b96-bfef-9566923779f8
4960,train,https://glints.com/id/opportunities/jobs/mekanik/bac8ff15-2762-415c-bced-fcf5be46958c
4961,train,https://glints.com/id/opportunities/jobs/property-agent/02a932b1-ca1a-419c-9638-6362a58fc319
4962,train,https://glints.com/id/opportunities/jobs/production-section-head-manufacturing/46295893-930e-4934-bef4-96f0540686c3
4963,train,https://glints.com/id/opportunities/jobs/supervisor-operasional/b420d56b-91c1-4ed1-b3f4-5bdaafd2bfd3
4964,test,https://glints.com/id/opportunities/jobs/crew-outlet-stasiun-rangkasbitung/25dd2aba-4a0f-41da-bb7d-3d3628fe418b
4965,validation,https://glints.com/id/opportunities/jobs/account-executive/839796c4-6cb3-4b03-854d-0db89d6be42e
4966,test,https://glints.com/id/opportunities/jobs/general-affair-staff/17d41156-8f44-4dcc-9e87-af93455d1d37
4967,train,https://glints.com/id/opportunities/jobs/desk-collection/c6c8daff-ea6c-4ff0-9f37-143dd9ab78ff
4968,train,https://glints.com/id/opportunities/jobs/host-live-streaming-aplikasi-momo-live-batch-2/6d78997f-4315-40b6-90c6-9d2fc6a33df5
4969,validation,https://glints.com/id/opportunities/jobs/crew-caffe/6cf1621d-ac1e-47e7-8ee3-1fdf335c7123
4970,train,https://glints.com/id/opportunities/jobs/teknisi-cctv/9410ee9d-672e-4e1a-89b6-f43ca7260c88
4971,train,https://glints.com/id/opportunities/jobs/quality-controller/3b93bc83-5fcd-48e8-bb26-53a866043db4
4972,train,https://glints.com/id/opportunities/jobs/guru-kelas/a75e6c93-afec-4648-8dce-db808cdfde64
4973,train,https://dealls.com/loker/creative-design-internship~adira-finance
4974,train,https://glints.com/id/opportunities/jobs/drafter-engineering/d99b4ae6-7e29-4940-a448-b15edfccb96f
4975,train,https://dealls.com/loker/hrga-staff-2~hang-tuah
4976,train,https://glints.com/id/opportunities/jobs/delivery-service-manager/cae71a25-1714-40b1-abe6-1c5554b1ac99
4977,train,https://dealls.com/loker/quality-improvement-specialist-qa~universitas-ciputra-surabaya
4978,test,https://glints.com/id/opportunities/jobs/penjaga-lansia-penempatan-di-malaysia/a604f5eb-3236-4a62-81de-de7c617198b1
4979,train,https://glints.com/id/opportunities/jobs/content-creator/45bf0ed8-b830-420c-9bdb-3ba7b2287097
4980,train,https://glints.com/id/opportunities/jobs/graphic-designer/b6321392-90ee-4e91-a2dd-588738f21f88
4981,test,https://glints.com/id/opportunities/jobs/product-specialist/f3730535-03d2-4f74-9c77-ae78dea8fbea
4982,validation,https://dealls.com/loker/accounting-admin-intern~brik
4983,train,https://dealls.com/loker/credit-marketing-officer-new-car~bank-shinhan-indonesia
4984,train,https://dealls.com/loker/sales-executive-107~pt-jaya-mulia-permata
4985,train,https://dealls.com/loker/guru-olimpiade-ruangguru-lampung~ruangguru
4986,test,https://dealls.com/loker/visual-designer-3~pt-fcl-internasional-indonesia
4987,validation,https://glints.com/id/opportunities/jobs/admin-site/082dc330-391d-4c49-a04e-bbb7a5af7b32
4988,test,https://glints.com/id/opportunities/jobs/driver/53f5b2d7-695d-4d95-a668-deaf947c7fa7
4989,validation,https://glints.com/id/opportunities/jobs/staff-analis-laboratorium/bc8896f3-565f-4aba-a721-65f456e30c01
4990,train,https://glints.com/id/opportunities/jobs/asisten-direktur/14a05fce-c467-4b1a-832d-b5fc399c9b7b
4991,train,https://dealls.com/loker/business-relationship-officer-bro-jakarta~bfifinance-indonesia
4992,test,https://glints.com/id/opportunities/jobs/admin-maintenance/5c9fe942-57e1-4b6c-9ea9-77acd6d828f6
4993,train,https://dealls.com/loker/business-development-growth-and-acquisition-1~pt-bank-digital-bca-bca
4994,train,https://glints.com/id/opportunities/jobs/customer-service/8e5d65ef-2fed-4476-b6c2-6665fcdc8c96
4995,train,https://dealls.com/loker/female-personal-trainer-surabaya-2~fit-hub
4996,train,https://glints.com/id/opportunities/jobs/sales-kanvas/b89b8026-ecaa-441a-a2a0-4d6a241ef3f0
4997,train,https://glints.com/id/opportunities/jobs/project-manager/3698b155-7f00-4efd-8e15-6c69d146fc7b
4998,test,https://dealls.com/loker/sales-trainee-academy-cikarang-cifest-1~ruangguru
4999,test,https://glints.com/id/opportunities/jobs/staff-administrasi/dde7776b-c3cb-48be-b25d-3fca0a146c24
5000,test,https://glints.com/id/opportunities/jobs/desk-collection/5902805c-2ee0-4df3-9d30-3d3a948c3ed0
5001,train,https://dealls.com/loker/cashier-event~sirclo
5002,train,https://glints.com/id/opportunities/jobs/marketplace-operations/2e8a8694-53ed-4e08-be63-7b673ceb1127
5003,train,https://glints.com/id/opportunities/jobs/compliance-staff-garment/f182a9c5-cf45-4ad0-b550-8ede16eea892
5004,train,https://glints.com/id/opportunities/jobs/admin/c401ce49-7747-4bd5-a4b6-c9394fe092fd
5005,train,https://dealls.com/loker/back-end-developer-26~pt-gdc-multi-sarana
5006,train,https://glints.com/id/opportunities/jobs/admin-purchasing/dd350cd7-2aeb-4f83-82d2-b8bbc29a821a
5007,train,https://glints.com/id/opportunities/jobs/area-sales-manager/f8c1df42-358a-4c39-be1a-56c4e4f0f985
5008,test,https://dealls.com/loker/ecommerce-business-operational-officer~anteraja
5009,validation,https://glints.com/id/opportunities/jobs/cost-and-inventory-control-staff/ad3776b4-c572-4b0c-af41-8fce95fcba3c
5010,test,https://glints.com/id/opportunities/jobs/kepala-gudang-warehouse-manager-head-warehouse/6245afdd-9573-4c6c-a934-6332f8468ba0
5011,validation,https://glints.com/id/opportunities/jobs/kasir/0fd9fbb8-ca0e-457d-bf32-0cb32986c410
5012,train,https://glints.com/id/opportunities/jobs/karyawan-apotek/9839d3d7-d1ac-4052-ad32-108e9bc6f806
5013,train,https://dealls.com/loker/spg-sales-promotion-girl~pt-bumame-cahaya-medika
5014,test,https://glints.com/id/opportunities/jobs/sales-and-marketing/a6d9c1be-924c-4ac8-9c6b-5a3cfedec72a
5015,test,https://glints.com/id/opportunities/jobs/tutor-bimba-and-playgroup/bc29e8cc-c2cd-4bf8-9b0a-e04909af6dc6
5016,validation,https://glints.com/id/opportunities/jobs/outlet-manager/27647edc-65b7-4ec6-959f-a6d2b5aada44
5017,train,https://glints.com/id/opportunities/jobs/guru-mandarin/24d7dd36-fb63-42c0-9a9f-da41150d8a51
5018,train,https://glints.com/id/opportunities/jobs/bakery-assistant-staff-bakery/5110cb9a-4b3d-40d6-8608-b6dcacd44b22
5019,validation,https://glints.com/id/opportunities/jobs/floor-crew/204e78e0-ad2c-4153-b441-66c5f1334381
5020,validation,https://dealls.com/loker/instructional-designer-pt-netpolitan-wfo~netpolitan
5021,train,https://glints.com/id/opportunities/jobs/operator-cctv/48a62370-3136-492c-8d5d-0cf4aec1841f
5022,train,https://dealls.com/loker/operation-cost~pt-cs2-pola-sehat
5023,train,https://glints.com/id/opportunities/jobs/staff-packing-gudang/ef3c571c-1353-4166-a09a-ba84312072d1
5024,train,https://glints.com/id/opportunities/jobs/worker-staff-pengantaran/5c1775b3-8b40-4d21-9fcd-bbf3770e9783
5025,train,https://dealls.com/loker/warehouse-leader-surabaya~anteraja
5026,validation,https://glints.com/id/opportunities/jobs/content-creator/46b8d01e-3df8-4389-b298-45dbf2ba8646
5027,train,https://glints.com/id/opportunities/jobs/operator-spbu-cimahi/5f483c02-49be-4166-b95a-44ead298253b
5028,train,https://dealls.com/loker/wtp-operator-pekalongan~pou-chen-group-indonesia
5029,train,https://dealls.com/loker/wwtp-operator-pekalongan~pou-chen-group-indonesia
5030,train,https://glints.com/id/opportunities/jobs/staff-gudang-packing/1e40e169-5d84-4cae-95d2-062e36791af0
5031,train,https://dealls.com/loker/lowongan-supervisor-gondola-dan-taman~tpm-group-1
5032,test,https://glints.com/id/opportunities/jobs/customer-service-kokuo-reflexology/efd7f840-5af8-495d-bb6b-508c96b62df9
5033,train,https://dealls.com/loker/quality-control-analyst~fandb-indonesia
5034,train,https://dealls.com/loker/creative-and-visual-strategist~kronikel
5035,test,https://glints.com/id/opportunities/jobs/admin-produksi/219c4ff1-2ca6-4476-9061-5522e002f6a2
5036,train,https://glints.com/id/opportunities/jobs/customer-service-grapari-jabodetabek-all-area/077398b1-77a9-4110-a3b3-aa3c9d0db24e
5037,train,https://glints.com/id/opportunities/jobs/pekerja-harian-lepas/994fc3cb-5d31-4d17-ba8b-440838a2c608
5038,train,https://glints.com/id/opportunities/jobs/master-control-room-mcr/6b97005a-e993-4c09-8b00-1fc4d93e36c0
5039,train,https://glints.com/id/opportunities/jobs/customer-service/91e117c9-3408-42b4-9767-9f4eef3aac40
5040,train,https://dealls.com/loker/sales-consultant-bmw-sales-operation~astra-international
5041,test,https://dealls.com/loker/foreman-ga-and-security-staff~astra-international
5042,train,https://dealls.com/loker/staf-lsp~iblam-school-of-law
5043,train,https://glints.com/id/opportunities/jobs/supervisor-marketing-sepeda-motor-honda/d516a00c-bdc3-4986-a8b2-d5e2444bc517
5044,test,https://dealls.com/loker/operation-spv~pt-ace-wija-internasional
5045,validation,https://glints.com/id/opportunities/jobs/waiter-waitress/2539c1ba-412d-47cd-a334-e3ca56d3080c
5046,train,https://dealls.com/loker/team-leader-warehouse~pt-likuid-megah-semesta-liquid8
5047,train,https://glints.com/id/opportunities/jobs/cook-helper-batu-malang/36d025c3-2a9c-43a3-a9f4-bd960bb4329c
5048,train,https://glints.com/id/opportunities/jobs/admin/242d6020-c401-4837-af88-d5272e0701d6
5049,train,https://dealls.com/loker/hr-intern-9~pt-cs2-pola-sehat
5050,train,https://glints.com/id/opportunities/jobs/admin-staff/69605cea-b621-4efb-a3d1-4453d929701e
5051,test,https://glints.com/id/opportunities/jobs/desk-collection-semarang/ae026135-19a2-4714-9605-962986e143a8
5052,train,https://glints.com/id/opportunities/jobs/staff-admin/357389f7-923d-4b1f-b431-471d96810180
5053,test,https://glints.com/id/opportunities/jobs/spv-produksi/938bacff-1b1a-4298-811f-a201e0ac5c33
5054,train,https://glints.com/id/opportunities/jobs/admin-engineering/72768126-421f-44f3-82c8-bd3aaab25a7d
5055,train,https://glints.com/id/opportunities/jobs/customer-service/a25c88cf-9099-4e71-a061-2df8e82bea18
5056,validation,https://glints.com/id/opportunities/jobs/host-aplikasi-live-cewek-only/f4505c87-d0e6-4928-b7c1-39beb4718c54
5057,train,https://dealls.com/loker/operations-lead-toko-cat-1-1~brik
5058,test,https://glints.com/id/opportunities/jobs/tenaga-kerja-pada-ketinggian-tpkp/2397f2a8-2b47-4b6e-8ba8-44ee5a69f336
5059,train,https://glints.com/id/opportunities/jobs/produser-talent-coordinator/97947ad9-182f-4017-90eb-892bfbcfdbc7
5060,train,https://glints.com/id/opportunities/jobs/general-hr-manager/3312f370-3001-4bf0-90a4-9ec26a014935
5061,train,https://glints.com/id/opportunities/jobs/marine-purchasing-tug-and-barge-pelayaran-kapal-tongkang/5956a356-4c24-4963-ab82-72dca86150fe
5062,train,https://glints.com/id/opportunities/jobs/wedding-organizer/b180dfb1-f832-4a77-aac8-e93bacdabac5
5063,train,https://glints.com/id/opportunities/jobs/customer-service-xl-axiata/c73bf913-8290-4d07-a60b-237eb91d772f
5064,train,https://glints.com/id/opportunities/jobs/desk-collection/cd198dff-f282-4fc0-95a2-c9bea16b159e
5065,validation,https://dealls.com/loker/head-of-warehouse-1~cv-atala-global-indonesia
5066,train,https://dealls.com/loker/script-writer-content~beauty-of-angel
5067,train,https://glints.com/id/opportunities/jobs/sales-executive-property/a192fa6b-d378-4e1d-a3af-1090e502cb5b
5068,train,https://dealls.com/loker/unit-production-management-staff~united-creative
5069,train,https://dealls.com/loker/risk-mis-officer~adira-finance
5070,validation,https://glints.com/id/opportunities/jobs/telemarketing/3a724588-5b11-4541-9abc-fe4d8a90240c
5071,train,https://glints.com/id/opportunities/jobs/bagian-umum/e4915af6-eff6-4737-9cd6-70be03be44cb
5072,validation,https://glints.com/id/opportunities/jobs/purchasing-staff/cd5c9015-6ff2-4b31-ae5e-f6e413eef746
5073,train,https://glints.com/id/opportunities/jobs/social-media-and-content-marketing/0d6a8ef3-85a0-4e26-ac9c-e74c135bb8fa
5074,train,https://glints.com/id/opportunities/jobs/asisten-kepala-toko/b492b1cf-0ec8-4267-9cfe-03601cd88666
5075,train,https://glints.com/id/opportunities/jobs/guru-pai-dan-bahasa-arab/3bb3e7b9-a786-4bbb-8049-0ef3548406e5
5076,train,https://dealls.com/loker/maintenance-staff-jabodetabek-1~fit-hub
5077,train,https://glints.com/id/opportunities/jobs/operator-spbu/05da83ad-1680-4fef-9239-776feb6fe1c7
5078,train,https://glints.com/id/opportunities/jobs/supir-lintas/d79425e4-a7cd-43ca-842a-d93e43af314f
5079,train,https://glints.com/id/opportunities/jobs/staff-gudang/96c6e631-a5ef-4bb4-81b5-12d84ec031d5
5080,train,https://dealls.com/loker/life-planner-marketing-asuransi~chubb-life
5081,train,https://glints.com/id/opportunities/jobs/marketing/fe3b9ab8-c646-46e5-9d22-3c0c03c6f60a
5082,validation,https://glints.com/id/opportunities/jobs/tenaga-kupas-udang/d5305870-148e-4724-b3a3-abdd4ec36b25
5083,train,https://glints.com/id/opportunities/jobs/staff-gudang/bdf032ab-b918-4927-8c69-268fb06ba709
5084,train,https://glints.com/id/opportunities/jobs/jualan-cireng-isi/2847813f-7d90-4492-b875-21a465ee1e43
5085,train,https://glints.com/id/opportunities/jobs/quality-control-lapangan/d999093b-098f-46ec-b223-3a1faa0858de
5086,train,https://glints.com/id/opportunities/jobs/housekeeping-coordinator/17c69e56-1333-442f-b19f-ce8b31dfb075
5087,test,https://glints.com/id/opportunities/jobs/helper-gudang/e5608494-ba3f-449e-a760-5eca8d844b21
5088,train,https://dealls.com/loker/it-support-staff-1~pt-leon-boga-sentosa
5089,train,https://dealls.com/loker/field-officer-fo-program-zerostunting~edufarmers-international
5090,train,https://glints.com/id/opportunities/jobs/customer-service-edulab-gresik/3280a170-ada0-4b87-aae4-c44099d36c73
5091,validation,https://glints.com/id/opportunities/jobs/agen-asuransi-tlro-ende/1e0fc0c6-29ac-45a2-a4d4-4054178ec9e4
5092,train,https://dealls.com/loker/research-and-development-section-head~akebono-brake-astra-indonesia
5093,train,https://glints.com/id/opportunities/jobs/bakery/ee1368f4-de1d-4271-a50b-55dae6a49946
5094,train,https://glints.com/id/opportunities/jobs/office-girl/1fbb8c07-7138-45f6-96db-4b32ea330b94
5095,train,https://glints.com/id/opportunities/jobs/sales/f9fefad2-1806-4154-ad95-8313f6f750b9
5096,test,https://glints.com/id/opportunities/jobs/restaurant-outlet-manager/994c74f6-6828-4845-b536-3fb623545b7f
5097,test,https://glints.com/id/opportunities/jobs/pic-marketing/f0e979c2-4050-4089-aebe-8654d32ef982
5098,validation,https://glints.com/id/opportunities/jobs/assistant-head-store/d631fce9-70cb-4ad2-8baa-0ef2fc78abeb
5099,train,https://dealls.com/loker/purchasing-administrator~fandb-indonesia
5100,train,https://dealls.com/loker/network-security-officer~bank-mandiri-taspen-1
5101,train,https://glints.com/id/opportunities/jobs/maintenance-technician/7359c6f4-dcc9-4771-88cf-a01d364f3cec
5102,train,https://glints.com/id/opportunities/jobs/admin-sales/af0d980c-8d1b-4cb5-badc-0fba4364ad50
5103,train,https://dealls.com/loker/product-development-staff-4~pt-natura-pesona-mandiri
5104,train,https://glints.com/id/opportunities/jobs/teknisi-maintenance-pdi/2a024e30-99c7-48d9-966b-e180f400d527
5105,train,https://glints.com/id/opportunities/jobs/system-analyst/707aa54d-1c13-4536-b353-93d4d3d46a5e
5106,train,https://glints.com/id/opportunities/jobs/tukang-aluminium/029433fc-06b6-4b9a-801d-4b5cbe6622c8
5107,validation,https://glints.com/id/opportunities/jobs/personal-assistant/2740eb7d-5d1f-41e1-a024-0651ecd65988
5108,train,https://glints.com/id/opportunities/jobs/supervisor-warehouse-and-logistic/8fdb29b4-4c71-4fe6-b2f2-3c2e13979a38
5109,train,https://glints.com/id/opportunities/jobs/general-manager-general-affair/af45b601-e276-41f9-abb2-86e0fb916ab8
5110,train,https://glints.com/id/opportunities/jobs/admin-fakturis/65e472b7-8607-4e8c-a0b5-3c6029f27bac
5111,train,https://glints.com/id/opportunities/jobs/district-manager/252c160d-76ea-464c-a587-826835a09cf5
5112,train,https://glints.com/id/opportunities/jobs/staff-goreng-domisili-bali/08e9db43-d926-401d-98a6-28f6270b48fc
5113,validation,https://glints.com/id/opportunities/jobs/staff-administrasi-umum/89955189-7fe9-4cd3-a61d-70210682bc54
5114,train,https://glints.com/id/opportunities/jobs/product-material-control/1a7a0dae-462b-4a7c-ad64-b185ee261b95
5115,train,https://glints.com/id/opportunities/jobs/hrga-manager/e8e52da9-8429-43ef-a792-87c739e9279b
5116,train,https://dealls.com/loker/supervisor-digital-marketing-and-sales~pt-kira-kreasi-warna-indonesia
5117,validation,https://dealls.com/loker/customer-service-pik-2-1~fit-hub
5118,test,https://dealls.com/loker/sales-corporate-b2b-1~pt-qtera-mandiri
5119,train,https://dealls.com/loker/internship-backend-programmer-golang~pt-qtera-mandiri
5120,train,https://glints.com/id/opportunities/jobs/hrga-staff/b86340d1-72ef-4ff4-b5ea-1ff1c287ef72
5121,train,https://dealls.com/loker/account-executive-89~pt-cs2-pola-sehat
